# Blender 5.1.0
# www.blender.org
o Cylinder
v 0.017454 -0.689281 -0.177210
v 0.051690 -0.689281 -0.170400
v 0.083940 -0.689281 -0.157041
v 0.112965 -0.689281 -0.137648
v 0.137648 -0.689281 -0.112965
v 0.157041 -0.689281 -0.083940
v 0.170400 -0.689281 -0.051690
v 0.177210 -0.689281 -0.017454
v 0.177210 -0.689281 0.017454
v 0.170400 -0.689281 0.051690
v 0.157041 -0.689281 0.083940
v 0.137648 -0.689281 0.112965
v 0.112965 -0.689281 0.137648
v 0.083940 -0.689281 0.157042
v 0.051690 -0.689281 0.170400
v 0.017454 -0.689281 0.177210
v -0.017454 -0.689281 0.177210
v -0.051690 -0.689281 0.170400
v -0.083941 -0.689281 0.157041
v -0.112965 -0.689281 0.137648
v -0.137648 -0.689281 0.112965
v -0.157042 -0.689281 0.083940
v -0.170400 -0.689281 0.051690
v -0.177210 -0.689281 0.017454
v -0.177210 -0.689281 -0.017454
v -0.170400 -0.689281 -0.051690
v -0.157041 -0.689281 -0.083941
v -0.137648 -0.689281 -0.112965
v -0.112965 -0.689281 -0.137648
v -0.083940 -0.689281 -0.157042
v -0.157887 0.734197 -0.047895
v -0.017454 -0.689281 -0.177210
v -0.051690 -0.689281 -0.170400
v -0.127192 -1.832590 -0.237960
v -0.528593 -2.251030 -0.160347
v -0.127192 -1.832590 0.237960
v 0.026447 -1.832590 -0.268520
v 0.268521 -1.832590 -0.026447
v -0.237960 -1.832590 0.127192
v 0.237960 -1.832590 0.127192
v -0.268520 -1.832590 -0.026447
v 0.127192 -1.832590 -0.237960
v 0.127192 -1.832590 0.237960
v -0.208573 -1.832590 -0.171172
v -0.026447 -1.832590 0.268521
v 0.237960 -1.832590 -0.127192
v -0.078324 -1.832590 -0.258201
v -0.171172 -1.832590 0.208573
v 0.268521 -1.832590 0.026447
v -0.258202 -1.832590 0.078324
v 0.208573 -1.832590 0.171172
v -0.258201 -1.832590 -0.078325
v 0.171172 -1.832590 -0.208573
v 0.078324 -1.832590 0.258202
v -0.171172 -1.832590 -0.208574
v -0.078325 -1.832590 0.258201
v 0.258201 -1.832590 -0.078325
v -0.026447 -1.832590 -0.268521
v -0.208574 -1.832590 0.171172
v 0.258201 -1.832590 0.078325
v -0.268521 -1.832590 0.026447
v 0.078325 -1.832590 -0.258201
v 0.171172 -1.832590 0.208574
v -0.237960 -1.832590 -0.127192
v 0.208573 -1.832590 -0.171172
v 0.026447 -1.832590 0.268521
v -1.280365 -2.828616 -1.560133
v 0.350425 -2.251030 -0.426994
v 0.160347 -2.251030 0.528593
v -0.549718 -2.251030 0.054142
v 0.160347 -2.251030 -0.528593
v 0.350425 -2.251030 0.426994
v -0.487154 -2.251030 0.260389
v 0.487154 -2.251030 0.260389
v -0.160346 -2.251030 -0.528593
v -0.350425 -2.251030 0.426994
v 0.549718 -2.251030 0.054143
v -0.350424 -2.251030 -0.426994
v -0.160347 -2.251030 0.528593
v 0.528593 -2.251030 -0.160347
v -0.487154 -2.251030 -0.260390
v 0.426994 -2.251030 -0.350425
v 0.054142 -2.251030 0.549718
v -0.549718 -2.251030 -0.054143
v 0.260389 -2.251030 -0.487154
v 0.260389 -2.251030 0.487154
v -0.528593 -2.251030 0.160347
v 0.054143 -2.251030 -0.549718
v 0.426994 -2.251030 0.350425
v -0.054142 -2.251030 -0.549718
v -0.426994 -2.251030 0.350425
v 0.528593 -2.251030 0.160347
v -0.260389 -2.251030 -0.487154
v -0.260390 -2.251030 0.487154
v 0.549718 -2.251030 -0.054142
v -0.426994 -2.251030 -0.350425
v -0.054143 -2.251030 0.549718
v 0.487154 -2.251030 -0.260389
v -0.861794 -2.747803 -1.612307
v -0.585869 -2.828616 1.931350
v 1.931349 -2.828616 -0.585868
v -1.779940 -2.828616 -0.951400
v 1.560132 -2.828616 -1.280367
v 0.197823 -2.828616 2.008537
v -2.008536 -2.828616 -0.197825
v 0.951398 -2.828616 -1.779941
v 0.951398 -2.828616 1.779943
v -1.931350 -2.828616 0.585867
v 1.560132 -2.828616 1.280367
v 0.178586 -2.891470 -1.813211
v -1.560133 -2.828616 1.280367
v 1.931349 -2.828616 0.585869
v -0.951396 -2.828616 -1.779942
v -0.951400 -2.828616 1.779942
v 2.008536 -2.828616 -0.197823
v -1.560130 -2.828616 -1.280368
v 1.779942 -2.828616 -0.951398
v -0.197824 -2.828616 2.008537
v -1.931348 -2.828616 -0.585870
v 1.280367 -2.828616 -1.560131
v 0.585868 -2.828616 1.931350
v -2.008536 -2.828616 0.197822
v 0.585868 -2.828616 -1.931348
v 1.280367 -2.828616 1.560133
v -0.197822 -2.828616 -2.008536
v -1.779942 -2.828616 0.951398
v 1.779942 -2.828616 0.951399
v -0.585865 -2.828616 -1.931349
v -1.280368 -2.828616 1.560132
v 2.008536 -2.828616 0.197824
v -0.861797 -2.747803 1.612307
v 1.819372 -2.747803 -0.179192
v -1.413197 -2.747803 -1.159783
v -0.179193 -2.747803 1.819373
v 1.612307 -2.747803 -0.861795
v -1.749454 -2.747803 -0.530693
v 1.159782 -2.747803 -1.413198
v 0.530691 -2.747803 1.749456
v -1.819372 -2.747803 0.179191
v 0.530691 -2.747803 -1.749454
v 1.159782 -2.747803 1.413199
v -1.612308 -2.747803 0.861795
v 1.612307 -2.747803 0.861796
v -0.530689 -2.747803 -1.749455
v -1.159783 -2.747803 1.413199
v 1.819372 -2.747803 0.179193
v -1.159781 -2.747803 -1.413200
v -0.530692 -2.747803 1.749455
v 1.749455 -2.747803 -0.530691
v -1.612306 -2.747803 -0.861797
v 1.413199 -2.747803 -1.159782
v 0.179192 -2.747803 1.819373
v -1.819372 -2.747803 -0.179194
v 0.861796 -2.747803 -1.612306
v 0.861796 -2.747803 1.612308
v -1.749455 -2.747803 0.530690
v -0.179191 -2.747803 -1.819372
v 1.413199 -2.747803 1.159783
v 0.179192 -2.747803 -1.819371
v -1.413200 -2.747803 1.159782
v 1.749455 -2.747803 0.530692
v 1.027758 -2.546451 -0.101225
v -0.486827 -2.546451 0.910788
v -0.486825 -2.546451 -0.910788
v 0.988262 -2.546451 0.299786
v -0.798312 -2.546451 0.655158
v -0.101225 -2.546451 -1.027758
v 0.798312 -2.546451 0.655158
v 0.101225 -2.546451 -1.027758
v -0.988262 -2.546451 0.299785
v 0.486826 -2.546451 0.910788
v 0.486826 -2.546451 -0.910787
v -1.027758 -2.546451 -0.101226
v 0.101225 -2.546451 1.027759
v 0.798312 -2.546451 -0.655158
v -0.910787 -2.546451 -0.486827
v 0.988262 -2.546451 -0.299786
v -0.299786 -2.546451 0.988262
v -0.655157 -2.546451 -0.798313
v 1.027758 -2.546451 0.101226
v -0.655158 -2.546451 0.798312
v -0.299785 -2.546451 -0.988262
v 0.910788 -2.546451 0.486826
v -0.910788 -2.546451 0.486826
v 0.655158 -2.546451 0.798312
v 0.299786 -2.546451 -0.988262
v -1.027758 -2.546451 0.101225
v 0.299786 -2.546451 0.988263
v 0.655158 -2.546451 -0.798312
v -0.988262 -2.546451 -0.299787
v 0.910788 -2.546451 -0.486826
v -0.101226 -2.546451 1.027759
v -0.798311 -2.546451 -0.655158
v 0.331158 -2.037003 -0.177008
v -0.036805 -2.037003 0.373688
v -0.290262 -2.037003 -0.238213
v 0.373688 -2.037003 -0.036805
v -0.177008 -2.037003 0.331158
v -0.177007 -2.037003 -0.331158
v 0.359327 -2.037003 0.109001
v -0.290263 -2.037003 0.238212
v -0.036805 -2.037003 -0.373688
v 0.290262 -2.037003 0.238212
v 0.036805 -2.037003 -0.373688
v -0.359328 -2.037003 0.109001
v 0.177008 -2.037003 0.331158
v 0.177008 -2.037003 -0.331158
v -0.373688 -2.037003 -0.036805
v 0.036805 -2.037003 0.373688
v 0.290262 -2.037003 -0.238212
v -0.331158 -2.037003 -0.177008
v 0.359327 -2.037003 -0.109001
v -0.109001 -2.037003 0.359327
v -0.238212 -2.037003 -0.290263
v 0.373688 -2.037003 0.036805
v -0.238212 -2.037003 0.290262
v -0.109000 -2.037003 -0.359328
v 0.331158 -2.037003 0.177008
v -0.331158 -2.037003 0.177007
v 0.238212 -2.037003 0.290263
v 0.109001 -2.037003 -0.359327
v -0.373688 -2.037003 0.036805
v 0.109001 -2.037003 0.359328
v 0.238212 -2.037003 -0.290262
v -0.359327 -2.037003 -0.109001
v 0.021104 -1.639302 0.214278
v 0.166440 -1.639302 -0.136594
v -0.189890 -1.639302 -0.101499
v 0.136594 -1.639302 0.166441
v 0.062503 -1.639302 -0.206043
v -0.214278 -1.639302 0.021104
v 0.206043 -1.639302 0.062503
v -0.166441 -1.639302 0.136594
v -0.021104 -1.639302 -0.214278
v 0.206043 -1.639302 -0.062503
v -0.062503 -1.639302 0.206043
v -0.136594 -1.639302 -0.166441
v 0.062503 -1.639302 0.206043
v 0.136594 -1.639302 -0.166440
v -0.206043 -1.639302 -0.062503
v 0.166440 -1.639302 0.136594
v -0.206043 -1.639302 0.062502
v 0.214278 -1.639302 0.021105
v -0.136594 -1.639302 0.166440
v -0.062502 -1.639302 -0.206043
v 0.189891 -1.639302 -0.101499
v -0.021105 -1.639302 0.214278
v -0.166440 -1.639302 -0.136594
v 0.101499 -1.639302 0.189891
v 0.101499 -1.639302 -0.189891
v -0.214278 -1.639302 -0.021105
v 0.189891 -1.639302 0.101499
v -0.189891 -1.639302 0.101499
v 0.214278 -1.639302 -0.021105
v 0.021105 -1.639302 -0.214278
v -0.101499 -1.639302 0.189891
v -0.101498 -1.639302 -0.189891
v -0.127878 1.502526 -0.155820
v 0.104670 0.734197 -0.127540
v 0.047895 0.734197 0.157887
v -0.104670 0.734197 -0.127541
v -0.047895 0.734197 0.157887
v 0.157887 0.734197 -0.047895
v -0.016172 0.734197 -0.164197
v -0.127540 0.734197 0.104670
v 0.157887 0.734197 0.047895
v -0.164197 0.734197 0.016172
v 0.047895 0.734197 -0.157887
v 0.104670 0.734197 0.127540
v -0.145510 0.734197 -0.077777
v 0.127540 0.734197 -0.104670
v 0.016172 0.734197 0.164197
v -0.077776 0.734197 -0.145510
v -0.077777 0.734197 0.145510
v 0.016172 0.734197 -0.164197
v 0.164197 0.734197 -0.016172
v -0.145510 0.734197 0.077776
v 0.145510 0.734197 0.077777
v -0.164197 0.734197 -0.016172
v 0.077777 0.734197 -0.145510
v 0.077777 0.734197 0.145510
v -0.127540 0.734197 -0.104670
v -0.016172 0.734197 0.164197
v 0.145510 0.734197 -0.077777
v -0.047894 0.734197 -0.157887
v -0.104670 0.734197 0.127540
v 0.164197 0.734197 0.016172
v -0.157887 0.734197 0.047894
v 0.127540 0.734197 0.104670
v -0.090843 1.859354 -0.299469
v -0.058514 1.502526 0.192896
v 0.192896 1.502526 -0.058514
v -0.177774 1.502526 -0.095022
v 0.155820 1.502526 -0.127878
v 0.019758 1.502526 0.200605
v -0.200605 1.502526 -0.019758
v 0.095022 1.502526 -0.177774
v 0.095022 1.502526 0.177774
v -0.192896 1.502526 0.058514
v 0.019758 1.502526 -0.200605
v 0.155820 1.502526 0.127878
v -0.019758 1.502526 -0.200605
v -0.155820 1.502526 0.127878
v 0.192896 1.502526 0.058514
v -0.095022 1.502526 -0.177774
v -0.095022 1.502526 0.177774
v 0.200605 1.502526 -0.019758
v -0.155820 1.502526 -0.127878
v -0.019758 1.502526 0.200605
v 0.177774 1.502526 -0.095022
v -0.192896 1.502526 -0.058514
v 0.127878 1.502526 -0.155820
v 0.058514 1.502526 0.192896
v -0.200605 1.502526 0.019758
v 0.058514 1.502526 -0.192896
v 0.127878 1.502526 0.155820
v -0.177774 1.502526 0.095022
v 0.177774 1.502526 0.095022
v -0.058514 1.502526 -0.192896
v -0.127878 1.502526 0.155820
v 0.200605 1.502526 0.019758
v -0.396614 2.044605 0.039063
v -0.198530 1.859354 0.241909
v 0.311438 1.859354 0.030674
v -0.198530 1.859354 -0.241910
v -0.090843 1.859354 0.299469
v 0.299469 1.859354 -0.090843
v -0.275992 1.859354 -0.147521
v 0.241909 1.859354 -0.198530
v 0.030674 1.859354 0.311438
v -0.311437 1.859354 -0.030674
v 0.147521 1.859354 -0.275992
v 0.147521 1.859354 0.275992
v -0.299469 1.859354 0.090843
v 0.030674 1.859354 -0.311437
v 0.241909 1.859354 0.198530
v -0.030674 1.859354 -0.311437
v -0.241909 1.859354 0.198530
v 0.299469 1.859354 0.090843
v -0.147521 1.859354 -0.275992
v -0.147521 1.859354 0.275992
v 0.311437 1.859354 -0.030674
v -0.241909 1.859354 -0.198530
v -0.030674 1.859354 0.311438
v 0.275992 1.859354 -0.147521
v -0.299469 1.859354 -0.090843
v 0.198530 1.859354 -0.241909
v 0.090843 1.859354 0.299469
v -0.311438 1.859354 0.030674
v 0.090843 1.859354 -0.299469
v 0.198530 1.859354 0.241909
v -0.275992 1.859354 0.147521
v 0.275992 1.859354 0.147521
v -0.444315 2.089827 -0.134782
v 0.115688 2.044605 -0.381373
v 0.252827 2.044605 0.308071
v -0.351475 2.044605 0.187867
v 0.351475 2.044605 0.187867
v -0.115688 2.044605 -0.381373
v -0.252827 2.044605 0.308070
v 0.396614 2.044605 0.039063
v -0.252826 2.044605 -0.308071
v -0.115688 2.044605 0.381373
v 0.381373 2.044605 -0.115688
v -0.351475 2.044605 -0.187868
v 0.308071 2.044605 -0.252827
v 0.039063 2.044605 0.396614
v -0.396614 2.044605 -0.039063
v 0.187867 2.044605 -0.351475
v 0.187867 2.044605 0.351475
v -0.381373 2.044605 0.115688
v 0.039063 2.044605 -0.396614
v 0.308071 2.044605 0.252827
v -0.039063 2.044605 -0.396614
v -0.308071 2.044605 0.252827
v 0.381373 2.044605 0.115688
v -0.187867 2.044605 -0.351475
v -0.187867 2.044605 0.351475
v 0.396614 2.044605 -0.039063
v -0.308070 2.044605 -0.252827
v -0.039063 2.044605 0.396614
v 0.351475 2.044605 -0.187867
v -0.381373 2.044605 -0.115688
v 0.252827 2.044605 -0.308070
v 0.115688 2.044605 0.381373
v -0.565929 2.283866 -0.464447
v 0.294554 2.089827 -0.358915
v 0.134782 2.089827 0.444316
v -0.462073 2.089827 0.045510
v 0.134782 2.089827 -0.444315
v 0.294554 2.089827 0.358915
v -0.409484 2.089827 0.218873
v 0.409484 2.089827 0.218874
v -0.134781 2.089827 -0.444316
v -0.294554 2.089827 0.358915
v 0.462073 2.089827 0.045510
v -0.294554 2.089827 -0.358916
v -0.134782 2.089827 0.444316
v 0.444316 2.089827 -0.134782
v -0.409483 2.089827 -0.218874
v 0.358915 2.089827 -0.294554
v 0.045510 2.089827 0.462073
v -0.462073 2.089827 -0.045511
v 0.218874 2.089827 -0.409483
v 0.218874 2.089827 0.409484
v -0.444316 2.089827 0.134781
v 0.045510 2.089827 -0.462073
v 0.358915 2.089827 0.294554
v -0.045510 2.089827 -0.462073
v -0.358915 2.089827 0.294554
v 0.444316 2.089827 0.134782
v -0.218873 2.089827 -0.409484
v -0.218874 2.089827 0.409484
v 0.462073 2.089827 -0.045510
v -0.358915 2.089827 -0.294555
v -0.045510 2.089827 0.462073
v 0.409484 2.089827 -0.218873
v -0.825962 3.151906 -1.545271
v -0.071760 2.283866 0.728585
v 0.645664 2.283866 -0.345114
v -0.700586 2.283866 -0.212521
v 0.464446 2.283866 -0.565929
v 0.212520 2.283866 0.700586
v -0.728585 2.283866 0.071759
v 0.212520 2.283866 -0.700586
v 0.464446 2.283866 0.565929
v -0.645664 2.283866 0.345114
v 0.645664 2.283866 0.345115
v -0.212519 2.283866 -0.700586
v -0.464446 2.283866 0.565929
v 0.728585 2.283866 0.071759
v -0.464445 2.283866 -0.565930
v -0.212521 2.283866 0.700586
v 0.700586 2.283866 -0.212520
v -0.645664 2.283866 -0.345115
v 0.565929 2.283866 -0.464446
v 0.071759 2.283866 0.728585
v -0.728585 2.283866 -0.071760
v 0.345115 2.283866 -0.645664
v 0.345115 2.283866 0.645664
v -0.700586 2.283866 0.212520
v 0.071759 2.283866 -0.728585
v 0.565929 2.283866 0.464446
v -0.071759 2.283866 -0.728585
v -0.565930 2.283866 0.464446
v 0.700586 2.283866 0.212521
v -0.345114 2.283866 -0.645664
v -0.345115 2.283866 0.645664
v 0.728585 2.283866 -0.071759
v -0.207957 3.614989 -2.111443
v -0.825965 3.151906 1.545271
v 1.743727 3.151906 -0.171742
v -1.354440 3.151906 -1.111562
v -0.171743 3.151906 1.743728
v 1.545271 3.151906 -0.825964
v -1.676716 3.151906 -0.508628
v 1.111561 3.151906 -1.354441
v 0.508626 3.151906 1.676717
v -1.743727 3.151906 0.171741
v 0.508626 3.151906 -1.676716
v 1.111561 3.151906 1.354442
v -1.545272 3.151906 0.825964
v 1.545271 3.151906 0.825965
v -0.508624 3.151906 -1.676717
v -1.111562 3.151906 1.354441
v 1.743727 3.151906 0.171742
v -1.111559 3.151906 -1.354442
v -0.508627 3.151906 1.676717
v 1.676717 3.151906 -0.508626
v -1.545270 3.151906 -0.825966
v 1.354442 3.151906 -1.111561
v 0.171742 3.151906 1.743728
v -1.743727 3.151906 -0.171743
v 0.825965 3.151906 -1.545270
v 0.825964 3.151906 1.545272
v -1.676717 3.151906 0.508626
v 0.171742 3.151906 -1.743726
v 1.354442 3.151906 1.111562
v -0.171741 3.151906 -1.743727
v -1.354442 3.151906 1.111561
v 1.676717 3.151906 0.508627
v -2.189900 4.088281 0.664297
v -1.640066 3.614989 1.345966
v 2.030302 3.614989 0.615886
v -1.000141 3.614989 -1.871137
v -1.000144 3.614989 1.871137
v 2.111443 3.614989 -0.207959
v -1.640063 3.614989 -1.345968
v -0.207960 3.614989 2.111444
v 1.871137 3.614989 -1.000143
v -2.030301 3.614989 -0.615887
v 1.345967 3.614989 -1.640064
v 0.615885 3.614989 2.030303
v -2.111443 3.614989 0.207958
v 0.615885 3.614989 -2.030301
v 1.345967 3.614989 1.640066
v -1.871137 3.614989 1.000143
v 1.871137 3.614989 1.000144
v -0.615882 3.614989 -2.030302
v -1.345967 3.614989 1.640065
v 2.111443 3.614989 0.207959
v -1.345964 3.614989 -1.640066
v -0.615886 3.614989 2.030302
v 2.030302 3.614989 -0.615885
v -1.871135 3.614989 -1.000145
v 1.640065 3.614989 -1.345966
v 0.207958 3.614989 2.111444
v -2.111443 3.614989 -0.207961
v 1.000143 3.614989 -1.871136
v 1.000143 3.614989 1.871138
v -2.030302 3.614989 0.615884
v 0.207959 3.614989 -2.111442
v 1.640065 3.614989 1.345967
v -2.340430 4.684099 -0.230514
v 0.224306 4.088281 -2.277418
v 1.768987 4.088281 1.451771
v -0.224305 4.088281 -2.277418
v -1.768988 4.088281 1.451770
v 2.189899 4.088281 0.664299
v -1.078760 4.088281 -2.018223
v -1.078763 4.088281 2.018223
v 2.277419 4.088281 -0.224306
v -1.768985 4.088281 -1.451771
v -0.224307 4.088281 2.277420
v 2.018223 4.088281 -1.078762
v -2.189898 4.088281 -0.664300
v 1.451770 4.088281 -1.768986
v 0.664298 4.088281 2.189900
v -2.277419 4.088281 0.224305
v 0.664299 4.088281 -2.189898
v 1.451770 4.088281 1.768988
v -2.018223 4.088281 1.078762
v 2.018223 4.088281 1.078763
v -0.664295 4.088281 -2.189899
v -1.451771 4.088281 1.768987
v 2.277419 4.088281 0.224307
v -1.451768 4.088281 -1.768988
v -0.664300 4.088281 2.189900
v 2.189899 4.088281 -0.664298
v -2.018221 4.088281 -1.078764
v 1.768987 4.088281 -1.451769
v 0.224305 4.088281 2.277420
v -2.277419 4.088281 -0.224308
v 1.078763 4.088281 -2.018222
v 1.078762 4.088281 2.018224
v -2.038257 5.390440 -1.089473
v 1.108609 4.684099 -2.074061
v 1.108609 4.684099 2.074063
v -2.250489 4.684099 0.682677
v 0.230512 4.684099 -2.340429
v 1.817930 4.684099 1.491938
v -0.230511 4.684099 -2.340429
v -1.817931 4.684099 1.491936
v 2.250489 4.684099 0.682678
v -1.108606 4.684099 -2.074062
v -1.108610 4.684099 2.074062
v 2.340430 4.684099 -0.230512
v -1.817929 4.684099 -1.491939
v -0.230513 4.684099 2.340430
v 2.074062 4.684099 -1.108608
v -2.250488 4.684099 -0.682680
v 1.491937 4.684099 -1.817930
v 0.682678 4.684099 2.250489
v -2.340430 4.684099 0.230511
v 0.682678 4.684099 -2.250487
v 1.491937 4.684099 1.817931
v -2.074063 4.684099 1.108608
v 2.074062 4.684099 1.108610
v -0.682675 4.684099 -2.250488
v -1.491938 4.684099 1.817930
v 2.340430 4.684099 0.230513
v -1.491934 4.684099 -1.817931
v -0.682679 4.684099 2.250489
v 2.250488 4.684099 -0.682678
v -2.074060 4.684099 -1.108611
v 1.817930 4.684099 -1.491936
v 0.230511 4.684099 2.340430
v -1.393516 6.070467 -1.698008
v 1.786548 5.390440 -1.466182
v 0.226532 5.390440 2.300029
v -2.300028 5.390440 -0.226535
v 1.089472 5.390440 -2.038257
v 1.089471 5.390440 2.038259
v -2.211640 5.390440 0.670892
v 0.226533 5.390440 -2.300027
v 1.786548 5.390440 1.466183
v -0.226531 5.390440 -2.300027
v -1.786549 5.390440 1.466182
v 2.211639 5.390440 0.670894
v -1.089469 5.390440 -2.038260
v -1.089473 5.390440 2.038259
v 2.300028 5.390440 -0.226532
v -1.786546 5.390440 -1.466184
v -0.226534 5.390440 2.300029
v 2.038258 5.390440 -1.089471
v -2.211638 5.390440 -0.670895
v 1.466182 5.390440 -1.786547
v 0.670893 5.390440 2.211639
v -2.300028 5.390440 0.226531
v 0.670893 5.390440 -2.211638
v 1.466182 5.390440 1.786549
v -2.038259 5.390440 1.089471
v 2.038258 5.390440 1.089472
v -0.670890 5.390440 -2.211639
v -1.466183 5.390440 1.786548
v 2.300028 5.390440 0.226533
v -1.466180 5.390440 -1.786549
v -0.670894 5.390440 2.211639
v 2.211639 5.390440 -0.670893
v -0.579045 6.853847 -1.908863
v -0.637645 6.070467 2.102031
v 2.102030 6.070467 -0.637643
v -1.937241 6.070467 -1.035479
v 1.698007 6.070467 -1.393517
v 0.215305 6.070467 2.186038
v -2.186038 6.070467 -0.215308
v 1.035477 6.070467 -1.937241
v 1.035477 6.070467 1.937243
v -2.102031 6.070467 0.637643
v 0.215306 6.070467 -2.186038
v 1.698007 6.070467 1.393519
v -0.215305 6.070467 -2.186038
v -1.698008 6.070467 1.393517
v 2.102030 6.070467 0.637644
v -1.035475 6.070467 -1.937243
v -1.035479 6.070467 1.937243
v 2.186038 6.070467 -0.215306
v -1.698005 6.070467 -1.393520
v -0.215307 6.070467 2.186038
v 1.937242 6.070467 -1.035478
v -2.102030 6.070467 -0.637646
v 1.393518 6.070467 -1.698007
v 0.637643 6.070467 2.102031
v -2.186039 6.070467 0.215305
v 0.637644 6.070467 -2.102030
v 1.393518 6.070467 1.698007
v -1.937243 6.070467 1.035477
v 1.937242 6.070467 1.035478
v -0.637641 6.070467 -2.102031
v -1.393519 6.070467 1.698007
v 2.186038 6.070467 0.215306
v -1.555026 7.677810 0.831176
v -1.265461 6.853847 1.541968
v 1.985151 6.853847 0.195520
v -1.265458 6.853847 -1.541968
v -0.579048 6.853847 1.908864
v 1.908863 6.853847 -0.579048
v -1.759217 6.853847 -0.940324
v 1.541968 6.853847 -1.265460
v 0.195520 6.853847 1.985152
v -1.985151 6.853847 -0.195523
v 0.940322 6.853847 -1.759218
v 0.940322 6.853847 1.759219
v -1.908864 6.853847 0.579045
v 0.195520 6.853847 -1.985152
v 1.541968 6.853847 1.265460
v -0.195519 6.853847 -1.985152
v -1.541968 6.853847 1.265460
v 1.908863 6.853847 0.579047
v -0.940319 6.853847 -1.759218
v -0.940323 6.853847 1.759219
v 1.985151 6.853847 -0.195521
v -1.541966 6.853847 -1.265461
v -0.195521 6.853847 1.985152
v 1.759218 6.853847 -0.940322
v -1.908863 6.853847 -0.579050
v 1.265460 6.853847 -1.541968
v 0.579047 6.853847 1.908864
v -1.985152 6.853847 0.195518
v 0.579047 6.853847 -1.908862
v 1.265460 6.853847 1.541968
v -1.759219 6.853847 0.940320
v 1.759218 6.853847 0.940321
v -1.662674 8.041936 0.163757
v 1.555025 7.677810 0.831177
v -0.511835 7.677810 -1.687301
v -1.118578 7.677810 1.362990
v 1.754734 7.677810 0.172826
v -1.118576 7.677810 -1.362992
v -0.511838 7.677810 1.687300
v 1.687300 7.677810 -0.511837
v -1.555024 7.677810 -0.831180
v 1.362991 7.677810 -1.118578
v 0.172826 7.677810 1.754733
v -1.754734 7.677810 -0.172829
v 0.831178 7.677810 -1.555025
v 0.831178 7.677810 1.555025
v -1.687301 7.677810 0.511835
v 0.172826 7.677810 -1.754734
v 1.362991 7.677810 1.118577
v -0.172825 7.677810 -1.754734
v -1.362991 7.677810 1.118576
v 1.687300 7.677810 0.511836
v -0.831176 7.677810 -1.555026
v -0.831179 7.677810 1.555024
v 1.754734 7.677810 -0.172827
v -1.362989 7.677810 -1.118580
v -0.172827 7.677810 1.754733
v 1.555025 7.677810 -0.831179
v -1.687300 7.677810 -0.511839
v 1.118577 7.677810 -1.362991
v 0.511836 7.677810 1.687300
v -1.754734 7.677810 0.172824
v 0.511837 7.677810 -1.687301
v 1.118577 7.677810 1.362990
v -1.588889 8.074278 -0.481987
v 0.484984 8.041936 -1.598779
v 1.059893 8.041936 1.291483
v -1.473443 8.041936 0.787570
v 1.473443 8.041936 0.787571
v -0.484982 8.041936 -1.598779
v -1.059894 8.041936 1.291482
v 1.662674 8.041936 0.163758
v -1.059891 8.041936 -1.291485
v -0.484985 8.041936 1.598778
v 1.598778 8.041936 -0.484985
v -1.473442 8.041936 -0.787574
v 1.291483 8.041936 -1.059893
v 0.163759 8.041936 1.662673
v -1.662674 8.041936 -0.163761
v 0.787571 8.041936 -1.473443
v 0.787571 8.041936 1.473442
v -1.598779 8.041936 0.484982
v 0.163759 8.041936 -1.662674
v 1.291483 8.041936 1.059892
v -0.163758 8.041936 -1.662674
v -1.291484 8.041936 1.059892
v 1.598778 8.041936 0.484983
v -0.787570 8.041936 -1.473444
v -0.787572 8.041936 1.473442
v 1.662674 8.041936 -0.163760
v -1.291482 8.041936 -1.059895
v -0.163760 8.041936 1.662673
v 1.473443 8.041936 -0.787572
v -1.598778 8.041936 -0.484986
v 1.059893 8.041936 -1.291483
v 0.484984 8.041936 1.598778
v -1.249068 8.080137 -1.025087
v 1.053337 8.074278 -1.283495
v 0.481984 8.074278 1.588889
v -1.652390 8.074278 0.162744
v 0.481984 8.074278 -1.588890
v 1.053337 8.074278 1.283495
v -1.464329 8.074278 0.782698
v 1.464329 8.074278 0.782699
v -0.481982 8.074278 -1.588890
v -1.053338 8.074278 1.283494
v 1.652390 8.074278 0.162746
v -1.053335 8.074278 -1.283497
v -0.481985 8.074278 1.588889
v 1.588889 8.074278 -0.481985
v -1.464328 8.074278 -0.782702
v 1.283495 8.074278 -1.053337
v 0.162746 8.074278 1.652389
v -1.652390 8.074278 -0.162748
v 0.782700 8.074278 -1.464329
v 0.782700 8.074278 1.464328
v -1.588890 8.074278 0.481982
v 0.162746 8.074278 -1.652390
v 1.283495 8.074278 1.053337
v -0.162745 8.074278 -1.652390
v -1.283496 8.074278 1.053336
v 1.588889 8.074278 0.481983
v -0.782698 8.074278 -1.464330
v -0.782701 8.074278 1.464328
v 1.652390 8.074278 -0.162747
v -1.283494 8.074278 -1.053339
v -0.162747 8.074278 1.652389
v 1.464329 8.074278 -0.782701
v -0.754102 8.049787 -1.410831
v -0.158382 8.080137 1.608069
v 1.425053 8.080137 -0.761707
v -1.546272 8.080137 -0.469059
v 1.025084 8.080137 -1.249069
v 0.469056 8.080137 1.546272
v -1.608070 8.080137 0.158379
v 0.469056 8.080137 -1.546273
v 1.025084 8.080137 1.249069
v -1.425053 8.080137 0.761705
v 1.425053 8.080137 0.761706
v -0.469054 8.080137 -1.546273
v -1.025085 8.080137 1.249068
v 1.608070 8.080137 0.158380
v -1.025083 8.080137 -1.249071
v -0.469057 8.080137 1.546272
v 1.546272 8.080137 -0.469057
v -1.425052 8.080137 -0.761709
v 1.249069 8.080137 -1.025085
v 0.158380 8.080137 1.608069
v -1.608070 8.080137 -0.158383
v 0.761706 8.080137 -1.425053
v 0.761706 8.080137 1.425053
v -1.546273 8.080137 0.469055
v 0.158381 8.080137 -1.608070
v 1.249069 8.080137 1.025084
v -0.158380 8.080137 -1.608070
v -1.249070 8.080137 1.025083
v 1.546273 8.080137 0.469056
v -0.761705 8.080137 -1.425054
v -0.761707 8.080137 1.425052
v 1.608070 8.080137 -0.158382
v -1.028877 7.988395 -1.253694
v -0.754105 8.049787 1.410829
v 1.592020 8.049787 -0.156801
v -1.236602 8.049787 -1.014856
v -0.156801 8.049787 1.592020
v 1.410830 8.049787 -0.754105
v -1.530839 8.049787 -0.464377
v 1.014854 8.049787 -1.236603
v 0.464375 8.049787 1.530839
v -1.592020 8.049787 0.156798
v 0.464375 8.049787 -1.530840
v 1.014854 8.049787 1.236602
v -1.410831 8.049787 0.754103
v 1.410830 8.049787 0.754104
v -0.464373 8.049787 -1.530841
v -1.014854 8.049787 1.236602
v 1.592020 8.049787 0.156800
v -1.014852 8.049787 -1.236604
v -0.464376 8.049787 1.530839
v 1.530840 8.049787 -0.464376
v -1.410829 8.049787 -0.754106
v 1.236603 8.049787 -1.014854
v 0.156800 8.049787 1.592020
v -1.592020 8.049787 -0.156802
v 0.754104 8.049787 -1.410830
v 0.754104 8.049787 1.410830
v -1.530840 8.049787 0.464373
v 0.156800 8.049787 -1.592021
v 1.236603 8.049787 1.014853
v -0.156799 8.049787 -1.592021
v -1.236603 8.049787 1.014852
v 1.530840 8.049787 0.464374
v -0.505218 7.602689 -1.665489
v -0.470793 7.988395 1.551995
v 1.551996 7.988395 -0.470793
v -1.430326 7.988395 -0.764528
v 0.158967 7.988395 1.614021
v -1.614022 7.988395 -0.158969
v 0.764526 7.988395 1.430327
v 1.430327 7.988395 -0.764526
v -1.551996 7.988395 0.470791
v 1.253692 7.988395 1.028878
v 1.028879 7.988395 -1.253693
v -0.158966 7.988395 -1.614022
v -1.253693 7.988395 1.028877
v 1.551996 7.988395 0.470792
v 0.470793 7.988395 -1.551996
v -0.764524 7.988395 -1.430329
v -0.764527 7.988395 1.430327
v 1.614022 7.988395 -0.158968
v -1.253691 7.988395 -1.028881
v -0.158968 7.988395 1.614021
v -1.551995 7.988395 -0.470795
v 0.470792 7.988395 1.551995
v -1.614022 7.988395 0.158965
v 1.028879 7.988395 1.253692
v 1.253692 7.988395 -1.028879
v -1.430328 7.988395 0.764524
v 1.430327 7.988395 0.764525
v 0.764526 7.988395 -1.430327
v -0.470791 7.988395 -1.551997
v -1.028879 7.988395 1.253691
v 1.614022 7.988395 0.158967
v 0.158967 7.988395 -1.614022
v -1.735070 6.790691 0.927412
v -1.104118 7.602689 1.345370
v 1.732050 7.602689 0.170591
v -1.104115 7.602689 -1.345373
v -0.505221 7.602689 1.665488
v 1.665488 7.602689 -0.505221
v -1.534922 7.602689 -0.820435
v 1.345371 7.602689 -1.104118
v 0.170591 7.602689 1.732049
v -1.732050 7.602689 -0.170594
v 0.820433 7.602689 -1.534923
v 0.820433 7.602689 1.534922
v -1.665489 7.602689 0.505218
v 0.170592 7.602689 -1.732050
v 1.345371 7.602689 1.104117
v -0.170591 7.602689 -1.732050
v -1.345372 7.602689 1.104116
v 1.665488 7.602689 0.505220
v -0.820431 7.602689 -1.534924
v -0.820434 7.602689 1.534922
v 1.732050 7.602689 -0.170593
v -1.345370 7.602689 -1.104119
v -0.170593 7.602689 1.732049
v 1.534923 7.602689 -0.820434
v -1.665488 7.602689 -0.505223
v 1.104117 7.602689 -1.345371
v 0.505220 7.602689 1.665488
v -1.732050 7.602689 0.170590
v 0.505220 7.602689 -1.665488
v 1.104117 7.602689 1.345371
v -1.534923 7.602689 0.820432
v 1.534923 7.602689 0.820433
v -2.138999 6.011589 0.210672
v 1.735069 6.790691 0.927413
v -0.571096 6.790691 -1.882661
v -1.248090 6.790691 1.520800
v 1.957901 6.790691 0.192836
v -1.248087 6.790691 -1.520802
v -0.571099 6.790691 1.882660
v 1.882660 6.790691 -0.571099
v -1.735068 6.790691 -0.927416
v 1.520801 6.790691 -1.248088
v 0.192836 6.790691 1.957901
v -1.957901 6.790691 -0.192839
v 0.927414 6.790691 -1.735068
v 0.927414 6.790691 1.735070
v -1.882660 6.790691 0.571097
v 0.192836 6.790691 -1.957901
v 1.520801 6.790691 1.248090
v -0.192835 6.790691 -1.957901
v -1.520802 6.790691 1.248088
v 1.882660 6.790691 0.571098
v -0.927411 6.790691 -1.735070
v -0.927415 6.790691 1.735070
v 1.957901 6.790691 -0.192837
v -1.520799 6.790691 -1.248091
v -0.192837 6.790691 1.957901
v 1.735069 6.790691 -0.927414
v -1.882659 6.790691 -0.571101
v 1.248089 6.790691 -1.520800
v 0.571098 6.790691 1.882661
v -1.957901 6.790691 0.192834
v 0.571099 6.790691 -1.882659
v 1.248089 6.790691 1.520802
v -2.150190 5.320751 -0.652255
v 0.623923 6.011589 -2.056798
v 1.363532 6.011589 1.661470
v -1.895557 6.011589 1.013195
v 1.895556 6.011589 1.013196
v -0.623920 6.011589 -2.056798
v -1.363533 6.011589 1.661469
v 2.138999 6.011589 0.210673
v -1.363530 6.011589 -1.661471
v -0.623924 6.011589 2.056798
v 2.056798 6.011589 -0.623922
v -1.895555 6.011589 -1.013197
v 1.661469 6.011589 -1.363531
v 0.210672 6.011589 2.138999
v -2.138999 6.011589 -0.210675
v 1.013196 6.011589 -1.895555
v 1.013196 6.011589 1.895557
v -2.056799 6.011589 0.623922
v 0.210673 6.011589 -2.138999
v 1.661469 6.011589 1.363533
v -0.210671 6.011589 -2.138999
v -1.661469 6.011589 1.363531
v 2.056798 6.011589 0.623923
v -1.013193 6.011589 -1.895556
v -1.013197 6.011589 1.895555
v 2.138999 6.011589 -0.210672
v -1.661467 6.011589 -1.363533
v -0.210674 6.011589 2.138999
v 1.895556 6.011589 -1.013196
v -2.056798 6.011589 -0.623925
v 1.363532 6.011589 -1.661469
v 0.623922 6.011589 2.056798
v -1.757352 4.615337 -1.442224
v 1.425445 5.320751 -1.736909
v 0.652253 5.320751 2.150191
v -2.236123 5.320751 0.220237
v 0.652253 5.320751 -2.150189
v 1.425445 5.320751 1.736911
v -1.981627 5.320751 1.059201
v 1.981627 5.320751 1.059202
v -0.652250 5.320751 -2.150191
v -1.425446 5.320751 1.736910
v 2.236123 5.320751 0.220239
v -1.425443 5.320751 -1.736911
v -0.652254 5.320751 2.150191
v 2.150191 5.320751 -0.652252
v -1.981625 5.320751 -1.059203
v 1.736910 5.320751 -1.425444
v 0.220238 5.320751 2.236124
v -2.236123 5.320751 -0.220241
v 1.059202 5.320751 -1.981625
v 1.059201 5.320751 1.981628
v -2.150191 5.320751 0.652252
v 0.220239 5.320751 -2.236124
v 1.736910 5.320751 1.425446
v -0.220237 5.320751 -2.236122
v -1.736911 5.320751 1.425445
v 2.150190 5.320751 0.652253
v -1.059199 5.320751 -1.981627
v -1.059202 5.320751 1.981627
v 2.236123 5.320751 -0.220238
v -1.736908 5.320751 -1.425447
v -0.220240 5.320751 2.236124
v 1.981627 5.320751 -1.059201
v -1.025985 4.025747 -1.919489
v -0.222832 4.615337 2.262443
v 2.004951 4.615337 -1.071667
v -2.175497 4.615337 -0.659932
v 1.442223 4.615337 -1.757353
v 0.659930 4.615337 2.175499
v -2.262443 4.615337 0.222830
v 0.659930 4.615337 -2.175497
v 1.442223 4.615337 1.757355
v -2.004951 4.615337 1.071668
v 2.004951 4.615337 1.071669
v -0.659927 4.615337 -2.175498
v -1.442224 4.615337 1.757354
v 2.262443 4.615337 0.222832
v -1.442220 4.615337 -1.757355
v -0.659931 4.615337 2.175498
v 2.175498 4.615337 -0.659930
v -2.004949 4.615337 -1.071670
v 1.757354 4.615337 -1.442222
v 0.222831 4.615337 2.262443
v -2.262442 4.615337 -0.222833
v 1.071668 4.615337 -2.004949
v 1.071668 4.615337 2.004951
v -2.175498 4.615337 0.659929
v 0.222831 4.615337 -2.262442
v 1.757354 4.615337 1.442224
v -0.222829 4.615337 -2.262442
v -1.757354 4.615337 1.442223
v 2.175498 4.615337 0.659930
v -1.071665 4.615337 -2.004951
v -1.071669 4.615337 2.004951
v 2.262443 4.615337 -0.222831
v -0.190275 3.533498 -1.931911
v -1.025989 4.025747 1.919489
v 2.166005 4.025747 -0.213332
v -1.682444 4.025747 -1.380749
v -0.213334 4.025747 2.166005
v 1.919489 4.025747 -1.025987
v -2.082766 4.025747 -0.631802
v 1.380748 4.025747 -1.682445
v 0.631800 4.025747 2.082767
v -2.166005 4.025747 0.213331
v 0.631800 4.025747 -2.082766
v 1.380747 4.025747 1.682446
v -1.919489 4.025747 1.025987
v 1.919489 4.025747 1.025988
v -0.631797 4.025747 -2.082766
v -1.380748 4.025747 1.682446
v 2.166005 4.025747 0.213333
v -1.380745 4.025747 -1.682447
v -0.631801 4.025747 2.082767
v 2.082767 4.025747 -0.631800
v -1.919487 4.025747 -1.025990
v 1.682446 4.025747 -1.380746
v 0.213332 4.025747 2.166005
v -2.166005 4.025747 -0.213335
v 1.025988 4.025747 -1.919488
v 1.025988 4.025747 1.919489
v -2.082767 4.025747 0.631799
v 0.213333 4.025747 -2.166004
v 1.682446 4.025747 1.380748
v -0.213331 4.025747 -2.166004
v -1.682446 4.025747 1.380747
v 2.082767 4.025747 0.631801
v -1.451739 3.096931 0.440379
v -1.500614 3.533498 1.231522
v 1.857670 3.533498 0.563518
v -0.915101 3.533498 -1.712038
v -0.915104 3.533498 1.712039
v 1.931912 3.533498 -0.190276
v -1.500612 3.533498 -1.231523
v -0.190277 3.533498 1.931912
v 1.712039 3.533498 -0.915103
v -1.857669 3.533498 -0.563519
v 1.231522 3.533498 -1.500613
v 0.563518 3.533498 1.857670
v -1.931912 3.533498 0.190275
v 0.563518 3.533498 -1.857669
v 1.231522 3.533498 1.500615
v -1.712038 3.533498 0.915103
v 1.712039 3.533498 0.915104
v -0.563515 3.533498 -1.857669
v -1.231522 3.533498 1.500614
v 1.931912 3.533498 0.190277
v -1.231520 3.533498 -1.500615
v -0.563519 3.533498 1.857670
v 1.857670 3.533498 -0.563517
v -1.712037 3.533498 -0.915105
v 1.500614 3.533498 -1.231521
v 0.190276 3.533498 1.931912
v -1.931911 3.533498 -0.190278
v 0.915104 3.533498 -1.712037
v 0.915103 3.533498 1.712039
v -1.857670 3.533498 0.563517
v 0.190277 3.533498 -1.931911
v 1.500614 3.533498 1.231523
v -0.805774 2.704833 -0.079362
v 0.148698 3.096931 -1.509757
v 1.172706 3.096931 0.962415
v -0.148697 3.096931 -1.509758
v -1.172706 3.096931 0.962414
v 1.451739 3.096931 0.440380
v -0.715136 3.096931 -1.337930
v -0.715139 3.096931 1.337931
v 1.509758 3.096931 -0.148698
v -1.172704 3.096931 -0.962416
v -0.148698 3.096931 1.509758
v 1.337931 3.096931 -0.715138
v -1.451738 3.096931 -0.440381
v 0.962415 3.096931 -1.172705
v 0.440380 3.096931 1.451740
v -1.509758 3.096931 0.148697
v 0.440380 3.096931 -1.451738
v 0.962415 3.096931 1.172706
v -1.337931 3.096931 0.715138
v 1.337931 3.096931 0.715139
v -0.440378 3.096931 -1.451739
v -0.962415 3.096931 1.172706
v 1.509758 3.096931 0.148699
v -0.962413 3.096931 -1.172706
v -0.440380 3.096931 1.451739
v 1.451740 3.096931 -0.440380
v -1.337929 3.096931 -0.715140
v 1.172706 3.096931 -0.962414
v 0.148698 3.096931 1.509758
v -1.509758 3.096931 -0.148699
v 0.715139 3.096931 -1.337929
v 0.715139 3.096931 1.337931
v -0.232359 2.518517 -0.124199
v 0.381678 2.704833 -0.714068
v 0.381678 2.704833 0.714069
v -0.774809 2.704833 0.235035
v 0.079362 2.704833 -0.805774
v 0.625887 2.704833 0.513652
v -0.079361 2.704833 -0.805774
v -0.625886 2.704833 0.513651
v 0.774810 2.704833 0.235036
v -0.381676 2.704833 -0.714068
v -0.381677 2.704833 0.714069
v 0.805775 2.704833 -0.079362
v -0.625885 2.704833 -0.513652
v -0.079362 2.704833 0.805775
v 0.714069 2.704833 -0.381677
v -0.774809 2.704833 -0.235036
v 0.513652 2.704833 -0.625886
v 0.235036 2.704833 0.774810
v -0.805774 2.704833 0.079361
v 0.235036 2.704833 -0.774809
v 0.513652 2.704833 0.625887
v -0.714068 2.704833 0.381677
v 0.714069 2.704833 0.381678
v -0.235034 2.704833 -0.774809
v -0.513651 2.704833 0.625886
v 0.805775 2.704833 0.079362
v -0.513650 2.704833 -0.625886
v -0.235036 2.704833 0.774810
v 0.774810 2.704833 -0.235036
v -0.714068 2.704833 -0.381678
v 0.625887 2.704833 -0.513651
v 0.079362 2.704833 0.805775
v -0.070348 2.518517 -0.057733
v 0.203665 2.518517 -0.167143
v 0.025825 2.518517 0.262201
v -0.262200 2.518517 -0.025825
v 0.124199 2.518517 -0.232359
v 0.124199 2.518517 0.232360
v -0.252124 2.518517 0.076481
v 0.025825 2.518517 -0.262201
v 0.203665 2.518517 0.167144
v -0.025824 2.518517 -0.262201
v -0.203664 2.518517 0.167143
v 0.252125 2.518517 0.076481
v -0.124198 2.518517 -0.232359
v -0.124198 2.518517 0.232360
v 0.262201 2.518517 -0.025824
v -0.203664 2.518517 -0.167143
v -0.025824 2.518517 0.262201
v 0.232360 2.518517 -0.124199
v -0.252124 2.518517 -0.076481
v 0.167144 2.518517 -0.203665
v 0.076482 2.518517 0.252125
v -0.262201 2.518517 0.025824
v 0.076482 2.518517 -0.252125
v 0.167144 2.518517 0.203665
v -0.232359 2.518517 0.124199
v 0.232360 2.518517 0.124199
v -0.076480 2.518517 -0.252125
v -0.167143 2.518517 0.203665
v 0.262201 2.518517 0.025825
v -0.167143 2.518517 -0.203665
v -0.076481 2.518517 0.252125
v 0.252125 2.518517 -0.076481
v 1.184790 2.683379 0.359402
v -0.957067 2.683379 0.785444
v -0.121354 2.683379 -1.232140
v 0.957066 2.683379 0.785444
v 0.121355 2.683379 -1.232140
v -1.184791 2.683379 0.359402
v 0.583637 2.683379 1.091909
v 0.583637 2.683379 -1.091909
v -1.232141 2.683379 -0.121356
v 0.121355 2.683379 1.232141
v 0.957066 2.683379 -0.785444
v -1.091908 2.683379 -0.583638
v 1.184790 2.683379 -0.359402
v -0.359403 2.683379 1.184791
v -0.785443 2.683379 -0.957067
v 1.232141 2.683379 0.121355
v -0.785445 2.683379 0.957066
v -0.359401 2.683379 -1.184790
v 1.091909 2.683379 0.583638
v -1.091910 2.683379 0.583637
v 0.785444 2.683379 0.957067
v 0.359402 2.683379 -1.184790
v -1.232141 2.683379 0.121354
v 0.359402 2.683379 1.184791
v 0.785444 2.683379 -0.957066
v -1.184790 2.683379 -0.359403
v 1.091909 2.683379 -0.583637
v -0.121356 2.683379 1.232141
v -0.957065 2.683379 -0.785445
v 1.232141 2.683379 -0.121355
v -0.583638 2.683379 1.091909
v -0.583636 2.683379 -1.091909
v -0.915096 -2.841717 -0.751002
v -1.408414 -2.891470 1.155855
v 1.743531 -2.891470 0.528895
v -0.858876 -2.891470 -1.606848
v -0.858879 -2.891470 1.606848
v 1.813212 -2.891470 -0.178585
v -1.408412 -2.891470 -1.155856
v 1.606848 -2.891470 -0.858877
v -0.178586 -2.891470 1.813212
v -1.743531 -2.891470 -0.528896
v 1.155855 -2.891470 -1.408413
v 0.528894 -2.891470 1.743532
v -1.813212 -2.891470 0.178585
v -0.178584 -2.891470 -1.813211
v 1.155855 -2.891470 1.408414
v 0.528894 -2.891470 -1.743531
v -1.606848 -2.891470 0.858877
v 1.606848 -2.891470 0.858878
v -0.528892 -2.891470 -1.743531
v -1.155856 -2.891470 1.408414
v 1.813212 -2.891470 0.178586
v -1.155853 -2.891470 -1.408415
v -0.528895 -2.891470 1.743532
v 1.743531 -2.891470 -0.528894
v -1.606847 -2.891470 -0.858879
v 1.408414 -2.891470 -1.155855
v 0.178585 -2.891470 1.813213
v -1.813211 -2.891470 -0.178587
v 0.858878 -2.891470 -1.606847
v 0.858878 -2.891470 1.606848
v -1.743532 -2.891470 0.528893
v 1.408414 -2.891470 1.155856
v -0.203382 -2.799096 -0.380502
v -0.116034 -2.841717 1.178109
v 1.044027 -2.841717 -0.558044
v -1.132834 -2.841717 -0.343643
v 0.751001 -2.841717 -0.915097
v 0.343642 -2.841717 1.132836
v -1.178109 -2.841717 0.116033
v 0.343642 -2.841717 -1.132834
v 0.751001 -2.841717 0.915097
v -1.044027 -2.841717 0.558043
v 1.044027 -2.841717 0.558044
v -0.343640 -2.841717 -1.132835
v -0.751001 -2.841717 0.915097
v 1.178109 -2.841717 0.116034
v -0.751000 -2.841717 -0.915098
v -0.343642 -2.841717 1.132835
v 1.132835 -2.841717 -0.343641
v -1.044026 -2.841717 -0.558045
v 0.915097 -2.841717 -0.751000
v 0.116033 -2.841717 1.178110
v -1.178109 -2.841717 -0.116034
v 0.558044 -2.841717 -1.044026
v 0.558044 -2.841717 1.044027
v -1.132835 -2.841717 0.343641
v 0.116034 -2.841717 -1.178109
v 0.915097 -2.841717 0.751001
v -0.116033 -2.841717 -1.178109
v -0.915097 -2.841717 0.751000
v 1.132835 -2.841717 0.343642
v -0.558042 -2.841717 -1.044027
v -0.558044 -2.841717 1.044027
v 1.178109 -2.841717 -0.116033
v 0.000000 -2.793140 0.000000
v -0.203383 -2.799096 0.380502
v 0.429369 -2.799096 -0.042289
v -0.333512 -2.799096 -0.273707
v -0.042289 -2.799096 0.429369
v 0.380502 -2.799096 -0.203382
v -0.412868 -2.799096 -0.125243
v 0.273707 -2.799096 -0.333513
v 0.125242 -2.799096 0.412869
v -0.429369 -2.799096 0.042289
v 0.125243 -2.799096 -0.412868
v 0.273707 -2.799096 0.333513
v -0.380502 -2.799096 0.203382
v 0.380502 -2.799096 0.203383
v -0.125242 -2.799096 -0.412869
v -0.273707 -2.799096 0.333513
v 0.429369 -2.799096 0.042289
v -0.273706 -2.799096 -0.333513
v -0.125242 -2.799096 0.412869
v 0.412869 -2.799096 -0.125242
v -0.380501 -2.799096 -0.203383
v 0.333513 -2.799096 -0.273707
v 0.042289 -2.799096 0.429369
v -0.429369 -2.799096 -0.042289
v 0.203383 -2.799096 -0.380502
v 0.203383 -2.799096 0.380502
v -0.412868 -2.799096 0.125242
v 0.042289 -2.799096 -0.429369
v 0.333513 -2.799096 0.273707
v -0.042289 -2.799096 -0.429369
v -0.333513 -2.799096 0.273707
v 0.412869 -2.799096 0.125242
v -0.610963 -2.427661 -0.501406
v -0.077470 -2.427661 0.786564
v 0.697044 -2.427661 -0.372577
v -0.756336 -2.427661 -0.229433
v 0.501405 -2.427661 -0.610964
v 0.229432 -2.427661 0.756337
v -0.786563 -2.427661 0.077469
v 0.229432 -2.427661 -0.756336
v 0.501405 -2.427661 0.610964
v -0.697044 -2.427661 0.372577
v 0.697044 -2.427661 0.372578
v -0.229431 -2.427661 -0.756336
v -0.501405 -2.427661 0.610964
v 0.786564 -2.427661 0.077470
v -0.501404 -2.427661 -0.610964
v -0.229432 -2.427661 0.756336
v 0.756336 -2.427661 -0.229432
v -0.697043 -2.427661 -0.372578
v 0.610964 -2.427661 -0.501405
v 0.077470 -2.427661 0.786564
v -0.786563 -2.427661 -0.077470
v 0.372578 -2.427661 -0.697043
v 0.372577 -2.427661 0.697044
v -0.756336 -2.427661 0.229432
v 0.077470 -2.427661 -0.786563
v 0.610964 -2.427661 0.501405
v -0.077469 -2.427661 -0.786563
v -0.610964 -2.427661 0.501405
v 0.756336 -2.427661 0.229432
v -0.372576 -2.427661 -0.697044
v -0.372578 -2.427661 0.697043
v 0.786564 -2.427661 -0.077470
v 1.412126 -2.665986 -0.139082
v -0.668893 -2.665986 1.251410
v -0.668891 -2.665986 -1.251410
v 1.357859 -2.665986 0.411902
v -1.096871 -2.665986 0.900178
v -0.139081 -2.665986 -1.412126
v 1.096870 -2.665986 0.900178
v 0.139082 -2.665986 -1.412125
v -1.357859 -2.665986 0.411901
v 0.668892 -2.665986 1.251411
v 0.668893 -2.665986 -1.251409
v -1.412126 -2.665986 -0.139083
v 0.139082 -2.665986 1.412127
v 1.096870 -2.665986 -0.900177
v -1.251409 -2.665986 -0.668894
v 1.357859 -2.665986 -0.411902
v -0.411903 -2.665986 1.357859
v -0.900176 -2.665986 -1.096871
v 1.412126 -2.665986 0.139083
v -0.900178 -2.665986 1.096870
v -0.411900 -2.665986 -1.357859
v 1.251410 -2.665986 0.668893
v -1.251410 -2.665986 0.668892
v 0.900178 -2.665986 1.096871
v 0.411902 -2.665986 -1.357858
v -1.412126 -2.665986 0.139081
v 0.411902 -2.665986 1.357859
v 0.900178 -2.665986 -1.096869
v -1.357858 -2.665986 -0.411903
v 1.251410 -2.665986 -0.668892
v -0.139083 -2.665986 1.412126
v -1.096869 -2.665986 -0.900179
v 0.000001 2.518517 -0.000000
v -0.008920 2.518517 0.090568
v 0.080260 2.518517 -0.042900
v -0.087087 2.518517 -0.026418
v 0.057734 2.518517 -0.070348
v 0.026418 2.518517 0.087087
v -0.090567 2.518517 0.008920
v 0.026418 2.518517 -0.087087
v 0.057734 2.518517 0.070348
v -0.080259 2.518517 0.042900
v 0.080260 2.518517 0.042900
v -0.026417 2.518517 -0.087087
v -0.057733 2.518517 0.070348
v 0.090568 2.518517 0.008920
v -0.057733 2.518517 -0.070348
v -0.026417 2.518517 0.087087
v 0.087088 2.518517 -0.026417
v -0.080259 2.518517 -0.042900
v 0.070349 2.518517 -0.057733
v 0.008921 2.518517 0.090568
v -0.090567 2.518517 -0.008920
v 0.042900 2.518517 -0.080260
v 0.042900 2.518517 0.080260
v -0.087087 2.518517 0.026418
v 0.008921 2.518517 -0.090567
v 0.070349 2.518517 0.057734
v -0.008920 2.518517 -0.090567
v -0.070348 2.518517 0.057733
v 0.087088 2.518517 0.026418
v -0.042899 2.518517 -0.080260
v -0.042899 2.518517 0.080260
v 0.090568 2.518517 -0.008920
v 0.375695 2.076025 -0.200813
v -0.041755 2.076025 0.423944
v -0.329299 2.076025 -0.270249
v 0.423944 2.076025 -0.041755
v -0.200813 2.076025 0.375694
v -0.200812 2.076025 -0.375695
v 0.407652 2.076025 0.123660
v -0.329299 2.076025 0.270249
v -0.041754 2.076025 -0.423944
v 0.329299 2.076025 0.270249
v 0.041755 2.076025 -0.423944
v -0.407652 2.076025 0.123660
v 0.200813 2.076025 0.375695
v 0.200813 2.076025 -0.375694
v -0.423944 2.076025 -0.041755
v 0.041755 2.076025 0.423944
v 0.329299 2.076025 -0.270249
v -0.375694 2.076025 -0.200813
v 0.407652 2.076025 -0.123660
v -0.123660 2.076025 0.407652
v -0.270248 2.076025 -0.329299
v 0.423944 2.076025 0.041755
v -0.270249 2.076025 0.329299
v -0.123659 2.076025 -0.407652
v 0.375695 2.076025 0.200813
v -0.375695 2.076025 0.200813
v 0.270249 2.076025 0.329299
v 0.123660 2.076025 -0.407652
v -0.423944 2.076025 0.041755
v 0.123660 2.076025 0.407652
v 0.270249 2.076025 -0.329299
v -0.407652 2.076025 -0.123660
v 0.194631 -2.767268 -1.976126
v 0.197100 -2.794459 -2.001193
v 0.576415 -2.767268 -1.900185
v 0.583727 -2.794459 -1.924288
v 0.936047 -2.767268 -1.751220
v 0.947921 -2.794459 -1.773435
v 1.259708 -2.767268 -1.534958
v 1.275687 -2.794459 -1.554428
v 1.534958 -2.767268 -1.259707
v 1.554429 -2.794459 -1.275686
v 1.751221 -2.767268 -0.936047
v 1.773435 -2.794459 -0.947920
v 1.900186 -2.767268 -0.576414
v 1.924289 -2.794459 -0.583726
v 1.976127 -2.767268 -0.194631
v 2.001194 -2.794459 -0.197100
v 1.976127 -2.767268 0.194632
v 2.001194 -2.794459 0.197101
v 1.900186 -2.767268 0.576415
v 1.924289 -2.794459 0.583727
v 1.751221 -2.767268 0.936048
v 1.773435 -2.794459 0.947921
v 1.534958 -2.767268 1.259708
v 1.554429 -2.794459 1.275687
v 1.259708 -2.767268 1.534959
v 1.275687 -2.794459 1.554430
v 0.936047 -2.767268 1.751222
v 0.947921 -2.794459 1.773436
v 0.576415 -2.767268 1.900187
v 0.583726 -2.794459 1.924290
v 0.194631 -2.767268 1.976128
v 0.197100 -2.794459 2.001195
v -0.194632 -2.767268 1.976128
v -0.197101 -2.794459 2.001195
v -0.576416 -2.767268 1.900186
v -0.583728 -2.794459 1.924290
v -0.936048 -2.767268 1.751221
v -0.947922 -2.794459 1.773436
v -1.259709 -2.767268 1.534958
v -1.275688 -2.794459 1.554429
v -1.534959 -2.767268 1.259707
v -1.554430 -2.794459 1.275687
v -1.751222 -2.767268 0.936047
v -1.773436 -2.794459 0.947920
v -1.900186 -2.767268 0.576414
v -1.924290 -2.794459 0.583726
v -1.976127 -2.767268 0.194630
v -2.001194 -2.794459 0.197099
v -1.976127 -2.767268 -0.194633
v -2.001194 -2.794459 -0.197102
v -1.900185 -2.767268 -0.576417
v -1.924289 -2.794459 -0.583728
v -1.751220 -2.767268 -0.936049
v -1.773434 -2.794459 -0.947923
v -1.534957 -2.767268 -1.259709
v -1.554427 -2.794459 -1.275688
v -1.259706 -2.767268 -1.534959
v -1.275685 -2.794459 -1.554430
v -0.936045 -2.767268 -1.751222
v -0.947918 -2.794459 -1.773436
v -0.576412 -2.767268 -1.900186
v -0.583724 -2.794459 -1.924289
v -0.194630 -2.767268 -1.976126
v -0.197099 -2.794459 -2.001194
v 0.197098 -2.862081 -2.001173
v 0.194623 -2.886905 -1.976037
v 0.583721 -2.862081 -1.924269
v 0.576389 -2.886905 -1.900098
v 0.947911 -2.862081 -1.773416
v 0.936005 -2.886905 -1.751141
v 1.275674 -2.862081 -1.554412
v 1.259650 -2.886905 -1.534888
v 1.554413 -2.862081 -1.275673
v 1.534888 -2.886905 -1.259650
v 1.773417 -2.862081 -0.947911
v 1.751142 -2.886905 -0.936004
v 1.924270 -2.862081 -0.583720
v 1.900100 -2.886905 -0.576388
v 2.001174 -2.862081 -0.197098
v 1.976037 -2.886905 -0.194622
v 2.001174 -2.862081 0.197099
v 1.976038 -2.886905 0.194623
v 1.924270 -2.862081 0.583721
v 1.900099 -2.886905 0.576389
v 1.773417 -2.862081 0.947912
v 1.751142 -2.886905 0.936005
v 1.554413 -2.862081 1.275674
v 1.534888 -2.886905 1.259651
v 1.275674 -2.862081 1.554414
v 1.259650 -2.886905 1.534889
v 0.947911 -2.862081 1.773418
v 0.936004 -2.886905 1.751142
v 0.583720 -2.862081 1.924271
v 0.576388 -2.886905 1.900100
v 0.197098 -2.862081 2.001174
v 0.194622 -2.886905 1.976038
v -0.197099 -2.862081 2.001174
v -0.194623 -2.886905 1.976038
v -0.583722 -2.862081 1.924270
v -0.576390 -2.886905 1.900100
v -0.947912 -2.862081 1.773417
v -0.936006 -2.886905 1.751142
v -1.275675 -2.862081 1.554413
v -1.259651 -2.886905 1.534888
v -1.554414 -2.862081 1.275674
v -1.534889 -2.886905 1.259650
v -1.773418 -2.862081 0.947910
v -1.751142 -2.886905 0.936004
v -1.924270 -2.862081 0.583720
v -1.900100 -2.886905 0.576388
v -2.001174 -2.862081 0.197097
v -1.976037 -2.886905 0.194621
v -2.001173 -2.862081 -0.197100
v -1.976037 -2.886905 -0.194624
v -1.924269 -2.862081 -0.583722
v -1.900098 -2.886905 -0.576390
v -1.773416 -2.862081 -0.947913
v -1.751140 -2.886905 -0.936006
v -1.554412 -2.862081 -1.275675
v -1.534887 -2.886905 -1.259652
v -1.275672 -2.862081 -1.554414
v -1.259648 -2.886905 -1.534889
v -0.947909 -2.862081 -1.773418
v -0.936002 -2.886905 -1.751142
v -0.583718 -2.862081 -1.924270
v -0.576386 -2.886905 -1.900099
v -0.197097 -2.862081 -2.001173
v -0.194621 -2.886905 -1.976037
v 0.197823 -2.828616 -2.008535
v 1.613362 -2.883664 -0.158902
v -0.764214 -2.883664 1.429743
v -0.764211 -2.883664 -1.429743
v 1.551361 -2.883664 0.470600
v -1.253181 -2.883664 1.028458
v -0.158901 -2.883664 -1.613361
v 1.253180 -2.883664 1.028458
v 0.158902 -2.883664 -1.613361
v -1.551362 -2.883664 0.470599
v 0.764213 -2.883664 1.429743
v 0.764213 -2.883664 -1.429742
v -1.613361 -2.883664 -0.158903
v 0.158902 -2.883664 1.613362
v 1.253180 -2.883664 -1.028458
v -1.429742 -2.883664 -0.764215
v 1.551361 -2.883664 -0.470600
v -0.470601 -2.883664 1.551361
v -1.028457 -2.883664 -1.253181
v 1.613362 -2.883664 0.158902
v -1.028459 -2.883664 1.253180
v -0.470598 -2.883664 -1.551361
v 1.429743 -2.883664 0.764214
v -1.429743 -2.883664 0.764213
v 1.028458 -2.883664 1.253180
v 0.470600 -2.883664 -1.551360
v -1.613362 -2.883664 0.158901
v 0.470600 -2.883664 1.551362
v 1.028458 -2.883664 -1.253179
v -1.551360 -2.883664 -0.470601
v 1.429743 -2.883664 -0.764213
v -0.158903 -2.883664 1.613362
v -1.253179 -2.883664 -1.028459
v 0.019537 -1.353475 -0.198359
v 0.015963 0.093277 -0.162075
v 0.000000 -0.689281 -0.178070
v 0.034740 -0.689281 -0.174648
v 0.057859 -1.353475 -0.190736
v 0.047275 0.093277 -0.155846
v 0.068144 -0.689281 -0.164515
v 0.093958 -1.353475 -0.175784
v 0.076771 0.093277 -0.143629
v 0.098930 -0.689281 -0.148059
v 0.126447 -1.353475 -0.154076
v 0.103317 0.093277 -0.125892
v 0.125914 -0.689281 -0.125914
v 0.154076 -1.353475 -0.126447
v 0.125892 0.093277 -0.103317
v 0.148059 -0.689281 -0.098930
v 0.175784 -1.353475 -0.093958
v 0.143629 0.093277 -0.076771
v 0.164515 -0.689281 -0.068144
v 0.190736 -1.353475 -0.057859
v 0.155846 0.093277 -0.047275
v 0.174648 -0.689281 -0.034740
v 0.198359 -1.353475 -0.019537
v 0.162075 0.093277 -0.015963
v 0.178070 -0.689281 0.000000
v 0.198359 -1.353475 0.019537
v 0.162075 0.093277 0.015963
v 0.174648 -0.689281 0.034740
v 0.190736 -1.353475 0.057859
v 0.155846 0.093277 0.047275
v 0.164515 -0.689281 0.068144
v 0.175784 -1.353475 0.093958
v 0.143629 0.093277 0.076771
v 0.148059 -0.689281 0.098930
v 0.154076 -1.353475 0.126447
v 0.125892 0.093277 0.103317
v 0.125914 -0.689281 0.125914
v 0.126447 -1.353475 0.154076
v 0.103317 0.093277 0.125892
v 0.098930 -0.689281 0.148059
v 0.093958 -1.353475 0.175784
v 0.076771 0.093277 0.143629
v 0.068144 -0.689281 0.164515
v 0.057859 -1.353475 0.190736
v 0.047275 0.093277 0.155846
v 0.034740 -0.689281 0.174648
v 0.019537 -1.353475 0.198359
v 0.015963 0.093277 0.162075
v 0.000000 -0.689281 0.178070
v -0.019537 -1.353475 0.198359
v -0.015963 0.093277 0.162075
v -0.034740 -0.689281 0.174648
v -0.057859 -1.353475 0.190736
v -0.047276 0.093277 0.155846
v -0.068144 -0.689281 0.164515
v -0.093958 -1.353475 0.175784
v -0.076771 0.093277 0.143629
v -0.098930 -0.689281 0.148059
v -0.126447 -1.353475 0.154076
v -0.103317 0.093277 0.125892
v -0.125914 -0.689281 0.125914
v -0.154076 -1.353475 0.126446
v -0.125892 0.093277 0.103317
v -0.148059 -0.689281 0.098930
v -0.175784 -1.353475 0.093958
v -0.143629 0.093277 0.076771
v -0.164515 -0.689281 0.068144
v -0.190736 -1.353475 0.057859
v -0.155846 0.093277 0.047275
v -0.174648 -0.689281 0.034739
v -0.198359 -1.353475 0.019536
v -0.162075 0.093277 0.015963
v -0.178070 -0.689281 0.000000
v -0.198359 -1.353475 -0.019537
v -0.162075 0.093277 -0.015963
v -0.174648 -0.689281 -0.034740
v -0.190736 -1.353475 -0.057859
v -0.155846 0.093277 -0.047276
v -0.164515 -0.689281 -0.068144
v -0.175783 -1.353475 -0.093958
v -0.143629 0.093277 -0.076771
v -0.148059 -0.689281 -0.098930
v -0.154075 -1.353475 -0.126447
v -0.125892 0.093277 -0.103317
v -0.125914 -0.689281 -0.125914
v -0.126446 -1.353475 -0.154076
v -0.103316 0.093277 -0.125892
v -0.098930 -0.689281 -0.148060
v -0.093958 -1.353475 -0.175784
v -0.076771 0.093277 -0.143629
v -0.068144 -0.689281 -0.164515
v -0.057859 -1.353475 -0.190736
v -0.047275 0.093277 -0.155846
v -0.034739 -0.689281 -0.174648
v -0.019537 -1.353475 -0.198359
v -0.015963 0.093277 -0.162075
v 0.031053 -1.932015 -0.315282
v 0.091964 -1.932015 -0.303166
v 0.149342 -1.932015 -0.279399
v 0.200980 -1.932015 -0.244895
v 0.244895 -1.932015 -0.200980
v 0.279399 -1.932015 -0.149342
v 0.303166 -1.932015 -0.091964
v 0.315282 -1.932015 -0.031053
v 0.315282 -1.932015 0.031053
v 0.303166 -1.932015 0.091964
v 0.279399 -1.932015 0.149342
v 0.244895 -1.932015 0.200981
v 0.200980 -1.932015 0.244896
v 0.149342 -1.932015 0.279399
v 0.091964 -1.932015 0.303166
v 0.031052 -1.932015 0.315282
v -0.031053 -1.932015 0.315282
v -0.091964 -1.932015 0.303166
v -0.149342 -1.932015 0.279399
v -0.200981 -1.932015 0.244895
v -0.244896 -1.932015 0.200980
v -0.279399 -1.932015 0.149342
v -0.303166 -1.932015 0.091964
v -0.315282 -1.932015 0.031052
v -0.315282 -1.932015 -0.031053
v -0.303166 -1.932015 -0.091965
v -0.279399 -1.932015 -0.149342
v -0.244895 -1.932015 -0.200981
v -0.200980 -1.932015 -0.244896
v -0.149342 -1.932015 -0.279399
v -0.091964 -1.932015 -0.303166
v -0.031052 -1.932015 -0.315282
v -0.119624 -1.639302 -0.179030
v -0.103256 -1.832590 -0.249284
v -0.082398 -1.639302 0.198927
v -0.149906 -1.832590 0.224350
v 0.000000 -1.639302 -0.215317
v 0.052640 -1.832590 -0.264638
v 0.211180 -1.639302 -0.042006
v 0.269823 -1.832590 0.000000
v -0.179030 -1.639302 0.119624
v -0.249284 -1.832590 0.103257
v 0.198927 -1.639302 0.082398
v 0.224350 -1.832590 0.149906
v -0.215317 -1.639302 0.000000
v -0.264638 -1.832590 -0.052640
v 0.082398 -1.639302 -0.198927
v 0.149906 -1.832590 -0.224350
v 0.119624 -1.639302 0.179030
v 0.103257 -1.832590 0.249284
v -0.179030 -1.639302 -0.119624
v -0.190793 -1.832590 -0.190794
v 0.000000 -1.639302 0.215317
v -0.052640 -1.832590 0.264638
v 0.179030 -1.639302 -0.119624
v 0.249284 -1.832590 -0.103257
v -0.052640 -1.832590 -0.264638
v -0.190794 -1.832590 0.190794
v 0.264638 -1.832590 0.052640
v -0.264638 -1.832590 0.052640
v 0.190794 -1.832590 0.190794
v -0.249284 -1.832590 -0.103257
v 0.190794 -1.832590 -0.190794
v 0.052640 -1.832590 0.264638
v 0.065480 -2.348318 -0.664830
v 0.193924 -2.348318 -0.639281
v 0.314915 -2.348318 -0.589165
v 0.423805 -2.348318 -0.516407
v 0.516408 -2.348318 -0.423805
v 0.589165 -2.348318 -0.314915
v 0.639281 -2.348318 -0.193924
v 0.664831 -2.348318 -0.065480
v 0.664831 -2.348318 0.065480
v 0.639281 -2.348318 0.193924
v 0.589165 -2.348318 0.314915
v 0.516408 -2.348318 0.423805
v 0.423805 -2.348318 0.516408
v 0.314915 -2.348318 0.589165
v 0.193924 -2.348318 0.639282
v 0.065480 -2.348318 0.664831
v -0.065480 -2.348318 0.664831
v -0.193924 -2.348318 0.639281
v -0.314916 -2.348318 0.589165
v -0.423805 -2.348318 0.516407
v -0.516408 -2.348318 0.423804
v -0.589165 -2.348318 0.314915
v -0.639282 -2.348318 0.193923
v -0.664830 -2.348318 0.065480
v -0.664830 -2.348318 -0.065481
v -0.639281 -2.348318 -0.193924
v -0.589165 -2.348318 -0.314916
v -0.516407 -2.348318 -0.423805
v -0.423804 -2.348318 -0.516408
v -0.314914 -2.348318 -0.589165
v -0.193923 -2.348318 -0.639281
v -0.065480 -2.348318 -0.664830
v -0.368285 -2.037003 -0.073257
v -0.510337 -2.251030 -0.211389
v 0.208617 -2.037003 -0.312217
v 0.390595 -2.251030 -0.390595
v 0.143698 -2.037003 0.346917
v 0.107765 -2.251030 0.541771
v -0.368285 -2.037003 0.073256
v -0.552385 -2.251030 0.000000
v 0.073257 -2.037003 -0.368285
v 0.211388 -2.251030 -0.510337
v 0.265519 -2.037003 0.265519
v 0.306888 -2.251030 0.459291
v -0.312217 -2.037003 0.208617
v -0.510337 -2.251030 0.211388
v 0.346917 -2.037003 0.143698
v 0.459291 -2.251030 0.306889
v -0.143697 -2.037003 -0.346917
v -0.107764 -2.251030 -0.541771
v -0.208617 -2.037003 0.312217
v -0.390595 -2.251030 0.390595
v 0.375501 -2.037003 0.000000
v 0.541771 -2.251030 0.107765
v -0.265519 -2.037003 -0.265519
v -0.306888 -2.251030 -0.459291
v -0.073257 -2.037003 0.368285
v -0.211389 -2.251030 0.510337
v 0.346917 -2.037003 -0.143698
v 0.541771 -2.251030 -0.107765
v -0.459291 -2.251030 -0.306889
v 0.459291 -2.251030 -0.306888
v 0.000000 -2.251030 0.552385
v 0.000000 -2.037003 -0.375501
v -0.657175 -2.427661 -0.439111
v 0.000000 -2.427661 0.790379
v 0.657176 -2.427661 -0.439111
v -0.775191 -2.427661 -0.154196
v 0.439111 -2.427661 -0.657175
v 0.302465 -2.427661 0.730215
v -0.775192 -2.427661 0.154195
v 0.154195 -2.427661 -0.775191
v 0.558882 -2.427661 0.558882
v -0.657176 -2.427661 0.439110
v 0.730215 -2.427661 0.302465
v -0.302464 -2.427661 -0.730215
v -0.439111 -2.427661 0.657176
v 0.790379 -2.427661 0.000000
v 0.000000 -2.427661 -0.790378
v -1.179834 -2.665986 -0.788341
v -0.730259 -2.546451 -0.730260
v 0.000000 -2.665986 1.418976
v -0.201479 -2.546451 1.012900
v 1.179835 -2.665986 -0.788340
v 0.954130 -2.546451 -0.395213
v -1.391710 -2.665986 -0.276829
v -0.954130 -2.546451 -0.395215
v 0.788340 -2.665986 -1.179834
v 0.730260 -2.546451 -0.730260
v 0.543018 -2.665986 1.310963
v 0.201478 -2.546451 1.012900
v -1.391710 -2.665986 0.276827
v -1.032743 -2.546451 -0.000001
v 0.276828 -2.665986 -1.391709
v 0.395214 -2.546451 -0.954130
v 1.003367 -2.665986 1.003368
v 0.573761 -2.546451 0.858695
v -1.179835 -2.665986 0.788340
v -0.954131 -2.546451 0.395213
v 1.310962 -2.665986 0.543018
v 0.858695 -2.546451 0.573762
v -0.543016 -2.665986 -1.310962
v -0.201477 -2.546451 -1.012899
v -0.788341 -2.665986 1.179835
v -0.730260 -2.546451 0.730260
v 1.418975 -2.665986 0.000000
v 1.012900 -2.546451 0.201478
v -0.573760 -2.546451 -0.858695
v -0.395214 -2.546451 0.954130
v 1.012900 -2.546451 -0.201478
v 0.000000 -2.665986 -1.418975
v 1.181926 -2.600544 -0.116409
v -0.559852 -2.600544 1.047409
v -0.559850 -2.600544 -1.047410
v 1.136505 -2.600544 0.344755
v -0.918062 -2.600544 0.753434
v -0.116409 -2.600544 -1.181926
v 0.918062 -2.600544 0.753434
v 0.116410 -2.600544 -1.181926
v -1.136505 -2.600544 0.344754
v 0.559852 -2.600544 1.047410
v 0.559852 -2.600544 -1.047409
v -1.181926 -2.600544 -0.116410
v 0.116409 -2.600544 1.181926
v 0.918062 -2.600544 -0.753434
v -1.047408 -2.600544 -0.559853
v 1.136505 -2.600544 -0.344755
v -0.344756 -2.600544 1.136505
v -0.753433 -2.600544 -0.918063
v 1.181926 -2.600544 0.116410
v -0.753434 -2.600544 0.918062
v -0.344753 -2.600544 -1.136505
v 1.047409 -2.600544 0.559852
v -1.047410 -2.600544 0.559851
v 0.753434 -2.600544 0.918062
v 0.344755 -2.600544 -1.136505
v -1.181926 -2.600544 0.116409
v 0.344755 -2.600544 1.136506
v 0.753434 -2.600544 -0.918062
v -1.136505 -2.600544 -0.344756
v 1.047409 -2.600544 -0.559852
v -0.116410 -2.600544 1.181926
v -0.918061 -2.600544 -0.753435
v -0.541771 -2.251030 -0.107765
v -0.346917 -2.037003 -0.143698
v 0.306888 -2.251030 -0.459291
v 0.265519 -2.037003 -0.265519
v 0.211388 -2.251030 0.510337
v 0.073256 -2.037003 0.368286
v -0.541771 -2.251030 0.107765
v -0.375501 -2.037003 0.000000
v 0.107765 -2.251030 -0.541771
v 0.143698 -2.037003 -0.346917
v 0.390595 -2.251030 0.390595
v 0.208617 -2.037003 0.312217
v -0.459291 -2.251030 0.306888
v -0.346917 -2.037003 0.143698
v 0.510337 -2.251030 0.211388
v 0.312217 -2.037003 0.208617
v -0.211388 -2.251030 -0.510337
v -0.073256 -2.037003 -0.368285
v -0.306889 -2.251030 0.459291
v -0.265519 -2.037003 0.265519
v 0.552385 -2.251030 0.000000
v 0.368285 -2.037003 0.073257
v -0.390594 -2.251030 -0.390595
v -0.208617 -2.037003 -0.312218
v -0.107765 -2.251030 0.541771
v -0.143698 -2.037003 0.346917
v 0.510337 -2.251030 -0.211388
v 0.368285 -2.037003 -0.073256
v -0.312217 -2.037003 -0.208617
v 0.312217 -2.037003 -0.208617
v 0.000000 -2.037003 0.375501
v 0.000000 -2.251030 -0.552385
v 0.398616 -2.144394 -0.213065
v -0.044303 -2.144394 0.449810
v -0.349390 -2.144394 -0.286737
v 0.449810 -2.144394 -0.044302
v -0.213065 -2.144394 0.398616
v -0.213064 -2.144394 -0.398617
v 0.432524 -2.144394 0.131205
v -0.349390 -2.144394 0.286737
v -0.044302 -2.144394 -0.449810
v 0.349390 -2.144394 0.286737
v 0.044302 -2.144394 -0.449810
v -0.432524 -2.144394 0.131204
v 0.213065 -2.144394 0.398617
v 0.213065 -2.144394 -0.398616
v -0.449810 -2.144394 -0.044303
v 0.044302 -2.144394 0.449810
v 0.349390 -2.144394 -0.286737
v -0.398616 -2.144394 -0.213065
v 0.432524 -2.144394 -0.131205
v -0.131205 -2.144394 0.432524
v -0.286737 -2.144394 -0.349391
v 0.449810 -2.144394 0.044302
v -0.286737 -2.144394 0.349390
v -0.131204 -2.144394 -0.432524
v 0.398616 -2.144394 0.213065
v -0.398617 -2.144394 0.213065
v 0.286737 -2.144394 0.349390
v 0.131205 -2.144394 -0.432524
v -0.449810 -2.144394 0.044302
v 0.131205 -2.144394 0.432524
v 0.286737 -2.144394 -0.349390
v -0.432524 -2.144394 -0.131205
v -0.149905 -1.832590 -0.224350
v -0.082398 -1.639302 -0.198927
v -0.103257 -1.832590 0.249284
v -0.119624 -1.639302 0.179030
v 0.000000 -1.832590 -0.269823
v 0.042006 -1.639302 -0.211180
v 0.264638 -1.832590 -0.052640
v 0.215317 -1.639302 0.000000
v -0.224350 -1.832590 0.149905
v -0.198927 -1.639302 0.082398
v 0.249284 -1.832590 0.103257
v 0.179030 -1.639302 0.119624
v -0.269823 -1.832590 0.000000
v -0.211180 -1.639302 -0.042007
v 0.103257 -1.832590 -0.249284
v 0.119624 -1.639302 -0.179030
v 0.149906 -1.832590 0.224350
v 0.082398 -1.639302 0.198927
v -0.224349 -1.832590 -0.149906
v -0.152252 -1.639302 -0.152252
v 0.000000 -1.832590 0.269823
v -0.042006 -1.639302 0.211180
v 0.224350 -1.832590 -0.149906
v 0.198927 -1.639302 -0.082398
v -0.042006 -1.639302 -0.211180
v -0.152252 -1.639302 0.152252
v 0.211180 -1.639302 0.042006
v -0.211180 -1.639302 0.042006
v 0.152252 -1.639302 0.152252
v -0.198927 -1.639302 -0.082399
v 0.152252 -1.639302 -0.152252
v 0.042006 -1.639302 0.211180
v 0.023095 -1.735946 0.234490
v 0.182141 -1.735946 -0.149479
v -0.207803 -1.735946 -0.111073
v 0.149479 -1.735946 0.182141
v 0.068398 -1.735946 -0.225479
v -0.234490 -1.735946 0.023095
v 0.225479 -1.735946 0.068398
v -0.182141 -1.735946 0.149479
v -0.023095 -1.735946 -0.234490
v 0.225479 -1.735946 -0.068398
v -0.068398 -1.735946 0.225479
v -0.149479 -1.735946 -0.182141
v 0.068398 -1.735946 0.225479
v 0.149479 -1.735946 -0.182141
v -0.225479 -1.735946 -0.068399
v 0.182141 -1.735946 0.149479
v -0.225479 -1.735946 0.068398
v 0.234490 -1.735946 0.023095
v -0.149479 -1.735946 0.182140
v -0.068398 -1.735946 -0.225479
v 0.207803 -1.735946 -0.111073
v -0.023095 -1.735946 0.234490
v -0.182140 -1.735946 -0.149479
v 0.111073 -1.735946 0.207803
v 0.111073 -1.735946 -0.207803
v -0.234490 -1.735946 -0.023095
v 0.207803 -1.735946 0.111073
v -0.207803 -1.735946 0.111073
v 0.234490 -1.735946 -0.023095
v 0.023095 -1.735946 -0.234490
v -0.111073 -1.735946 0.207803
v -0.111073 -1.735946 -0.207803
v 0.017598 1.211330 -0.178675
v 0.052118 1.211330 -0.171809
v 0.084634 1.211330 -0.158340
v 0.113899 1.211330 -0.138786
v 0.138786 1.211330 -0.113899
v 0.158340 1.211330 -0.084634
v 0.171809 1.211330 -0.052118
v 0.178675 1.211330 -0.017598
v 0.178675 1.211330 0.017598
v 0.171809 1.211330 0.052118
v 0.158340 1.211330 0.084634
v 0.138786 1.211330 0.113899
v 0.113899 1.211330 0.138786
v 0.084634 1.211330 0.158340
v 0.052118 1.211330 0.171809
v 0.017598 1.211330 0.178675
v -0.017598 1.211330 0.178675
v -0.052118 1.211330 0.171809
v -0.084634 1.211330 0.158340
v -0.113899 1.211330 0.138786
v -0.138786 1.211330 0.113899
v -0.158340 1.211330 0.084634
v -0.171809 1.211330 0.052117
v -0.178675 1.211330 0.017598
v -0.178675 1.211330 -0.017598
v -0.171809 1.211330 -0.052118
v -0.158340 1.211330 -0.084635
v -0.138786 1.211330 -0.113899
v -0.113899 1.211330 -0.138786
v -0.084634 1.211330 -0.158340
v -0.052117 1.211330 -0.171809
v -0.017598 1.211330 -0.178675
v -0.152434 0.734197 -0.063141
v -0.161823 0.734197 -0.032189
v 0.116668 0.734197 -0.116668
v 0.091666 0.734197 -0.137187
v 0.032189 0.734197 0.161823
v 0.063140 0.734197 0.152434
v -0.091665 0.734197 -0.137187
v -0.116668 0.734197 -0.116668
v -0.063140 0.734197 0.152434
v -0.032189 0.734197 0.161823
v 0.161823 0.734197 -0.032189
v 0.152434 0.734197 -0.063140
v 0.000000 0.734197 -0.164994
v -0.032188 0.734197 -0.161823
v -0.137187 0.734197 0.091666
v -0.116668 0.734197 0.116668
v 0.152434 0.734197 0.063140
v 0.161823 0.734197 0.032189
v -0.164994 0.734197 -0.000000
v -0.161823 0.734197 0.032189
v 0.063140 0.734197 -0.152434
v 0.032189 0.734197 -0.161823
v 0.091666 0.734197 0.137187
v 0.116668 0.734197 0.116668
v -0.137187 0.734197 -0.091666
v 0.137187 0.734197 -0.091666
v 0.000000 0.734197 0.164994
v -0.063140 0.734197 -0.152434
v -0.091666 0.734197 0.137187
v 0.164994 0.734197 -0.000000
v -0.152434 0.734197 0.063140
v 0.137187 0.734197 0.091666
v 0.023750 1.690847 -0.241141
v 0.070338 1.690847 -0.231874
v 0.114223 1.690847 -0.213696
v 0.153718 1.690847 -0.187306
v 0.187306 1.690847 -0.153718
v 0.213696 1.690847 -0.114223
v 0.231874 1.690847 -0.070338
v 0.241141 1.690847 -0.023750
v 0.241141 1.690847 0.023750
v 0.231874 1.690847 0.070338
v 0.213696 1.690847 0.114223
v 0.187306 1.690847 0.153718
v 0.153718 1.690847 0.187306
v 0.114223 1.690847 0.213696
v 0.070338 1.690847 0.231874
v 0.023750 1.690847 0.241141
v -0.023750 1.690847 0.241141
v -0.070338 1.690847 0.231874
v -0.114223 1.690847 0.213696
v -0.153718 1.690847 0.187306
v -0.187306 1.690847 0.153718
v -0.213696 1.690847 0.114223
v -0.231874 1.690847 0.070338
v -0.241141 1.690847 0.023750
v -0.241141 1.690847 -0.023751
v -0.231874 1.690847 -0.070338
v -0.213696 1.690847 -0.114223
v -0.187306 1.690847 -0.153719
v -0.153718 1.690847 -0.187307
v -0.114223 1.690847 -0.213696
v -0.070338 1.690847 -0.231874
v -0.023750 1.690847 -0.241141
v -0.111990 1.502526 -0.167606
v -0.142537 1.502526 -0.142537
v -0.077141 1.502526 0.186234
v -0.039326 1.502526 0.197704
v 0.197704 1.502526 -0.039326
v 0.186234 1.502526 -0.077140
v -0.167606 1.502526 -0.111991
v -0.186234 1.502526 -0.077141
v 0.167606 1.502526 -0.111991
v 0.142537 1.502526 -0.142537
v 0.000000 1.502526 0.201578
v 0.039326 1.502526 0.197705
v -0.197704 1.502526 -0.039326
v -0.201578 1.502526 -0.000000
v 0.111991 1.502526 -0.167606
v 0.077140 1.502526 -0.186234
v 0.077140 1.502526 0.186234
v 0.111991 1.502526 0.167606
v -0.197705 1.502526 0.039326
v -0.186234 1.502526 0.077140
v 0.039326 1.502526 -0.197704
v 0.000000 1.502526 -0.201578
v 0.142537 1.502526 0.142537
v 0.167606 1.502526 0.111991
v -0.039326 1.502526 -0.197705
v -0.167606 1.502526 0.111990
v -0.142537 1.502526 0.142537
v 0.186234 1.502526 0.077140
v 0.197704 1.502526 0.039326
v -0.077140 1.502526 -0.186234
v -0.111991 1.502526 0.167606
v 0.201578 1.502526 -0.000000
v 0.036966 1.984967 -0.375320
v 0.109477 1.984967 -0.360897
v 0.177781 1.984967 -0.332604
v 0.239253 1.984967 -0.291530
v 0.291530 1.984967 -0.239253
v 0.332605 1.984967 -0.177781
v 0.360897 1.984967 -0.109477
v 0.375320 1.984967 -0.036966
v 0.375320 1.984967 0.036966
v 0.360897 1.984967 0.109477
v 0.332605 1.984967 0.177781
v 0.291530 1.984967 0.239253
v 0.239253 1.984967 0.291530
v 0.177781 1.984967 0.332605
v 0.109477 1.984967 0.360897
v 0.036966 1.984967 0.375320
v -0.036966 1.984967 0.375320
v -0.109477 1.984967 0.360897
v -0.177781 1.984967 0.332604
v -0.239253 1.984967 0.291530
v -0.291530 1.984967 0.239253
v -0.332605 1.984967 0.177781
v -0.360897 1.984967 0.109477
v -0.375320 1.984967 0.036966
v -0.375320 1.984967 -0.036966
v -0.360897 1.984967 -0.109477
v -0.332604 1.984967 -0.177781
v -0.291530 1.984967 -0.239253
v -0.239252 1.984967 -0.291530
v -0.177780 1.984967 -0.332605
v -0.109476 1.984967 -0.360897
v -0.036965 1.984967 -0.375320
v -0.061053 1.859354 -0.306935
v -0.119760 1.859354 -0.289126
v -0.221288 1.859354 0.221288
v -0.173865 1.859354 0.260207
v 0.306935 1.859354 0.061053
v 0.312948 1.859354 -0.000000
v -0.173864 1.859354 -0.260207
v -0.221287 1.859354 -0.221288
v -0.119760 1.859354 0.289126
v -0.061053 1.859354 0.306935
v 0.306935 1.859354 -0.061053
v 0.289126 1.859354 -0.119760
v -0.260207 1.859354 -0.173865
v -0.289126 1.859354 -0.119760
v 0.260207 1.859354 -0.173865
v 0.221288 1.859354 -0.221288
v 0.000000 1.859354 0.312948
v 0.061053 1.859354 0.306935
v -0.306935 1.859354 -0.061053
v -0.312948 1.859354 -0.000000
v 0.173865 1.859354 -0.260207
v 0.119760 1.859354 -0.289126
v 0.119760 1.859354 0.289126
v 0.173865 1.859354 0.260207
v -0.306935 1.859354 0.061053
v -0.289126 1.859354 0.119760
v 0.061053 1.859354 -0.306935
v 0.000000 1.859354 -0.312948
v 0.221288 1.859354 0.221288
v 0.260207 1.859354 0.173865
v -0.260207 1.859354 0.173864
v 0.289126 1.859354 0.119760
v 0.039736 2.065785 -0.403447
v 0.117681 2.065785 -0.387943
v 0.191104 2.065785 -0.357530
v 0.257182 2.065785 -0.313378
v 0.313378 2.065785 -0.257182
v 0.357530 2.065785 -0.191104
v 0.387943 2.065785 -0.117681
v 0.403447 2.065785 -0.039736
v 0.403447 2.065785 0.039736
v 0.387943 2.065785 0.117681
v 0.357530 2.065785 0.191104
v 0.313378 2.065785 0.257182
v 0.257182 2.065785 0.313378
v 0.191104 2.065785 0.357530
v 0.117681 2.065785 0.387943
v 0.039736 2.065785 0.403447
v -0.039736 2.065785 0.403447
v -0.117681 2.065785 0.387943
v -0.191104 2.065785 0.357530
v -0.257183 2.065785 0.313378
v -0.313378 2.065785 0.257182
v -0.357530 2.065785 0.191104
v -0.387943 2.065785 0.117681
v -0.403447 2.065785 0.039736
v -0.403447 2.065785 -0.039736
v -0.387942 2.065785 -0.117681
v -0.357530 2.065785 -0.191104
v -0.313377 2.065785 -0.257183
v -0.257182 2.065785 -0.313378
v -0.191103 2.065785 -0.357530
v -0.117680 2.065785 -0.387943
v -0.039736 2.065785 -0.403447
v -0.398538 2.044605 -0.000000
v -0.390880 2.044605 0.077751
v 0.152514 2.044605 -0.368201
v 0.077751 2.044605 -0.390880
v 0.221416 2.044605 0.331372
v 0.281809 2.044605 0.281809
v -0.368201 2.044605 0.152514
v -0.331372 2.044605 0.221416
v 0.331372 2.044605 0.221416
v 0.368201 2.044605 0.152514
v -0.077750 2.044605 -0.390880
v -0.152513 2.044605 -0.368201
v -0.281809 2.044605 0.281809
v -0.221416 2.044605 0.331372
v 0.390880 2.044605 0.077751
v 0.398538 2.044605 -0.000000
v -0.221415 2.044605 -0.331372
v -0.281809 2.044605 -0.281809
v -0.152514 2.044605 0.368201
v -0.077751 2.044605 0.390880
v 0.390880 2.044605 -0.077751
v 0.368201 2.044605 -0.152514
v -0.331372 2.044605 -0.221416
v -0.368201 2.044605 -0.152514
v 0.331372 2.044605 -0.221416
v 0.281809 2.044605 -0.281809
v 0.000000 2.044605 0.398538
v 0.077751 2.044605 0.390880
v -0.390880 2.044605 -0.077751
v 0.221416 2.044605 -0.331372
v 0.152514 2.044605 0.368201
v 0.000000 2.044605 -0.398538
v 0.052604 2.142853 -0.534100
v 0.155791 2.142853 -0.513575
v 0.252991 2.142853 -0.473313
v 0.340469 2.142853 -0.414863
v 0.414863 2.142853 -0.340469
v 0.473314 2.142853 -0.252991
v 0.513575 2.142853 -0.155791
v 0.534100 2.142853 -0.052604
v 0.534100 2.142853 0.052604
v 0.513575 2.142853 0.155791
v 0.473314 2.142853 0.252991
v 0.414863 2.142853 0.340469
v 0.340469 2.142853 0.414863
v 0.252991 2.142853 0.473314
v 0.155791 2.142853 0.513575
v 0.052604 2.142853 0.534100
v -0.052604 2.142853 0.534100
v -0.155791 2.142853 0.513575
v -0.252992 2.142853 0.473314
v -0.340469 2.142853 0.414863
v -0.414863 2.142853 0.340469
v -0.473314 2.142853 0.252991
v -0.513575 2.142853 0.155791
v -0.534100 2.142853 0.052604
v -0.534100 2.142853 -0.052605
v -0.513575 2.142853 -0.155792
v -0.473313 2.142853 -0.252992
v -0.414862 2.142853 -0.340469
v -0.340468 2.142853 -0.414863
v -0.252991 2.142853 -0.473314
v -0.155790 2.142853 -0.513575
v -0.052604 2.142853 -0.534100
v -0.393573 2.076025 -0.163024
v -0.455392 2.089827 -0.090584
v 0.301228 2.076025 -0.301228
v 0.257959 2.089827 -0.386063
v 0.083109 2.076025 0.417815
v 0.177685 2.089827 0.428970
v -0.426000 2.076025 -0.000000
v -0.455392 2.089827 0.090583
v 0.163023 2.076025 -0.393573
v 0.090583 2.089827 -0.455392
v 0.236673 2.076025 0.354207
v 0.328320 2.089827 0.328320
v -0.393573 2.076025 0.163023
v -0.386063 2.089827 0.257959
v 0.354207 2.076025 0.236673
v 0.428970 2.089827 0.177685
v -0.083108 2.076025 -0.417815
v -0.177685 2.089827 -0.428970
v -0.301228 2.076025 0.301228
v -0.257959 2.089827 0.386063
v 0.417815 2.076025 0.083109
v 0.464314 2.089827 -0.000000
v -0.236673 2.076025 -0.354207
v -0.328319 2.089827 -0.328320
v -0.163023 2.076025 0.393573
v -0.090583 2.089827 0.455392
v 0.417815 2.076025 -0.083108
v 0.428970 2.089827 -0.177685
v -0.354206 2.076025 -0.236673
v 0.354207 2.076025 -0.236673
v 0.000000 2.076025 0.426000
v 0.000000 2.089827 -0.464314
v 0.096751 2.476249 -0.982331
v 0.286535 2.476249 -0.944580
v 0.465308 2.476249 -0.870530
v 0.626200 2.476249 -0.763026
v 0.763027 2.476249 -0.626199
v 0.870531 2.476249 -0.465308
v 0.944581 2.476249 -0.286535
v 0.982331 2.476249 -0.096751
v 0.982331 2.476249 0.096751
v 0.944581 2.476249 0.286536
v 0.870531 2.476249 0.465308
v 0.763027 2.476249 0.626200
v 0.626200 2.476249 0.763027
v 0.465308 2.476249 0.870531
v 0.286535 2.476249 0.944581
v 0.096751 2.476249 0.982331
v -0.096752 2.476249 0.982331
v -0.286536 2.476249 0.944581
v -0.465309 2.476249 0.870531
v -0.626200 2.476249 0.763026
v -0.763027 2.476249 0.626199
v -0.870531 2.476249 0.465308
v -0.944581 2.476249 0.286535
v -0.982331 2.476249 0.096751
v -0.982331 2.476249 -0.096752
v -0.944580 2.476249 -0.286536
v -0.870530 2.476249 -0.465309
v -0.763026 2.476249 -0.626200
v -0.626199 2.476249 -0.763027
v -0.465307 2.476249 -0.870531
v -0.286534 2.476249 -0.944581
v -0.096751 2.476249 -0.982331
v -0.517686 2.283866 -0.517687
v -0.608734 2.283866 -0.406744
v -0.142830 2.283866 0.718052
v 0.000000 2.283866 0.732119
v 0.676390 2.283866 -0.280170
v 0.608735 2.283866 -0.406743
v -0.676390 2.283866 -0.280170
v -0.718052 2.283866 -0.142830
v 0.517687 2.283866 -0.517686
v 0.406744 2.283866 -0.608735
v 0.142829 2.283866 0.718052
v 0.280170 2.283866 0.676390
v -0.732119 2.283866 -0.000001
v -0.718052 2.283866 0.142829
v 0.280170 2.283866 -0.676390
v 0.142829 2.283866 -0.718052
v 0.406744 2.283866 0.608735
v 0.517686 2.283866 0.517687
v -0.676390 2.283866 0.280170
v -0.608735 2.283866 0.406743
v 0.608735 2.283866 0.406744
v 0.676390 2.283866 0.280170
v -0.142828 2.283866 -0.718052
v -0.280169 2.283866 -0.676390
v -0.517687 2.283866 0.517686
v -0.406744 2.283866 0.608735
v 0.718052 2.283866 0.142829
v 0.732119 2.283866 -0.000000
v -0.406743 2.283866 -0.608735
v -0.280170 2.283866 0.676390
v 0.718052 2.283866 -0.142829
v 0.000000 2.283866 -0.732119
v 0.193785 3.394689 -1.967528
v 0.573907 3.394689 -1.891917
v 0.931974 3.394689 -1.743600
v 1.254227 3.394689 -1.528278
v 1.528280 3.394689 -1.254226
v 1.743601 3.394689 -0.931974
v 1.891918 3.394689 -0.573906
v 1.967529 3.394689 -0.193784
v 1.967529 3.394689 0.193785
v 1.891918 3.394689 0.573907
v 1.743601 3.394689 0.931975
v 1.528280 3.394689 1.254227
v 1.254227 3.394689 1.528280
v 0.931974 3.394689 1.743602
v 0.573906 3.394689 1.891918
v 0.193784 3.394689 1.967529
v -0.193785 3.394689 1.967529
v -0.573908 3.394689 1.891918
v -0.931975 3.394689 1.743602
v -1.254227 3.394689 1.528279
v -1.528280 3.394689 1.254226
v -1.743602 3.394689 0.931974
v -1.891918 3.394689 0.573906
v -1.967529 3.394689 0.193783
v -1.967529 3.394689 -0.193786
v -1.891917 3.394689 -0.573908
v -1.743600 3.394689 -0.931976
v -1.528278 3.394689 -1.254228
v -1.254224 3.394689 -1.528280
v -0.931972 3.394689 -1.743602
v -0.573904 3.394689 -1.891918
v -0.193783 3.394689 -1.967528
v -0.473805 2.683379 -1.143871
v -0.973460 3.151906 -1.456889
v -0.687862 2.683379 1.029457
v -0.670533 3.151906 1.618808
v 1.238117 2.683379 -0.000000
v 1.718517 3.151906 -0.341834
v -0.875480 2.683379 -0.875482
v -1.456887 3.151906 -0.973463
v -0.241545 2.683379 1.214327
v -0.000001 3.151906 1.752185
v 1.143871 2.683379 -0.473807
v 1.456889 3.151906 -0.973461
v -1.143870 2.683379 -0.473808
v -1.718517 3.151906 -0.341836
v 0.875481 2.683379 -0.875481
v 0.973462 3.151906 -1.456888
v 0.241544 2.683379 1.214327
v 0.670532 3.151906 1.618808
v -1.238117 2.683379 -0.000001
v -1.718517 3.151906 0.341833
v 0.473807 2.683379 -1.143870
v 0.341834 3.151906 -1.718516
v 0.687861 2.683379 1.029457
v 1.238982 3.151906 1.238982
v -1.143871 2.683379 0.473806
v -1.456889 3.151906 0.973461
v 1.029457 2.683379 0.687861
v 1.618808 3.151906 0.670532
v -0.241543 2.683379 -1.214327
v -0.875481 2.683379 0.875481
v 1.214327 2.683379 0.241545
v 0.000000 3.151906 -1.752184
v 0.217166 3.837842 -2.204922
v 0.643152 3.837842 -2.120188
v 1.044423 3.837842 -1.953976
v 1.405556 3.837842 -1.712674
v 1.712675 3.837842 -1.405555
v 1.953977 3.837842 -1.044422
v 2.120189 3.837842 -0.643152
v 2.204923 3.837842 -0.217165
v 2.204923 3.837842 0.217166
v 2.120189 3.837842 0.643153
v 1.953977 3.837842 1.044423
v 1.712675 3.837842 1.405557
v 1.405556 3.837842 1.712676
v 1.044422 3.837842 1.953978
v 0.643152 3.837842 2.120189
v 0.217165 3.837842 2.204923
v -0.217167 3.837842 2.204923
v -0.643153 3.837842 2.120189
v -1.044424 3.837842 1.953978
v -1.405557 3.837842 1.712675
v -1.712676 3.837842 1.405556
v -1.953978 3.837842 1.044422
v -2.120189 3.837841 0.643151
v -2.204923 3.837842 0.217165
v -2.204923 3.837842 -0.217168
v -2.120188 3.837842 -0.643154
v -1.953976 3.837842 -1.044424
v -1.712673 3.837842 -1.405558
v -1.405554 3.837842 -1.712676
v -1.044420 3.837842 -1.953977
v -0.643149 3.837842 -2.120189
v -0.217164 3.837842 -2.204922
v 0.000000 3.614989 -2.121683
v -0.413917 3.614989 -2.080916
v -1.764117 3.614989 1.178744
v -1.500258 3.614989 1.500257
v 1.960181 3.614989 0.811934
v 2.080917 3.614989 0.413920
v -0.811931 3.614989 -1.960181
v -1.178742 3.614989 -1.764116
v -1.178746 3.614989 1.764116
v -0.811934 3.614989 1.960181
v 2.121684 3.614989 -0.000000
v 2.080917 3.614989 -0.413920
v -1.500255 3.614989 -1.500258
v -1.764114 3.614989 -1.178746
v -0.413921 3.614989 2.080917
v -0.000001 3.614989 2.121685
v 1.960181 3.614989 -0.811933
v 1.764116 3.614989 -1.178744
v -1.960180 3.614989 -0.811935
v -2.080916 3.614989 -0.413922
v 1.500257 3.614989 -1.500256
v 1.178745 3.614989 -1.764115
v 0.413920 3.614989 2.080917
v 0.811933 3.614989 1.960182
v -2.121684 3.614989 -0.000001
v -2.080917 3.614989 0.413919
v 0.811934 3.614989 -1.960180
v 0.413920 3.614989 -2.080916
v 1.178745 3.614989 1.764117
v 1.500257 3.614989 1.500258
v -1.960181 3.614989 0.811932
v 1.764116 3.614989 1.178745
v 0.228911 4.369351 -2.324173
v 0.677936 4.369351 -2.234857
v 1.100909 4.369351 -2.059655
v 1.481575 4.369351 -1.805303
v 1.805304 4.369351 -1.481574
v 2.059656 4.369351 -1.100909
v 2.234857 4.369351 -0.677936
v 2.324174 4.369351 -0.228911
v 2.324174 4.369351 0.228912
v 2.234858 4.369351 0.677937
v 2.059656 4.369351 1.100910
v 1.805304 4.369351 1.481575
v 1.481575 4.369351 1.805305
v 1.100909 4.369351 2.059657
v 0.677936 4.369351 2.234859
v 0.228910 4.369351 2.324175
v -0.228912 4.369351 2.324175
v -0.677938 4.369351 2.234858
v -1.100910 4.369351 2.059657
v -1.481576 4.369351 1.805304
v -1.805305 4.369351 1.481574
v -2.059657 4.369351 1.100908
v -2.234858 4.369351 0.677935
v -2.324174 4.369351 0.228910
v -2.324174 4.369352 -0.228913
v -2.234857 4.369351 -0.677938
v -2.059655 4.369351 -1.100911
v -1.805302 4.369351 -1.481576
v -1.481572 4.369351 -1.805305
v -1.100906 4.369351 -2.059657
v -0.677933 4.369351 -2.234857
v -0.228909 4.369351 -2.324173
v -2.244493 4.088281 0.446456
v -2.114267 4.088281 0.875757
v 0.446457 4.088281 -2.244492
v 0.000000 4.088281 -2.288464
v 1.618189 4.088281 1.618190
v 1.902789 4.088281 1.271404
v -0.446455 4.088281 -2.244493
v -1.902790 4.088281 1.271402
v -1.618190 4.088281 1.618189
v 2.114266 4.088281 0.875758
v 2.244493 4.088281 0.446458
v -0.875755 4.088281 -2.114266
v -1.271400 4.088281 -1.902790
v -1.271404 4.088281 1.902789
v -0.875759 4.088281 2.114267
v 2.288465 4.088281 -0.000000
v 2.244493 4.088281 -0.446457
v -1.618187 4.088281 -1.618190
v -1.902788 4.088281 -1.271405
v -0.446458 4.088281 2.244494
v -0.000001 4.088281 2.288466
v 2.114266 4.088281 -0.875757
v 1.902789 4.088281 -1.271402
v -2.114265 4.088281 -0.875759
v -2.244493 4.088281 -0.446459
v 1.618189 4.088281 -1.618188
v 1.271403 4.088281 -1.902788
v 0.446457 4.088281 2.244494
v 0.875757 4.088281 2.114267
v -2.288465 4.088281 -0.000002
v 0.875758 4.088281 -2.114265
v 1.271403 4.088281 1.902790
v 0.229567 5.026476 -2.330832
v 0.679878 5.026476 -2.241260
v 1.104063 5.026476 -2.065557
v 1.485819 5.026476 -1.810475
v 1.810476 5.026476 -1.485818
v 2.065557 5.026476 -1.104062
v 2.241259 5.026476 -0.679878
v 2.330832 5.026476 -0.229566
v 2.330832 5.026476 0.229567
v 2.241260 5.026476 0.679879
v 2.065557 5.026476 1.104064
v 1.810476 5.026476 1.485820
v 1.485819 5.026476 1.810476
v 1.104063 5.026476 2.065557
v 0.679878 5.026476 2.241261
v 0.229566 5.026476 2.330832
v -0.229568 5.026476 2.330832
v -0.679880 5.026476 2.241260
v -1.104064 5.026476 2.065557
v -1.485820 5.026476 1.810475
v -1.810476 5.026476 1.485818
v -2.065557 5.026476 1.104062
v -2.241260 5.026476 0.679877
v -2.330832 5.026476 0.229565
v -2.330832 5.026476 -0.229569
v -2.241259 5.026476 -0.679880
v -2.065555 5.026476 -1.104065
v -1.810474 5.026476 -1.485820
v -1.485816 5.026476 -1.810477
v -1.104060 5.026476 -2.065557
v -0.679875 5.026476 -2.241260
v -0.229565 5.026476 -2.330832
v -2.306592 4.684099 -0.458812
v -2.351782 4.684099 -0.000002
v 1.306580 4.684099 -1.955434
v 0.899988 4.684099 -2.172762
v 0.899987 4.684099 2.172764
v 1.306580 4.684099 1.955436
v -2.306593 4.684099 0.458808
v -2.172764 4.684099 0.899987
v 0.458810 4.684099 -2.306592
v 0.000000 4.684099 -2.351780
v 1.662961 4.684099 1.662961
v 1.955435 4.684099 1.306580
v -0.458807 4.684099 -2.306592
v -1.955436 4.684099 1.306579
v -1.662961 4.684099 1.662960
v 2.172763 4.684099 0.899988
v 2.306593 4.684099 0.458810
v -0.899985 4.684099 -2.172763
v -1.306577 4.684099 -1.955435
v -1.306581 4.684099 1.955435
v -0.899989 4.684099 2.172764
v 2.351782 4.684099 -0.000000
v 2.306592 4.684099 -0.458809
v -1.662958 4.684099 -1.662962
v -1.955433 4.684099 -1.306581
v -0.458811 4.684099 2.306593
v -0.000001 4.684099 2.351782
v 2.172763 4.684099 -0.899987
v 1.955435 4.684099 -1.306579
v -2.172762 4.684099 -0.899990
v 1.662961 4.684099 -1.662960
v 0.458809 4.684099 2.306593
v 0.221687 5.747824 -2.250826
v 0.656542 5.747824 -2.164329
v 1.066166 5.747824 -1.994656
v 1.434818 5.747824 -1.748330
v 1.748331 5.747824 -1.434817
v 1.994657 5.747824 -1.066165
v 2.164329 5.747824 -0.656541
v 2.250826 5.747824 -0.221687
v 2.250827 5.747824 0.221687
v 2.164329 5.747824 0.656542
v 1.994657 5.747824 1.066167
v 1.748331 5.747824 1.434819
v 1.434818 5.747824 1.748332
v 1.066166 5.747824 1.994658
v 0.656541 5.747824 2.164330
v 0.221686 5.747824 2.250828
v -0.221688 5.747824 2.250827
v -0.656543 5.747824 2.164330
v -1.066167 5.747824 1.994657
v -1.434819 5.747824 1.748330
v -1.748332 5.747824 1.434818
v -1.994658 5.747824 1.066164
v -2.164329 5.747824 0.656541
v -2.250827 5.747824 0.221686
v -2.250827 5.747824 -0.221689
v -2.164328 5.747824 -0.656544
v -1.994655 5.747824 -1.066168
v -1.748329 5.747824 -1.434821
v -1.434816 5.747824 -1.748333
v -1.066164 5.747824 -1.994658
v -0.656539 5.747824 -2.164330
v -0.221686 5.747824 -2.250826
v -1.921677 5.390440 -1.284026
v -2.135254 5.390440 -0.884453
v 1.921679 5.390440 -1.284024
v 1.634254 5.390440 -1.634253
v -0.000001 5.390440 2.311183
v 0.450889 5.390440 2.266776
v -2.266775 5.390440 -0.450891
v -2.311184 5.390440 -0.000002
v 1.284025 5.390440 -1.921678
v 0.884452 5.390440 -2.135254
v 0.884451 5.390440 2.135256
v 1.284025 5.390440 1.921680
v -2.266775 5.390440 0.450888
v -2.135256 5.390440 0.884451
v 0.450889 5.390440 -2.266774
v 0.000000 5.390440 -2.311183
v 1.634254 5.390440 1.634255
v 1.921679 5.390440 1.284025
v -0.450887 5.390440 -2.266775
v -1.921680 5.390440 1.284024
v -1.634255 5.390440 1.634253
v 2.135255 5.390440 0.884452
v 2.266775 5.390440 0.450890
v -0.884449 5.390440 -2.135256
v -1.284022 5.390440 -1.921679
v -1.284026 5.390440 1.921679
v -0.884453 5.390440 2.135256
v 2.311184 5.390440 -0.000000
v 2.266775 5.390440 -0.450889
v -1.634251 5.390440 -1.634255
v -0.450891 5.390440 2.266776
v 2.135255 5.390440 -0.884451
v 0.206785 6.418949 -2.099525
v 0.612409 6.418949 -2.018842
v 0.994498 6.418949 -1.860575
v 1.338369 6.418949 -1.630808
v 1.630808 6.418949 -1.338369
v 1.860575 6.418949 -0.994498
v 2.018842 6.418949 -0.612409
v 2.099525 6.418949 -0.206785
v 2.099526 6.418949 0.206786
v 2.018842 6.418949 0.612409
v 1.860575 6.418949 0.994499
v 1.630808 6.418949 1.338369
v 1.338369 6.418949 1.630808
v 0.994498 6.418949 1.860577
v 0.612408 6.418949 2.018842
v 0.206784 6.418949 2.099525
v -0.206786 6.418949 2.099525
v -0.612410 6.418949 2.018842
v -0.994500 6.418949 1.860576
v -1.338370 6.418949 1.630808
v -1.630809 6.418949 1.338369
v -1.860577 6.418949 0.994498
v -2.018843 6.418949 0.612408
v -2.099526 6.418949 0.206784
v -2.099526 6.418949 -0.206787
v -2.018842 6.418949 -0.612411
v -1.860574 6.418949 -0.994500
v -1.630806 6.418949 -1.338372
v -1.338367 6.418949 -1.630809
v -0.994496 6.418949 -1.860577
v -0.612406 6.418949 -2.018842
v -0.206784 6.418949 -2.099525
v -1.220386 6.070467 -1.826442
v -1.553258 6.070467 -1.553262
v -0.840619 6.070467 2.029432
v -0.428544 6.070467 2.154433
v 2.154433 6.070467 -0.428543
v 2.029432 6.070467 -0.840618
v -1.826439 6.070467 -1.220390
v -2.029431 6.070467 -0.840620
v 1.826440 6.070467 -1.220389
v 1.553260 6.070467 -1.553259
v -0.000001 6.070467 2.196641
v 0.428543 6.070467 2.154433
v -2.154433 6.070467 -0.428545
v -2.196641 6.070467 -0.000002
v 1.220388 6.070467 -1.826439
v 0.840618 6.070467 -2.029432
v 0.840618 6.070467 2.029433
v 1.220388 6.070467 1.826441
v -2.154434 6.070467 0.428542
v -2.029433 6.070467 0.840617
v 0.428543 6.070467 -2.154433
v 0.000000 6.070467 -2.196640
v 1.553260 6.070467 1.553261
v 1.826440 6.070467 1.220389
v -0.428541 6.070467 -2.154433
v -1.826441 6.070467 1.220388
v -1.553261 6.070467 1.553259
v 2.029432 6.070467 0.840619
v 2.154433 6.070467 0.428544
v -0.840615 6.070467 -2.029433
v -1.220390 6.070467 1.826441
v 2.196641 6.070467 -0.000000
v 0.183528 7.298892 -1.863395
v 0.543532 7.298892 -1.791786
v 0.882648 7.298892 -1.651319
v 1.187845 7.298892 -1.447393
v 1.447393 7.298892 -1.187845
v 1.651319 7.298892 -0.882649
v 1.791785 7.298892 -0.543533
v 1.863394 7.298892 -0.183529
v 1.863394 7.298892 0.183528
v 1.791785 7.298892 0.543531
v 1.651319 7.298892 0.882648
v 1.447393 7.298892 1.187844
v 1.187845 7.298892 1.447393
v 0.882648 7.298892 1.651319
v 0.543532 7.298892 1.791785
v 0.183528 7.298892 1.863394
v -0.183529 7.298892 1.863394
v -0.543533 7.298892 1.791785
v -0.882649 7.298892 1.651318
v -1.187845 7.298892 1.447392
v -1.447394 7.298892 1.187843
v -1.651320 7.298892 0.882647
v -1.791786 7.298892 0.543530
v -1.863395 7.298892 0.183526
v -1.863394 7.298892 -0.183531
v -1.791785 7.298892 -0.543535
v -1.651318 7.298892 -0.882651
v -1.447392 7.298892 -1.187847
v -1.187843 7.298892 -1.447395
v -0.882646 7.298892 -1.651320
v -0.543530 7.298892 -1.791786
v -0.183527 7.298892 -1.863395
v -0.389160 6.853847 -1.956450
v -0.763367 6.853847 -1.842937
v -1.410523 6.853847 1.410522
v -1.108241 6.853847 1.658599
v 1.956451 6.853847 0.389162
v 1.994780 6.853847 -0.000001
v -1.108238 6.853847 -1.658599
v -1.410521 6.853847 -1.410524
v -0.763370 6.853847 1.842937
v -0.389163 6.853847 1.956451
v 1.956451 6.853847 -0.389163
v 1.842936 6.853847 -0.763370
v -1.658598 6.853847 -1.108243
v -1.842935 6.853847 -0.763372
v 1.658599 6.853847 -1.108240
v 1.410522 6.853847 -1.410522
v -0.000001 6.853847 1.994779
v 0.389162 6.853847 1.956451
v -1.956450 6.853847 -0.389165
v -1.994780 6.853847 -0.000002
v 1.108240 6.853847 -1.658598
v 0.763369 6.853847 -1.842935
v 0.763369 6.853847 1.842937
v 1.108240 6.853847 1.658599
v -1.956451 6.853847 0.389160
v -1.842937 6.853847 0.763367
v 0.389162 6.853847 -1.956450
v 0.000000 6.853847 -1.994779
v 1.410522 6.853847 1.410523
v 1.658599 6.853847 1.108240
v -1.658600 6.853847 1.108240
v 1.842936 6.853847 0.763369
v 0.165531 7.941769 -1.680663
v 0.490231 7.941769 -1.616076
v 0.796092 7.941769 -1.489384
v 1.071360 7.941769 -1.305456
v 1.305456 7.941769 -1.071360
v 1.489384 7.941769 -0.796093
v 1.616076 7.941769 -0.490232
v 1.680662 7.941769 -0.165531
v 1.680662 7.941769 0.165530
v 1.616076 7.941769 0.490230
v 1.489384 7.941769 0.796092
v 1.305456 7.941769 1.071359
v 1.071360 7.941769 1.305456
v 0.796092 7.941769 1.489384
v 0.490231 7.941769 1.616075
v 0.165530 7.941769 1.680662
v -0.165532 7.941769 1.680662
v -0.490232 7.941769 1.616075
v -0.796093 7.941769 1.489383
v -1.071361 7.941769 1.305455
v -1.305457 7.941769 1.071359
v -1.489385 7.941769 0.796091
v -1.616076 7.941769 0.490229
v -1.680663 7.941770 0.165529
v -1.680663 7.941769 -0.165533
v -1.616075 7.941769 -0.490233
v -1.489383 7.941769 -0.796094
v -1.305454 7.941769 -1.071362
v -1.071358 7.941769 -1.305458
v -0.796090 7.941769 -1.489385
v -0.490229 7.941769 -1.616077
v -0.165530 7.941769 -1.680663
v -1.629026 7.677810 0.674763
v -1.466085 7.677810 0.979605
v 1.466084 7.677810 0.979606
v 1.629026 7.677810 0.674764
v -0.343990 7.677810 -1.729365
v -0.674762 7.677810 -1.629027
v -1.246803 7.677810 1.246801
v -0.979607 7.677810 1.466084
v 1.729365 7.677810 0.343991
v 1.763245 7.677810 -0.000001
v -0.979604 7.677810 -1.466086
v -1.246801 7.677810 -1.246804
v -0.674765 7.677810 1.629025
v -0.343993 7.677810 1.729364
v 1.729365 7.677810 -0.343993
v 1.629026 7.677810 -0.674765
v -1.466083 7.677810 -0.979608
v -1.629025 7.677810 -0.674767
v 1.466084 7.677810 -0.979607
v 1.246802 7.677810 -1.246803
v -0.000001 7.677810 1.763244
v 0.343991 7.677810 1.729364
v -1.729364 7.677810 -0.343994
v -1.763245 7.677810 -0.000002
v 0.979606 7.677810 -1.466085
v 0.674764 7.677810 -1.629026
v 0.674764 7.677810 1.629025
v 0.979606 7.677810 1.466084
v -1.729365 7.677810 0.343990
v 0.343992 7.677810 -1.729365
v 0.000000 7.677810 -1.763245
v 1.246802 7.677810 1.246802
v 0.164001 8.059155 -1.665130
v 0.485700 8.059155 -1.601140
v 0.788734 8.059155 -1.475619
v 1.061458 8.059155 -1.293391
v 1.293390 8.059155 -1.061458
v 1.475618 8.059155 -0.788735
v 1.601139 8.059155 -0.485701
v 1.665129 8.059155 -0.164002
v 1.665129 8.059155 0.164000
v 1.601139 8.059155 0.485699
v 1.475618 8.059155 0.788734
v 1.293390 8.059155 1.061458
v 1.061458 8.059155 1.293390
v 0.788734 8.059155 1.475618
v 0.485700 8.059155 1.601139
v 0.164000 8.059155 1.665129
v -0.164002 8.059155 1.665129
v -0.485701 8.059155 1.601139
v -0.788735 8.059155 1.475618
v -1.061459 8.059155 1.293389
v -1.293391 8.059155 1.061457
v -1.475619 8.059155 0.788733
v -1.601140 8.059155 0.485698
v -1.665130 8.059155 0.163999
v -1.665129 8.059155 -0.164003
v -1.601139 8.059156 -0.485703
v -1.475618 8.059155 -0.788737
v -1.293389 8.059155 -1.061460
v -1.061456 8.059155 -1.293392
v -0.788733 8.059155 -1.475620
v -0.485698 8.059155 -1.601140
v -0.164000 8.059155 -1.665130
v -1.670739 8.041936 -0.000002
v -1.638636 8.041936 0.325943
v 0.639364 8.041936 -1.543561
v 0.325945 8.041936 -1.638636
v 0.928212 8.041936 1.389168
v 1.181390 8.041936 1.181390
v -1.543562 8.041936 0.639362
v -1.389169 8.041936 0.928211
v 1.389168 8.041936 0.928212
v 1.543561 8.041936 0.639363
v -0.325943 8.041936 -1.638636
v -0.639362 8.041936 -1.543562
v -1.181391 8.041936 1.181389
v -0.928213 8.041936 1.389167
v 1.638635 8.041936 0.325944
v 1.670738 8.041936 -0.000001
v -0.928211 8.041936 -1.389170
v -1.181389 8.041936 -1.181392
v -0.639365 8.041936 1.543560
v -0.325946 8.041936 1.638635
v 1.638635 8.041936 -0.325945
v 1.543561 8.041936 -0.639364
v -1.389167 8.041936 -0.928215
v -1.543560 8.041936 -0.639366
v 1.389168 8.041936 -0.928213
v 1.181390 8.041936 -1.181391
v -0.000001 8.041936 1.670738
v 0.325944 8.041936 1.638635
v -1.638635 8.041936 -0.325947
v 0.928212 8.041936 -1.389168
v 0.639363 8.041936 1.543561
v 0.000000 8.041936 -1.670739
v 0.160653 8.082780 -1.631141
v 0.475786 8.082780 -1.568458
v 0.772635 8.082780 -1.445499
v 1.039792 8.082780 -1.266990
v 1.266990 8.082780 -1.039792
v 1.445498 8.082780 -0.772636
v 1.568457 8.082780 -0.475787
v 1.631141 8.082780 -0.160654
v 1.631141 8.082780 0.160653
v 1.568457 8.082780 0.475786
v 1.445498 8.082780 0.772634
v 1.266990 8.082780 1.039791
v 1.039792 8.082780 1.266990
v 0.772635 8.082780 1.445498
v 0.475786 8.082780 1.568457
v 0.160653 8.082780 1.631141
v -0.160654 8.082780 1.631141
v -0.475787 8.082780 1.568457
v -0.772636 8.082780 1.445498
v -1.039793 8.082780 1.266989
v -1.266991 8.082780 1.039791
v -1.445499 8.082780 0.772634
v -1.568458 8.082780 0.475784
v -1.631142 8.082780 0.160651
v -1.631141 8.082780 -0.160656
v -1.568457 8.082780 -0.475789
v -1.445498 8.082780 -0.772637
v -1.266989 8.082780 -1.039794
v -1.039790 8.082780 -1.266992
v -0.772633 8.082780 -1.445500
v -0.475784 8.082780 -1.568458
v -0.160652 8.082780 -1.631142
v -1.534013 8.074278 -0.635411
v -1.628500 8.074278 -0.323931
v 1.174083 8.074278 -1.174083
v 0.922471 8.074278 -1.380576
v 0.323928 8.074278 1.628500
v 0.635409 8.074278 1.534013
v -1.660404 8.074278 -0.000002
v -1.628500 8.074278 0.323927
v 0.635409 8.074278 -1.534014
v 0.323929 8.074278 -1.628500
v 0.922471 8.074278 1.380575
v 1.174083 8.074278 1.174083
v -1.534014 8.074278 0.635407
v -1.380576 8.074278 0.922470
v 1.380576 8.074278 0.922471
v 1.534014 8.074278 0.635408
v -0.323927 8.074278 -1.628501
v -0.635407 8.074278 -1.534015
v -1.174084 8.074278 1.174082
v -0.922472 8.074278 1.380575
v 1.628500 8.074278 0.323928
v 1.660404 8.074278 -0.000001
v -0.922469 8.074278 -1.380577
v -1.174082 8.074278 -1.174085
v -0.635410 8.074278 1.534013
v -0.323930 8.074278 1.628499
v 1.628500 8.074278 -0.323929
v 1.534014 8.074278 -0.635410
v -1.380574 8.074278 -0.922473
v 1.380576 8.074278 -0.922472
v -0.000001 8.074278 1.660404
v 0.000000 8.074278 -1.660404
v 0.156805 8.068441 -1.592066
v 0.464388 8.068441 -1.530884
v 0.754126 8.068441 -1.410870
v 1.014883 8.068441 -1.236638
v 1.236638 8.068441 -1.014883
v 1.410870 8.068441 -0.754126
v 1.530884 8.068441 -0.464389
v 1.592066 8.068441 -0.156805
v 1.592066 8.068441 0.156804
v 1.530884 8.068441 0.464388
v 1.410870 8.068441 0.754125
v 1.236638 8.068441 1.014882
v 1.014883 8.068441 1.236638
v 0.754126 8.068441 1.410870
v 0.464388 8.068441 1.530883
v 0.156804 8.068441 1.592065
v -0.156805 8.068441 1.592065
v -0.464389 8.068441 1.530883
v -0.754127 8.068441 1.410870
v -1.014883 8.068441 1.236637
v -1.236639 8.068441 1.014882
v -1.410871 8.068441 0.754124
v -1.530884 8.068441 0.464387
v -1.592066 8.068441 0.156803
v -1.592066 8.068441 -0.156807
v -1.530883 8.068441 -0.464391
v -1.410869 8.068441 -0.754128
v -1.236637 8.068441 -1.014885
v -1.014881 8.068441 -1.236640
v -0.754124 8.068442 -1.410872
v -0.464386 8.068441 -1.530884
v -0.156804 8.068441 -1.592066
v -1.142591 8.080137 -1.142594
v -1.343545 8.080137 -0.897731
v -0.315241 8.080137 1.584820
v -0.000001 8.080137 1.615869
v 1.492869 8.080137 -0.618367
v 1.343546 8.080137 -0.897729
v -1.492868 8.080137 -0.618369
v -1.584821 8.080137 -0.315243
v 1.142592 8.080137 -1.142592
v 0.897729 8.080137 -1.343546
v 0.315240 8.080137 1.584820
v 0.618366 8.080137 1.492868
v -1.615869 8.080137 -0.000002
v -1.584821 8.080137 0.315239
v 0.618366 8.080137 -1.492869
v 0.315240 8.080137 -1.584821
v 0.897729 8.080137 1.343546
v 1.142592 8.080137 1.142592
v -1.492869 8.080137 0.618365
v -1.343547 8.080137 0.897727
v 1.343546 8.080137 0.897728
v 1.492869 8.080137 0.618366
v -0.315238 8.080137 -1.584821
v -0.618364 8.080137 -1.492870
v -1.142593 8.080137 1.142591
v -0.897730 8.080137 1.343545
v 1.584821 8.080137 0.315240
v 1.615869 8.080137 -0.000001
v -0.897727 8.080137 -1.343548
v -0.618367 8.080137 1.492868
v 1.584821 8.080137 -0.315241
v 0.000000 8.080137 -1.615869
v 0.157733 8.023371 -1.601488
v 0.467137 8.023371 -1.539943
v 0.758589 8.023371 -1.419220
v 1.020888 8.023371 -1.243957
v 1.243956 8.023371 -1.020889
v 1.419220 8.023371 -0.758589
v 1.539943 8.023371 -0.467137
v 1.601487 8.023371 -0.157733
v 1.601487 8.023371 0.157732
v 1.539943 8.023371 0.467136
v 1.419220 8.023371 0.758588
v 1.243956 8.023371 1.020888
v 1.020888 8.023371 1.243956
v 0.758588 8.023371 1.419219
v 0.467136 8.023371 1.539943
v 0.157732 8.023371 1.601487
v -0.157733 8.023371 1.601487
v -0.467137 8.023371 1.539942
v -0.758590 8.023371 1.419219
v -1.020889 8.023371 1.243955
v -1.243957 8.023371 1.020887
v -1.419220 8.023371 0.758587
v -1.539943 8.023371 0.467135
v -1.601488 8.023371 0.157731
v -1.601487 8.023371 -0.157735
v -1.539943 8.023371 -0.467139
v -1.419219 8.023371 -0.758591
v -1.243955 8.023371 -1.020891
v -1.020887 8.023371 -1.243958
v -0.758587 8.023371 -1.419221
v -0.467134 8.023371 -1.539944
v -0.157732 8.023371 -1.601488
v -0.612193 8.049787 -1.477970
v -0.888767 8.049787 -1.330138
v -0.888770 8.049787 1.330136
v -0.612195 8.049787 1.477968
v 1.599742 8.049787 -0.000001
v 1.569003 8.049787 -0.312095
v -1.131187 8.049787 -1.131190
v -1.330136 8.049787 -0.888771
v -0.312095 8.049787 1.569003
v -0.000001 8.049787 1.599741
v 1.477969 8.049787 -0.612195
v 1.330137 8.049787 -0.888769
v -1.477968 8.049787 -0.612197
v -1.569003 8.049787 -0.312096
v 1.131188 8.049787 -1.131189
v 0.888769 8.049787 -1.330137
v 0.312094 8.049787 1.569003
v 0.612194 8.049787 1.477968
v -1.599742 8.049787 -0.000002
v -1.569003 8.049787 0.312092
v 0.612195 8.049787 -1.477969
v 0.312094 8.049787 -1.569004
v 0.888769 8.049787 1.330136
v 1.131188 8.049787 1.131188
v -1.477969 8.049787 0.612193
v -1.330137 8.049787 0.888768
v 1.330137 8.049787 0.888768
v 1.477969 8.049787 0.612194
v -0.312092 8.049787 -1.569004
v -1.131189 8.049787 1.131187
v 1.569003 8.049787 0.312093
v 0.000000 8.049787 -1.599742
v 0.162566 7.872341 -1.650563
v 0.481451 7.872341 -1.587133
v 0.781834 7.872341 -1.462710
v 1.052172 7.872341 -1.282076
v 1.282076 7.872341 -1.052172
v 1.462709 7.872341 -0.781835
v 1.587132 7.872341 -0.481452
v 1.650562 7.872341 -0.162567
v 1.650563 7.872341 0.162566
v 1.587132 7.872341 0.481451
v 1.462709 7.872341 0.781834
v 1.282076 7.872341 1.052172
v 1.052172 7.872341 1.282075
v 0.781834 7.872341 1.462709
v 0.481451 7.872341 1.587132
v 0.162566 7.872341 1.650562
v -0.162567 7.872341 1.650562
v -0.481452 7.872341 1.587132
v -0.781835 7.872341 1.462709
v -1.052173 7.872341 1.282075
v -1.282076 7.872341 1.052171
v -1.462710 7.872341 0.781833
v -1.587133 7.872341 0.481449
v -1.650563 7.872341 0.162564
v -1.650562 7.872341 -0.162568
v -1.587132 7.872341 -0.481454
v -1.462709 7.872341 -0.781837
v -1.282074 7.872341 -1.052174
v -1.052170 7.872341 -1.282077
v -0.781832 7.872341 -1.462711
v -0.481449 7.872341 -1.587133
v -0.162565 7.872341 -1.650563
v -0.901050 7.988396 -1.348520
v -1.146820 7.988396 -1.146823
v -0.620656 7.988396 1.498393
v -0.316408 7.988396 1.590686
v 1.590687 7.988396 -0.316408
v 1.498394 7.988396 -0.620656
v -1.348518 7.988396 -0.901054
v -1.498393 7.988396 -0.620657
v -0.000001 7.988396 1.621849
v 0.316407 7.988396 1.590686
v -1.590686 7.988396 -0.316409
v -1.621850 7.988396 -0.000002
v 0.620655 7.988396 1.498394
v 0.901051 7.988396 1.348519
v 1.348519 7.988396 -0.901052
v -1.590687 7.988396 0.316405
v -1.498395 7.988396 0.620653
v 1.146821 7.988396 1.146821
v 1.348519 7.988396 0.901051
v 1.146821 7.988396 -1.146821
v 0.901051 7.988396 -1.348519
v 0.000000 7.988396 -1.621850
v -0.316405 7.988396 -1.590687
v -1.348520 7.988396 0.901050
v -1.146822 7.988396 1.146820
v 1.498394 7.988396 0.620654
v 1.590687 7.988396 0.316407
v 0.620655 7.988396 -1.498394
v 0.316407 7.988396 -1.590687
v -0.620653 7.988396 -1.498395
v -0.901052 7.988396 1.348518
v 1.621850 7.988396 -0.000001
v 0.181273 7.226465 -1.840493
v 0.536852 7.226465 -1.769764
v 0.871800 7.226465 -1.631024
v 1.173246 7.226465 -1.429604
v 1.429604 7.226465 -1.173246
v 1.631024 7.226465 -0.871801
v 1.769764 7.226465 -0.536852
v 1.840493 7.226465 -0.181273
v 1.840493 7.226465 0.181272
v 1.769764 7.226465 0.536851
v 1.631024 7.226465 0.871800
v 1.429604 7.226465 1.173245
v 1.173246 7.226465 1.429604
v 0.871800 7.226465 1.631023
v 0.536851 7.226465 1.769764
v 0.181272 7.226465 1.840492
v -0.181273 7.226465 1.840492
v -0.536853 7.226465 1.769763
v -0.871801 7.226465 1.631023
v -1.173247 7.226465 1.429603
v -1.429605 7.226465 1.173245
v -1.631024 7.226465 0.871799
v -1.769764 7.226465 0.536850
v -1.840493 7.226465 0.181271
v -1.840493 7.226465 -0.181275
v -1.769763 7.226465 -0.536854
v -1.631023 7.226465 -0.871802
v -1.429603 7.226465 -1.173248
v -1.173244 7.226465 -1.429606
v -0.871798 7.226465 -1.631025
v -0.536849 7.226465 -1.769765
v -0.181271 7.226465 -1.840493
v -0.339543 7.602689 -1.707009
v -0.666039 7.602689 -1.607968
v -1.230685 7.602689 1.230683
v -0.966943 7.602689 1.447131
v 1.707009 7.602689 0.339544
v 1.740451 7.602689 -0.000001
v -0.966941 7.602689 -1.447133
v -1.230683 7.602689 -1.230686
v -0.666043 7.602689 1.607966
v -0.339546 7.602689 1.707008
v 1.707008 7.602689 -0.339546
v 1.607967 7.602689 -0.666042
v -1.447131 7.602689 -0.966945
v -1.607966 7.602689 -0.666044
v 1.447132 7.602689 -0.966943
v 1.230684 7.602689 -1.230685
v -0.000001 7.602689 1.740450
v 0.339545 7.602689 1.707008
v -1.707008 7.602689 -0.339547
v -1.740451 7.602689 -0.000002
v 0.966943 7.602689 -1.447132
v 0.666042 7.602689 -1.607967
v 0.666041 7.602689 1.607966
v 0.966943 7.602689 1.447132
v -1.707009 7.602689 0.339543
v -1.607967 7.602689 0.666040
v 0.339545 7.602689 -1.707009
v 0.000000 7.602689 -1.740451
v 1.230684 7.602689 1.230684
v 1.447132 7.602689 0.966942
v -1.447133 7.602689 0.966941
v 1.607967 7.602689 0.666041
v 0.203298 6.363142 -2.064121
v 0.602082 6.363142 -1.984797
v 0.977728 6.363142 -1.829199
v 1.315800 6.363142 -1.603307
v 1.603307 6.363142 -1.315799
v 1.829200 6.363142 -0.977727
v 1.984798 6.363142 -0.602081
v 2.064120 6.363142 -0.203298
v 2.064120 6.363142 0.203298
v 1.984798 6.363142 0.602082
v 1.829200 6.363142 0.977728
v 1.603307 6.363142 1.315801
v 1.315800 6.363142 1.603307
v 0.977728 6.363142 1.829201
v 0.602081 6.363142 1.984797
v 0.203298 6.363142 2.064121
v -0.203299 6.363142 2.064121
v -0.602083 6.363142 1.984797
v -0.977728 6.363142 1.829200
v -1.315801 6.363142 1.603307
v -1.603308 6.363142 1.315799
v -1.829201 6.363142 0.977727
v -1.984798 6.363142 0.602081
v -2.064121 6.363142 0.203297
v -2.064121 6.363142 -0.203300
v -1.984797 6.363142 -0.602084
v -1.829198 6.363142 -0.977729
v -1.603306 6.363142 -1.315802
v -1.315798 6.363142 -1.603308
v -0.977725 6.363142 -1.829201
v -0.602079 6.363142 -1.984797
v -0.203297 6.363142 -2.064121
v -1.817639 6.790691 0.752888
v -1.635832 6.790691 1.093027
v 1.635831 6.790691 1.093027
v 1.817638 6.790691 0.752890
v -0.383818 6.790691 -1.929595
v -0.752888 6.790691 -1.817639
v -1.391160 6.790691 1.391160
v -1.093028 6.790691 1.635831
v 1.929594 6.790691 0.383819
v 1.967397 6.790691 -0.000001
v -1.093025 6.790691 -1.635832
v -1.391158 6.790691 -1.391161
v -0.752891 6.790691 1.817638
v -0.383821 6.790691 1.929595
v 1.929594 6.790691 -0.383821
v 1.817638 6.790691 -0.752891
v -1.635830 6.790691 -1.093029
v -1.817637 6.790691 -0.752893
v 1.635831 6.790691 -1.093027
v 1.391160 6.790691 -1.391160
v -0.000001 6.790691 1.967396
v 0.383820 6.790691 1.929595
v -1.929594 6.790691 -0.383823
v -1.967397 6.790691 -0.000002
v 1.093027 6.790691 -1.635831
v 0.752890 6.790691 -1.817637
v 0.752890 6.790691 1.817639
v 1.093027 6.790691 1.635831
v -1.929594 6.790691 0.383819
v 0.383820 6.790691 -1.929593
v 0.000000 6.790691 -1.967396
v 1.391160 6.790691 1.391160
v 0.215980 5.682103 -2.192883
v 0.639641 5.682103 -2.108612
v 1.038720 5.682103 -1.943308
v 1.397882 5.682103 -1.703323
v 1.703324 5.682103 -1.397882
v 1.943308 5.682103 -1.038720
v 2.108613 5.682103 -0.639640
v 2.192884 5.682103 -0.215980
v 2.192884 5.682103 0.215981
v 2.108612 5.682103 0.639641
v 1.943308 5.682103 1.038720
v 1.703324 5.682103 1.397882
v 1.397882 5.682103 1.703325
v 1.038720 5.682103 1.943308
v 0.639640 5.682103 2.108613
v 0.215980 5.682103 2.192883
v -0.215981 5.682103 2.192883
v -0.639641 5.682103 2.108613
v -1.038721 5.682103 1.943308
v -1.397882 5.682103 1.703323
v -1.703325 5.682103 1.397882
v -1.943309 5.682103 1.038719
v -2.108613 5.682103 0.639639
v -2.192884 5.682103 0.215979
v -2.192884 5.682103 -0.215982
v -2.108612 5.682103 -0.639642
v -1.943307 5.682103 -1.038723
v -1.703322 5.682103 -1.397884
v -1.397879 5.682103 -1.703326
v -1.038717 5.682103 -1.943309
v -0.639637 5.682103 -2.108613
v -0.215979 5.682103 -2.192883
v -2.149374 6.011589 -0.000001
v -2.108074 6.011589 0.419321
v 0.822530 6.011589 -1.985762
v 0.419322 6.011589 -2.108073
v 1.194128 6.011589 1.787140
v 1.519837 6.011589 1.519837
v -1.985763 6.011589 0.822529
v -1.787140 6.011589 1.194128
v 1.787139 6.011589 1.194129
v 1.985762 6.011589 0.822529
v -0.419319 6.011589 -2.108073
v -0.822527 6.011589 -1.985762
v -1.519837 6.011589 1.519837
v -1.194129 6.011589 1.787139
v 2.108074 6.011589 0.419322
v 2.149373 6.011589 -0.000000
v -1.194125 6.011589 -1.787140
v -1.519834 6.011589 -1.519838
v -0.822531 6.011589 1.985762
v -0.419323 6.011589 2.108073
v 2.108074 6.011589 -0.419321
v 1.985762 6.011589 -0.822529
v -1.787137 6.011589 -1.194129
v -1.985761 6.011589 -0.822531
v 1.787139 6.011589 -1.194127
v 1.519836 6.011589 -1.519836
v -0.000001 6.011589 2.149374
v 0.419321 6.011589 2.108074
v -2.108074 6.011589 -0.419324
v 1.194128 6.011589 -1.787138
v 0.822529 6.011589 1.985762
v 0.000000 6.011589 -2.149374
v 0.222754 4.955754 -2.261662
v 0.659702 4.955754 -2.174747
v 1.071298 4.955754 -2.004257
v 1.441725 4.955754 -1.756746
v 1.756747 4.955754 -1.441724
v 2.004258 4.955754 -1.071298
v 2.174747 4.955754 -0.659702
v 2.261662 4.955754 -0.222754
v 2.261662 4.955754 0.222755
v 2.174747 4.955754 0.659703
v 2.004258 4.955754 1.071299
v 1.756747 4.955754 1.441726
v 1.441725 4.955754 1.756748
v 1.071298 4.955754 2.004260
v 0.659702 4.955754 2.174747
v 0.222754 4.955754 2.261662
v -0.222755 4.955754 2.261662
v -0.659703 4.955754 2.174747
v -1.071299 4.955754 2.004259
v -1.441726 4.955754 1.756747
v -1.756748 4.955754 1.441725
v -2.004259 4.955754 1.071298
v -2.174748 4.955754 0.659701
v -2.261662 4.955754 0.222753
v -2.261661 4.955754 -0.222756
v -2.174746 4.955754 -0.659704
v -2.004257 4.955754 -1.071300
v -1.756745 4.955754 -1.441727
v -1.441723 4.955754 -1.756748
v -1.071295 4.955754 -2.004260
v -0.659699 4.955754 -2.174747
v -0.222753 4.955754 -2.261662
v -2.075927 5.320751 -0.859880
v -2.203794 5.320751 -0.438364
v 1.588847 5.320751 -1.588846
v 1.248349 5.320751 -1.868285
v 0.438361 5.320751 2.203794
v 0.859877 5.320751 2.075930
v -2.246969 5.320751 -0.000002
v -2.203794 5.320751 0.438361
v 0.859878 5.320751 -2.075927
v 0.438362 5.320751 -2.203794
v 1.248349 5.320751 1.868288
v 1.588847 5.320751 1.588848
v -2.075929 5.320751 0.859877
v -1.868287 5.320751 1.248349
v 1.868287 5.320751 1.248350
v 2.075929 5.320751 0.859878
v -0.438359 5.320751 -2.203794
v -0.859875 5.320751 -2.075929
v -1.588848 5.320751 1.588847
v -1.248350 5.320751 1.868287
v 2.203794 5.320751 0.438362
v 2.246969 5.320751 -0.000000
v -1.248346 5.320751 -1.868287
v -1.588845 5.320751 -1.588848
v -0.859879 5.320751 2.075928
v -0.438363 5.320751 2.203794
v 2.203794 5.320751 -0.438361
v 2.075929 5.320751 -0.859877
v -1.868285 5.320751 -1.248351
v 1.868287 5.320751 -1.248348
v -0.000001 5.320751 2.246969
v 0.000000 5.320751 -2.246969
v 0.219885 4.303876 -2.232533
v 0.651206 4.303876 -2.146738
v 1.057502 4.303876 -1.978445
v 1.423157 4.303876 -1.734121
v 1.734123 4.303876 -1.423156
v 1.978446 4.303876 -1.057501
v 2.146739 4.303876 -0.651206
v 2.232534 4.303876 -0.219885
v 2.232534 4.303876 0.219886
v 2.146739 4.303876 0.651206
v 1.978446 4.303876 1.057502
v 1.734123 4.303876 1.423158
v 1.423157 4.303876 1.734123
v 1.057501 4.303876 1.978447
v 0.651206 4.303876 2.146740
v 0.219885 4.303876 2.232534
v -0.219886 4.303876 2.232534
v -0.651207 4.303876 2.146740
v -1.057502 4.303876 1.978446
v -1.423158 4.303876 1.734123
v -1.734123 4.303876 1.423157
v -1.978447 4.303876 1.057501
v -2.146739 4.303876 0.651205
v -2.232534 4.303876 0.219884
v -2.232534 4.303876 -0.219887
v -2.146738 4.303876 -0.651208
v -1.978445 4.303876 -1.057503
v -1.734120 4.303876 -1.423159
v -1.423155 4.303876 -1.734123
v -1.057498 4.303876 -1.978446
v -0.651203 4.303876 -2.146739
v -0.219884 4.303876 -2.232533
v -1.607545 4.615337 -1.607549
v -1.890275 4.615337 -1.263044
v -0.443522 4.615337 2.229733
v -0.000001 4.615337 2.273416
v 2.100363 4.615337 -0.869998
v 1.890276 4.615337 -1.263041
v -2.100361 4.615337 -0.870000
v -2.229732 4.615337 -0.443523
v 1.607548 4.615337 -1.607547
v 1.263042 4.615337 -1.890275
v 0.443521 4.615337 2.229733
v 0.869998 4.615337 2.100363
v -2.273416 4.615337 -0.000002
v -2.229733 4.615337 0.443520
v 0.869999 4.615337 -2.100361
v 0.443521 4.615337 -2.229732
v 1.263042 4.615337 1.890277
v 1.607548 4.615337 1.607548
v -2.100363 4.615337 0.869998
v -1.890277 4.615337 1.263042
v 1.890276 4.615337 1.263043
v 2.100363 4.615337 0.869999
v -0.443519 4.615337 -2.229732
v -0.869996 4.615337 -2.100362
v -1.607548 4.615337 1.607548
v -1.263043 4.615337 1.890276
v 2.229733 4.615337 0.443522
v 2.273416 4.615337 -0.000000
v -1.263039 4.615337 -1.890277
v -0.869999 4.615337 2.100363
v 2.229733 4.615337 -0.443521
v 0.000000 4.615337 -2.273415
v 0.203391 3.771954 -2.065061
v 0.602356 3.771954 -1.985701
v 0.978174 3.771954 -1.830033
v 1.316400 3.771954 -1.604037
v 1.604038 3.771954 -1.316399
v 1.830034 3.771954 -0.978173
v 1.985703 3.771954 -0.602356
v 2.065062 3.771954 -0.203390
v 2.065062 3.771954 0.203391
v 1.985703 3.771954 0.602356
v 1.830034 3.771954 0.978174
v 1.604038 3.771954 1.316401
v 1.316400 3.771954 1.604039
v 0.978173 3.771954 1.830035
v 0.602356 3.771954 1.985703
v 0.203390 3.771954 2.065062
v -0.203391 3.771954 2.065062
v -0.602357 3.771954 1.985703
v -0.978174 3.771954 1.830034
v -1.316401 3.771954 1.604038
v -1.604038 3.771954 1.316400
v -1.830034 3.771954 0.978173
v -1.985703 3.771954 0.602355
v -2.065062 3.771954 0.203389
v -2.065061 3.771954 -0.203392
v -1.985702 3.771954 -0.602358
v -1.830033 3.771954 -0.978175
v -1.604036 3.771954 -1.316401
v -1.316397 3.771954 -1.604039
v -0.978171 3.771954 -1.830034
v -0.602353 3.771954 -1.985702
v -0.203389 3.771953 -2.065061
v -0.832911 4.025747 -2.010834
v -1.209202 4.025747 -1.809703
v -1.209205 4.025747 1.809703
v -0.832915 4.025747 2.010834
v 2.176511 4.025747 -0.000000
v 2.134690 4.025747 -0.424616
v -1.539023 4.025747 -1.539027
v -1.809701 4.025747 -1.209206
v -0.424617 4.025747 2.134690
v -0.000001 4.025747 2.176511
v 2.010834 4.025747 -0.832914
v 1.809703 4.025747 -1.209203
v -2.010832 4.025747 -0.832916
v -2.134689 4.025747 -0.424618
v 1.539025 4.025747 -1.539024
v 1.209205 4.025747 -1.809701
v 0.424616 4.025747 2.134690
v 0.832914 4.025747 2.010834
v -2.176510 4.025747 -0.000002
v -2.134690 4.025747 0.424615
v 0.832915 4.025747 -2.010833
v 0.424616 4.025747 -2.134689
v 1.209204 4.025747 1.809703
v 1.539025 4.025747 1.539026
v -2.010834 4.025747 0.832914
v -1.809703 4.025747 1.209204
v 1.809703 4.025747 1.209205
v 2.010834 4.025747 0.832915
v -0.424613 4.025747 -2.134689
v -1.539026 4.025747 1.539025
v 2.134690 4.025747 0.424616
v 0.000000 4.025747 -2.176509
v 0.172532 3.308964 -1.751746
v 0.510966 3.308964 -1.684428
v 0.829764 3.308964 -1.552377
v 1.116674 3.308964 -1.360670
v 1.360671 3.308964 -1.116673
v 1.552379 3.308964 -0.829763
v 1.684429 3.308964 -0.510965
v 1.751747 3.308964 -0.172532
v 1.751747 3.308964 0.172532
v 1.684429 3.308964 0.510966
v 1.552379 3.308964 0.829764
v 1.360671 3.308964 1.116674
v 1.116674 3.308964 1.360671
v 0.829763 3.308964 1.552379
v 0.510966 3.308964 1.684429
v 0.172532 3.308964 1.751747
v -0.172532 3.308964 1.751747
v -0.510966 3.308964 1.684429
v -0.829764 3.308964 1.552378
v -1.116674 3.308964 1.360671
v -1.360671 3.308964 1.116673
v -1.552378 3.308964 0.829763
v -1.684428 3.308964 0.510965
v -1.751747 3.308964 0.172531
v -1.751747 3.308964 -0.172533
v -1.684427 3.308964 -0.510967
v -1.552377 3.308964 -0.829765
v -1.360669 3.308964 -1.116675
v -1.116671 3.308964 -1.360671
v -0.829761 3.308964 -1.552378
v -0.510963 3.308964 -1.684428
v -0.172530 3.308964 -1.751746
v 0.000001 3.533498 -1.941281
v -0.378723 3.533498 -1.903981
v -1.614117 3.533498 1.078518
v -1.372694 3.533498 1.372694
v 1.793511 3.533498 0.742897
v 1.903981 3.533498 0.378726
v -0.742894 3.533498 -1.793511
v -1.078516 3.533498 -1.614118
v -1.078519 3.533498 1.614117
v -0.742897 3.533498 1.793511
v 1.941282 3.533498 -0.000000
v 1.903982 3.533498 -0.378725
v -1.372692 3.533498 -1.372695
v -1.614116 3.533498 -1.078520
v -0.378726 3.533498 1.903982
v 0.000000 3.533498 1.941282
v 1.793511 3.533498 -0.742896
v 1.614118 3.533498 -1.078518
v -1.793510 3.533498 -0.742898
v -1.903980 3.533498 -0.378727
v 1.372694 3.533498 -1.372693
v 1.078519 3.533498 -1.614116
v 0.378725 3.533498 1.903982
v 0.742896 3.533498 1.793512
v -1.941282 3.533498 -0.000001
v -1.903981 3.533498 0.378724
v 0.742897 3.533498 -1.793510
v 0.378725 3.533498 -1.903980
v 1.078519 3.533498 1.614118
v 1.372694 3.533498 1.372694
v -1.793511 3.533498 0.742896
v 1.614118 3.533498 1.078519
v 0.117925 2.896015 -1.197311
v 0.349243 2.896015 -1.151299
v 0.567140 2.896015 -1.061043
v 0.763242 2.896015 -0.930012
v 0.930013 2.896015 -0.763241
v 1.061045 2.896015 -0.567139
v 1.151300 2.896015 -0.349243
v 1.197312 2.896015 -0.117925
v 1.197312 2.896015 0.117925
v 1.151300 2.896015 0.349243
v 1.061045 2.896015 0.567140
v 0.930013 2.896015 0.763242
v 0.763242 2.896015 0.930013
v 0.567140 2.896015 1.061045
v 0.349243 2.896015 1.151300
v 0.117925 2.896015 1.197312
v -0.117925 2.896015 1.197312
v -0.349243 2.896015 1.151300
v -0.567140 2.896015 1.061044
v -0.763242 2.896015 0.930013
v -0.930013 2.896015 0.763242
v -1.061044 2.896015 0.567140
v -1.151300 2.896015 0.349242
v -1.197312 2.896015 0.117924
v -1.197311 2.896015 -0.117926
v -1.151299 2.896015 -0.349244
v -1.061043 2.896015 -0.567141
v -0.930011 2.896015 -0.763243
v -0.763240 2.896015 -0.930013
v -0.567138 2.896015 -1.061044
v -0.349241 2.896015 -1.151300
v -0.117924 2.896015 -1.197311
v -1.487930 3.096931 0.295967
v -1.401600 3.096931 0.580561
v 0.295968 3.096931 -1.487930
v 0.000001 3.096931 -1.517080
v 1.072738 3.096931 1.072739
v 1.261407 3.096931 0.842845
v -0.295966 3.096931 -1.487930
v -1.261407 3.096931 0.842845
v -1.072738 3.096931 1.072738
v 1.401600 3.096931 0.580562
v 1.487931 3.096931 0.295968
v -0.580559 3.096931 -1.401600
v -0.842843 3.096931 -1.261407
v -0.842845 3.096931 1.261407
v -0.580562 3.096931 1.401600
v 1.517081 3.096931 -0.000000
v 1.487931 3.096931 -0.295967
v -1.072736 3.096931 -1.072739
v -1.261405 3.096931 -0.842846
v -0.295968 3.096931 1.487931
v 0.000000 3.096931 1.517081
v 1.401600 3.096931 -0.580561
v 1.261407 3.096931 -0.842844
v -1.401599 3.096931 -0.580563
v -1.487930 3.096931 -0.295969
v 1.072738 3.096931 -1.072737
v 0.842845 3.096931 -1.261406
v 0.295968 3.096931 1.487931
v 0.580562 3.096931 1.401600
v -1.517081 3.096931 -0.000001
v 0.580562 3.096931 -1.401599
v 0.842845 3.096931 1.261407
v 0.044749 2.565096 -0.454340
v 0.132527 2.565096 -0.436880
v 0.215211 2.565096 -0.402631
v 0.289625 2.565096 -0.352909
v 0.352909 2.565096 -0.289625
v 0.402631 2.565096 -0.215210
v 0.436880 2.565096 -0.132526
v 0.454340 2.565096 -0.044748
v 0.454341 2.565096 0.044749
v 0.436880 2.565096 0.132526
v 0.402631 2.565096 0.215211
v 0.352909 2.565096 0.289625
v 0.289625 2.565096 0.352909
v 0.215211 2.565096 0.402631
v 0.132526 2.565096 0.436880
v 0.044749 2.565096 0.454340
v -0.044748 2.565096 0.454340
v -0.132526 2.565096 0.436880
v -0.215210 2.565096 0.402631
v -0.289625 2.565096 0.352909
v -0.352909 2.565096 0.289625
v -0.402631 2.565096 0.215211
v -0.436880 2.565096 0.132526
v -0.454340 2.565096 0.044748
v -0.454340 2.565096 -0.044749
v -0.436879 2.565096 -0.132526
v -0.402630 2.565096 -0.215211
v -0.352908 2.565096 -0.289625
v -0.289624 2.565096 -0.352909
v -0.215210 2.565096 -0.402631
v -0.132525 2.565096 -0.436880
v -0.044748 2.565096 -0.454340
v -0.794125 2.704833 -0.157962
v -0.809683 2.704833 -0.000001
v 0.449836 2.704833 -0.673226
v 0.309853 2.704833 -0.748049
v 0.309853 2.704833 0.748050
v 0.449836 2.704833 0.673227
v -0.794125 2.704833 0.157961
v -0.748049 2.704833 0.309852
v 0.157962 2.704833 -0.794125
v 0.000001 2.704833 -0.809683
v 0.572533 2.704833 0.572533
v 0.673227 2.704833 0.449836
v -0.157960 2.704833 -0.794125
v -0.673227 2.704833 0.449836
v -0.572532 2.704833 0.572532
v 0.748050 2.704833 0.309852
v 0.794126 2.704833 0.157962
v -0.309851 2.704833 -0.748050
v -0.449834 2.704833 -0.673227
v -0.449836 2.704833 0.673227
v -0.309852 2.704833 0.748050
v 0.809683 2.704833 -0.000000
v 0.794126 2.704833 -0.157961
v -0.572531 2.704833 -0.572533
v -0.673226 2.704833 -0.449836
v -0.157961 2.704833 0.794125
v 0.000000 2.704833 0.809683
v 0.748050 2.704833 -0.309852
v 0.673227 2.704833 -0.449835
v -0.748049 2.704833 -0.309853
v 0.572533 2.704833 -0.572532
v 0.157962 2.704833 0.794125
v 0.016059 2.518517 -0.163047
v 0.047560 2.518517 -0.156781
v 0.077232 2.518517 -0.144490
v 0.103937 2.518517 -0.126647
v 0.126647 2.518517 -0.103936
v 0.144491 2.518517 -0.077232
v 0.156782 2.518517 -0.047559
v 0.163047 2.518517 -0.016059
v 0.163047 2.518517 0.016059
v 0.156782 2.518517 0.047559
v 0.144491 2.518517 0.077232
v 0.126647 2.518517 0.103936
v 0.103937 2.518517 0.126647
v 0.077232 2.518517 0.144490
v 0.047559 2.518517 0.156781
v 0.016059 2.518517 0.163047
v -0.016058 2.518517 0.163047
v -0.047559 2.518517 0.156781
v -0.077231 2.518517 0.144490
v -0.103936 2.518517 0.126647
v -0.126646 2.518517 0.103936
v -0.144490 2.518517 0.077232
v -0.156781 2.518517 0.047559
v -0.163046 2.518517 0.016059
v -0.163046 2.518517 -0.016059
v -0.156781 2.518517 -0.047559
v -0.144490 2.518517 -0.077232
v -0.126646 2.518517 -0.103936
v -0.103936 2.518517 -0.126647
v -0.077231 2.518517 -0.144490
v -0.047558 2.518517 -0.156781
v -0.016058 2.518517 -0.163047
v -0.219069 2.518517 -0.146378
v -0.243416 2.518517 -0.100827
v 0.219070 2.518517 -0.146377
v 0.186304 2.518517 -0.186303
v 0.000000 2.518517 0.263473
v 0.051401 2.518517 0.258410
v -0.258410 2.518517 -0.051401
v -0.263472 2.518517 -0.000000
v 0.146378 2.518517 -0.219069
v 0.100827 2.518517 -0.243417
v 0.100827 2.518517 0.243417
v 0.146378 2.518517 0.219070
v -0.258410 2.518517 0.051401
v -0.243417 2.518517 0.100827
v 0.051401 2.518517 -0.258410
v 0.000001 2.518517 -0.263473
v 0.186304 2.518517 0.186304
v 0.219070 2.518517 0.146378
v -0.051400 2.518517 -0.258410
v -0.219069 2.518517 0.146378
v -0.186303 2.518517 0.186303
v 0.243417 2.518517 0.100827
v 0.258411 2.518517 0.051401
v -0.100826 2.518517 -0.243417
v -0.146377 2.518517 -0.219070
v -0.146377 2.518517 0.219070
v -0.100826 2.518517 0.243417
v 0.263473 2.518517 -0.000000
v 0.258411 2.518517 -0.051401
v -0.186303 2.518517 -0.186303
v -0.051401 2.518517 0.258410
v 0.243417 2.518517 -0.100826
v -0.670530 3.151906 -1.618808
v -0.687860 2.683379 -1.029457
v -0.973463 3.151906 1.456889
v -0.473807 2.683379 1.143871
v 1.752185 3.151906 -0.000000
v 1.214327 2.683379 -0.241544
v -1.238980 3.151906 -1.238983
v -1.029456 2.683379 -0.687862
v -0.341835 3.151906 1.718518
v 0.000000 2.683379 1.238117
v 1.618808 3.151906 -0.670532
v 1.029457 2.683379 -0.687861
v -1.618807 3.151906 -0.670533
v -1.214327 2.683379 -0.241546
v 1.238982 3.151906 -1.238981
v 0.687861 2.683379 -1.029456
v 0.341834 3.151906 1.718518
v 0.473807 2.683379 1.143871
v -1.752185 3.151906 -0.000001
v -1.214327 2.683379 0.241544
v 0.670532 3.151906 -1.618807
v 0.241545 2.683379 -1.214327
v 0.973462 3.151906 1.456889
v 0.875481 2.683379 0.875481
v -1.618808 3.151906 0.670531
v -1.029457 2.683379 0.687861
v 1.456889 3.151906 0.973462
v 1.143871 2.683379 0.473807
v -0.341832 3.151906 -1.718517
v -1.238982 3.151906 1.238981
v 1.718517 3.151906 0.341835
v 0.000000 2.683379 -1.238117
v 1.426930 2.907763 0.432855
v -1.152666 2.907763 0.945968
v -0.146156 2.907763 -1.483958
v 1.152666 2.907763 0.945969
v 0.146157 2.907763 -1.483957
v -1.426931 2.907763 0.432854
v 0.702918 2.907763 1.315067
v 0.702918 2.907763 -1.315066
v -1.483958 2.907763 -0.146158
v 0.146157 2.907763 1.483958
v 1.152666 2.907763 -0.945968
v -1.315066 2.907763 -0.702919
v 1.426930 2.907763 -0.432854
v -0.432855 2.907763 1.426931
v -0.945966 2.907763 -1.152666
v 1.483958 2.907763 0.146157
v -0.945969 2.907763 1.152665
v -0.432853 2.907763 -1.426930
v 1.315067 2.907763 0.702918
v -1.315067 2.907763 0.702917
v 0.945968 2.907763 1.152666
v 0.432855 2.907763 -1.426930
v -1.483958 2.907763 0.146156
v 0.432854 2.907763 1.426931
v 0.945968 2.907763 -1.152665
v -1.426930 2.907763 -0.432856
v 1.315067 2.907763 -0.702917
v -0.146158 2.907763 1.483958
v -1.152664 2.907763 -0.945969
v 1.483958 2.907763 -0.146157
v -0.702918 2.907763 1.315067
v -0.702916 2.907763 -1.315067
v 0.166522 -2.888256 -1.690723
v 0.493166 -2.888256 -1.625749
v 0.800858 -2.888256 -1.498299
v 1.077773 -2.888256 -1.313270
v 1.313271 -2.888256 -1.077773
v 1.498300 -2.888256 -0.800858
v 1.625750 -2.888256 -0.493165
v 1.690724 -2.888256 -0.166521
v 1.690724 -2.888256 0.166522
v 1.625750 -2.888256 0.493166
v 1.498300 -2.888256 0.800858
v 1.313271 -2.888256 1.077774
v 1.077773 -2.888256 1.313272
v 0.800858 -2.888256 1.498301
v 0.493166 -2.888256 1.625751
v 0.166521 -2.888256 1.690724
v -0.166522 -2.888256 1.690724
v -0.493167 -2.888256 1.625751
v -0.800859 -2.888256 1.498300
v -1.077774 -2.888256 1.313271
v -1.313272 -2.888256 1.077773
v -1.498301 -2.888256 0.800857
v -1.625751 -2.888256 0.493165
v -1.690724 -2.888256 0.166521
v -1.690723 -2.888256 -0.166523
v -1.625749 -2.888256 -0.493167
v -1.498299 -2.888256 -0.800859
v -1.313270 -2.888256 -1.077775
v -1.077772 -2.888256 -1.313272
v -0.800856 -2.888256 -1.498300
v -0.493163 -2.888256 -1.625750
v -0.166520 -2.888256 -1.690723
v 0.078862 -2.812729 -0.800697
v 0.233555 -2.812729 -0.769927
v 0.379272 -2.812729 -0.709568
v 0.510415 -2.812729 -0.621942
v 0.621942 -2.812729 -0.510415
v 0.709569 -2.812729 -0.379272
v 0.769927 -2.812729 -0.233555
v 0.800698 -2.812729 -0.078862
v 0.800698 -2.812729 0.078862
v 0.769927 -2.812729 0.233555
v 0.709569 -2.812729 0.379273
v 0.621942 -2.812729 0.510415
v 0.510415 -2.812729 0.621942
v 0.379272 -2.812729 0.709569
v 0.233555 -2.812729 0.769927
v 0.078862 -2.812729 0.800698
v -0.078862 -2.812729 0.800698
v -0.233555 -2.812729 0.769927
v -0.379273 -2.812729 0.709569
v -0.510415 -2.812729 0.621942
v -0.621942 -2.812729 0.510415
v -0.709569 -2.812729 0.379272
v -0.769927 -2.812729 0.233554
v -0.800697 -2.812729 0.078861
v -0.800697 -2.812729 -0.078862
v -0.769927 -2.812729 -0.233555
v -0.709568 -2.812729 -0.379273
v -0.621941 -2.812729 -0.510415
v -0.510414 -2.812729 -0.621943
v -0.379271 -2.812729 -0.709569
v -0.233553 -2.812729 -0.769927
v -0.078861 -2.812729 -0.800697
v -1.347967 -2.883664 -0.900684
v -0.837088 -2.841717 -0.837090
v -0.000001 -2.883664 1.621187
v -0.230953 -2.841717 1.161077
v 1.347968 -2.883664 -0.900683
v 1.093710 -2.841717 -0.453029
v -1.590036 -2.883664 -0.316279
v -1.093709 -2.841717 -0.453030
v 0.900683 -2.883664 -1.347967
v 0.837089 -2.841717 -0.837089
v 0.620401 -2.883664 1.497782
v 0.230952 -2.841717 1.161077
v -1.590037 -2.883664 0.316277
v -1.183823 -2.841717 -0.000001
v 0.316278 -2.883664 -1.590036
v 0.453030 -2.841717 -1.093709
v 1.146352 -2.883664 1.146353
v 0.657697 -2.841717 0.984313
v -1.347968 -2.883664 0.900683
v -1.093710 -2.841717 0.453029
v 1.497781 -2.883664 0.620402
v 0.984313 -2.841717 0.657697
v -0.620399 -2.883664 -1.497782
v -0.230951 -2.841717 -1.161076
v -0.900684 -2.883664 1.347968
v -0.837090 -2.841717 0.837089
v 1.621187 -2.883664 0.000000
v 1.161076 -2.841717 0.230953
v -0.657696 -2.841717 -0.984313
v -0.453030 -2.841717 1.093710
v 1.161076 -2.841717 -0.230952
v 0.000000 -2.883664 -1.621186
v 0.013581 -2.794629 -0.137883
v 0.040219 -2.794629 -0.132585
v 0.065313 -2.794629 -0.122191
v 0.087896 -2.794629 -0.107101
v 0.107101 -2.794629 -0.087896
v 0.122191 -2.794629 -0.065312
v 0.132585 -2.794629 -0.040219
v 0.137884 -2.794629 -0.013580
v 0.137884 -2.794629 0.013580
v 0.132585 -2.794629 0.040219
v 0.122191 -2.794629 0.065312
v 0.107101 -2.794629 0.087896
v 0.087896 -2.794629 0.107101
v 0.065313 -2.794629 0.122191
v 0.040219 -2.794629 0.132585
v 0.013581 -2.794629 0.137883
v -0.013580 -2.794629 0.137883
v -0.040219 -2.794629 0.132585
v -0.065312 -2.794629 0.122191
v -0.087895 -2.794629 0.107101
v -0.107101 -2.794629 0.087896
v -0.122191 -2.794629 0.065312
v -0.132584 -2.794629 0.040219
v -0.137883 -2.794629 0.013580
v -0.137883 -2.794629 -0.013580
v -0.132584 -2.794629 -0.040219
v -0.122190 -2.794629 -0.065312
v -0.107101 -2.794629 -0.087896
v -0.087895 -2.794629 -0.107101
v -0.065312 -2.794629 -0.122191
v -0.040219 -2.794629 -0.132585
v -0.013580 -2.794629 -0.137883
v -0.239701 -2.799096 -0.358739
v -0.165109 -2.799096 -0.398609
v -0.165109 -2.799096 0.398609
v -0.239702 -2.799096 0.358739
v 0.423162 -2.799096 -0.084172
v 0.431452 -2.799096 0.000000
v -0.358738 -2.799096 -0.239702
v -0.305082 -2.799096 -0.305083
v 0.000000 -2.799096 0.431452
v -0.084172 -2.799096 0.423162
v 0.358739 -2.799096 -0.239702
v 0.398609 -2.799096 -0.165109
v -0.423161 -2.799096 -0.084172
v -0.398609 -2.799096 -0.165110
v 0.239702 -2.799096 -0.358739
v 0.305082 -2.799096 -0.305082
v 0.165109 -2.799096 0.398610
v 0.084172 -2.799096 0.423162
v -0.423161 -2.799096 0.084172
v -0.431451 -2.799096 0.000000
v 0.084172 -2.799096 -0.423161
v 0.165110 -2.799096 -0.398609
v 0.305082 -2.799096 0.305082
v 0.239702 -2.799096 0.358739
v -0.358739 -2.799096 0.239702
v -0.398609 -2.799096 0.165109
v 0.398609 -2.799096 0.165109
v 0.358739 -2.799096 0.239702
v -0.084171 -2.799096 -0.423161
v -0.305082 -2.799096 0.305082
v 0.423162 -2.799096 0.084172
v 0.000000 -2.799096 -0.431451
v -0.858694 -2.546451 -0.573762
v 0.000000 -2.546451 1.032744
v 0.858695 -2.546451 -0.573761
v -1.012899 -2.546451 -0.201479
v 0.573761 -2.546451 -0.858694
v 0.395214 -2.546451 0.954131
v -1.012900 -2.546451 0.201478
v 0.201478 -2.546451 -1.012899
v 0.730260 -2.546451 0.730260
v -0.858695 -2.546451 0.573761
v 0.954130 -2.546451 0.395214
v -0.395212 -2.546451 -0.954131
v -0.573762 -2.546451 0.858695
v 1.032743 -2.546451 0.000000
v 0.000000 -2.546451 -1.032743
v -0.558881 -2.427661 -0.558882
v -0.154195 -2.427661 0.775192
v 0.730215 -2.427661 -0.302465
v -0.730214 -2.427661 -0.302465
v 0.558882 -2.427661 -0.558882
v 0.154195 -2.427661 0.775192
v -0.790378 -2.427661 -0.000001
v 0.302465 -2.427661 -0.730214
v 0.439111 -2.427661 0.657176
v -0.730215 -2.427661 0.302464
v 0.657176 -2.427661 0.439111
v -0.154194 -2.427661 -0.775192
v -0.558882 -2.427661 0.558882
v 0.775192 -2.427661 0.154195
v -0.439110 -2.427661 -0.657176
v -0.302465 -2.427661 0.730215
v 0.775192 -2.427661 -0.154195
v -0.706364 -2.492544 -0.579699
v -0.089567 -2.492544 0.909384
v 0.805886 -2.492544 -0.430755
v -0.874436 -2.492544 -0.265258
v 0.579698 -2.492544 -0.706364
v 0.265257 -2.492544 0.874437
v -0.909384 -2.492544 0.089566
v 0.265258 -2.492544 -0.874436
v 0.579698 -2.492544 0.706365
v -0.805886 -2.492544 0.430754
v 0.805886 -2.492544 0.430755
v -0.265256 -2.492544 -0.874437
v -0.579699 -2.492544 0.706364
v 0.909384 -2.492544 0.089567
v -0.579697 -2.492544 -0.706365
v -0.265258 -2.492544 0.874437
v 0.874437 -2.492544 -0.265257
v -0.805885 -2.492544 -0.430756
v 0.706365 -2.492544 -0.579698
v 0.089566 -2.492544 0.909384
v -0.909384 -2.492544 -0.089567
v 0.430755 -2.492544 -0.805885
v 0.430755 -2.492544 0.805886
v -0.874437 -2.492544 0.265257
v 0.089567 -2.492544 -0.909384
v 0.706365 -2.492544 0.579699
v -0.089566 -2.492544 -0.909384
v -0.706365 -2.492544 0.579698
v 0.874437 -2.492544 0.265258
v -0.430754 -2.492544 -0.805886
v -0.430755 -2.492544 0.805886
v 0.909384 -2.492544 -0.089566
v -1.003366 -2.665986 -1.003368
v -0.276829 -2.665986 1.391710
v 1.310962 -2.665986 -0.543018
v -1.310961 -2.665986 -0.543019
v 1.003367 -2.665986 -1.003367
v 0.276828 -2.665986 1.391711
v -1.418975 -2.665986 -0.000001
v 0.543018 -2.665986 -1.310962
v 0.788340 -2.665986 1.179836
v -1.310963 -2.665986 0.543018
v 1.179835 -2.665986 0.788341
v -0.276826 -2.665986 -1.391710
v -1.003368 -2.665986 1.003367
v 1.391710 -2.665986 0.276829
v -0.788339 -2.665986 -1.179835
v -0.543019 -2.665986 1.310962
v 1.391710 -2.665986 -0.276828
v 1.648046 -2.721998 -0.162318
v -0.780643 -2.721998 1.460479
v -0.780640 -2.721998 -1.460480
v 1.584712 -2.721998 0.480717
v -1.280121 -2.721998 1.050568
v -0.162317 -2.721998 -1.648045
v 1.280121 -2.721998 1.050568
v 0.162318 -2.721998 -1.648045
v -1.584713 -2.721998 0.480716
v 0.780642 -2.721998 1.460480
v 0.780642 -2.721998 -1.460479
v -1.648045 -2.721998 -0.162320
v 0.162318 -2.721998 1.648046
v 1.280121 -2.721998 -1.050567
v -1.460478 -2.721998 -0.780644
v 1.584712 -2.721998 -0.480717
v -0.480718 -2.721998 1.584712
v -1.050566 -2.721998 -1.280121
v 1.648046 -2.721998 0.162319
v -1.050569 -2.721998 1.280121
v -0.480715 -2.721998 -1.584712
v 1.460479 -2.721998 0.780643
v -1.460480 -2.721998 0.780642
v 1.050568 -2.721998 1.280121
v 0.480717 -2.721998 -1.584711
v -1.648046 -2.721998 0.162317
v 0.480717 -2.721998 1.584713
v 1.050568 -2.721998 -1.280120
v -1.584712 -2.721998 -0.480718
v 1.460479 -2.721998 -0.780642
v -0.162319 -2.721998 1.648046
v -1.280119 -2.721998 -1.050569
v 0.003778 2.518517 -0.038354
v 0.011188 2.518517 -0.036881
v 0.018168 2.518517 -0.033989
v 0.024450 2.518517 -0.029792
v 0.029792 2.518517 -0.024450
v 0.033990 2.518517 -0.018168
v 0.036881 2.518517 -0.011188
v 0.038355 2.518517 -0.003778
v 0.038355 2.518517 0.003778
v 0.036881 2.518517 0.011188
v 0.033990 2.518517 0.018168
v 0.029792 2.518517 0.024450
v 0.024450 2.518517 0.029792
v 0.018168 2.518517 0.033989
v 0.011188 2.518517 0.036881
v 0.003778 2.518517 0.038355
v -0.003777 2.518517 0.038355
v -0.011187 2.518517 0.036881
v -0.018167 2.518517 0.033989
v -0.024449 2.518517 0.029792
v -0.029791 2.518517 0.024450
v -0.033989 2.518517 0.018168
v -0.036880 2.518517 0.011188
v -0.038354 2.518517 0.003778
v -0.038354 2.518517 -0.003778
v -0.036880 2.518517 -0.011188
v -0.033989 2.518517 -0.018168
v -0.029791 2.518517 -0.024450
v -0.024449 2.518517 -0.029792
v -0.018167 2.518517 -0.033989
v -0.011187 2.518517 -0.036881
v -0.003777 2.518517 -0.038354
v -0.064351 2.518517 -0.064352
v -0.075669 2.518517 -0.050561
v -0.017754 2.518517 0.089258
v 0.000000 2.518517 0.091007
v 0.084080 2.518517 -0.034827
v 0.075670 2.518517 -0.050561
v -0.084079 2.518517 -0.034827
v -0.089258 2.518517 -0.017755
v 0.064352 2.518517 -0.064351
v 0.050561 2.518517 -0.075669
v 0.017755 2.518517 0.089258
v 0.034827 2.518517 0.084079
v -0.091006 2.518517 -0.000000
v -0.089258 2.518517 0.017755
v 0.034827 2.518517 -0.084079
v 0.017755 2.518517 -0.089258
v 0.050561 2.518517 0.075669
v 0.064352 2.518517 0.064352
v -0.084079 2.518517 0.034827
v -0.075669 2.518517 0.050561
v 0.075670 2.518517 0.050561
v 0.084080 2.518517 0.034827
v -0.017754 2.518517 -0.089258
v -0.034826 2.518517 -0.084079
v -0.064351 2.518517 0.064352
v -0.050560 2.518517 0.075669
v 0.089259 2.518517 0.017755
v 0.091007 2.518517 -0.000000
v -0.050560 2.518517 -0.075669
v -0.034826 2.518517 0.084079
v 0.089259 2.518517 -0.017754
v 0.000001 2.518517 -0.091007
v -0.428970 2.089827 -0.177686
v -0.417815 2.076025 -0.083109
v 0.328320 2.089827 -0.328319
v 0.236673 2.076025 -0.354206
v 0.090583 2.089827 0.455392
v 0.163023 2.076025 0.393573
v -0.464314 2.089827 -0.000000
v -0.417815 2.076025 0.083108
v 0.177685 2.089827 -0.428970
v 0.083109 2.076025 -0.417815
v 0.257959 2.089827 0.386063
v 0.301228 2.076025 0.301228
v -0.428970 2.089827 0.177685
v -0.354207 2.076025 0.236673
v 0.386063 2.089827 0.257959
v 0.393573 2.076025 0.163023
v -0.090582 2.089827 -0.455392
v -0.163023 2.076025 -0.393573
v -0.328320 2.089827 0.328319
v -0.236673 2.076025 0.354206
v 0.455392 2.089827 0.090583
v 0.426001 2.076025 -0.000000
v -0.257958 2.089827 -0.386063
v -0.301227 2.076025 -0.301228
v -0.177685 2.089827 0.428970
v -0.083109 2.076025 0.417815
v 0.455392 2.089827 -0.090583
v 0.393573 2.076025 -0.163023
v -0.386063 2.089827 -0.257959
v 0.386063 2.089827 -0.257959
v 0.000000 2.089827 0.464314
v 0.000000 2.076025 -0.426000
v 0.396251 2.081861 -0.211801
v -0.044040 2.081861 0.447141
v -0.347317 2.081861 -0.285036
v 0.447141 2.081861 -0.044039
v -0.211801 2.081861 0.396251
v -0.211800 2.081861 -0.396252
v 0.429958 2.081861 0.130426
v -0.347317 2.081861 0.285036
v -0.044039 2.081861 -0.447141
v 0.347317 2.081861 0.285036
v 0.044040 2.081861 -0.447141
v -0.429958 2.081861 0.130426
v 0.211801 2.081861 0.396251
v 0.211801 2.081861 -0.396251
v -0.447141 2.081861 -0.044040
v 0.044040 2.081861 0.447141
v 0.347317 2.081861 -0.285036
v -0.396251 2.081861 -0.211801
v 0.429958 2.081861 -0.130426
v -0.130426 2.081861 0.429958
v -0.285035 2.081861 -0.347317
v 0.447141 2.081861 0.044040
v -0.285036 2.081861 0.347317
v -0.130426 2.081861 -0.429958
v 0.396251 2.081861 0.211801
v -0.396251 2.081861 0.211801
v 0.285036 2.081861 0.347317
v 0.130426 2.081861 -0.429958
v -0.447141 2.081861 0.044039
v 0.130426 2.081861 0.429958
v 0.285036 2.081861 -0.347317
v -0.429958 2.081861 -0.130427
v 0.000000 -2.767268 -1.985711
v 0.189899 -2.758020 -1.928075
v 0.387393 -2.767268 -1.947556
v 0.196122 -2.778447 -1.991255
v 0.000000 -2.794459 -2.010900
v 0.392307 -2.794459 -1.972260
v 0.197643 -2.812212 -2.006700
v 0.562399 -2.758020 -1.853980
v 0.759899 -2.767268 -1.834558
v 0.580828 -2.778447 -1.914733
v 0.769538 -2.794459 -1.857829
v 0.585333 -2.812212 -1.929583
v 0.913286 -2.758020 -1.708638
v 1.103202 -2.767268 -1.651058
v 0.943213 -2.778447 -1.764628
v 1.117196 -2.794459 -1.672002
v 0.950529 -2.812212 -1.778314
v 1.229077 -2.758020 -1.497634
v 1.404110 -2.767268 -1.404110
v 1.269352 -2.778447 -1.546709
v 1.421921 -2.794459 -1.421921
v 1.279197 -2.812212 -1.558705
v 1.497634 -2.758020 -1.229076
v 1.651059 -2.767268 -1.103202
v 1.546710 -2.778447 -1.269351
v 1.672003 -2.794459 -1.117196
v 1.558706 -2.812212 -1.279197
v 1.708639 -2.758020 -0.913286
v 1.834559 -2.767268 -0.759898
v 1.764629 -2.778447 -0.943213
v 1.857830 -2.794459 -0.769538
v 1.778315 -2.812212 -0.950529
v 1.853981 -2.758020 -0.562398
v 1.947557 -2.767268 -0.387393
v 1.914734 -2.778447 -0.580828
v 1.972262 -2.794459 -0.392307
v 1.929584 -2.812212 -0.585332
v 1.928076 -2.758020 -0.189898
v 1.985712 -2.767268 0.000000
v 1.991256 -2.778447 -0.196121
v 2.010900 -2.794459 0.000000
v 2.006701 -2.812212 -0.197642
v 1.928076 -2.758020 0.189899
v 1.947557 -2.767268 0.387394
v 1.991256 -2.778447 0.196122
v 1.972262 -2.794459 0.392308
v 2.006701 -2.812212 0.197643
v 1.853981 -2.758020 0.562399
v 1.834559 -2.767268 0.759899
v 1.914734 -2.778447 0.580828
v 1.857830 -2.794459 0.769539
v 1.929584 -2.812212 0.585333
v 1.708639 -2.758020 0.913287
v 1.651059 -2.767268 1.103203
v 1.764629 -2.778447 0.943214
v 1.672003 -2.794459 1.117197
v 1.778315 -2.812212 0.950530
v 1.497634 -2.758020 1.229077
v 1.404110 -2.767268 1.404111
v 1.546710 -2.778447 1.269352
v 1.421921 -2.794459 1.421922
v 1.558706 -2.812212 1.279197
v 1.229077 -2.758020 1.497635
v 1.103202 -2.767268 1.651060
v 1.269352 -2.778447 1.546711
v 1.117196 -2.794459 1.672004
v 1.279197 -2.812212 1.558707
v 0.913286 -2.758020 1.708640
v 0.759899 -2.767268 1.834560
v 0.943213 -2.778447 1.764630
v 0.769538 -2.794459 1.857831
v 0.950529 -2.812212 1.778316
v 0.562399 -2.758020 1.853982
v 0.387393 -2.767268 1.947558
v 0.580828 -2.778447 1.914734
v 0.392307 -2.794459 1.972262
v 0.585333 -2.812212 1.929585
v 0.189898 -2.758020 1.928077
v -0.000001 -2.767268 1.985713
v 0.196121 -2.778447 1.991257
v -0.000001 -2.794459 2.010901
v 0.197642 -2.812212 2.006701
v -0.189900 -2.758020 1.928077
v -0.387394 -2.767268 1.947558
v -0.196122 -2.778447 1.991257
v -0.392308 -2.794459 1.972262
v -0.197644 -2.812212 2.006701
v -0.562400 -2.758020 1.853982
v -0.759900 -2.767268 1.834559
v -0.580829 -2.778447 1.914734
v -0.769539 -2.794459 1.857830
v -0.585334 -2.812212 1.929585
v -0.913288 -2.758020 1.708639
v -1.103204 -2.767268 1.651059
v -0.943215 -2.778447 1.764629
v -1.117198 -2.794459 1.672003
v -0.950530 -2.812212 1.778315
v -1.229078 -2.758020 1.497635
v -1.404111 -2.767268 1.404110
v -1.269353 -2.778447 1.546710
v -1.421922 -2.794459 1.421921
v -1.279198 -2.812212 1.558706
v -1.497635 -2.758020 1.229076
v -1.651060 -2.767268 1.103202
v -1.546711 -2.778447 1.269351
v -1.672004 -2.794459 1.117196
v -1.558707 -2.812212 1.279197
v -1.708640 -2.758020 0.913286
v -1.834559 -2.767268 0.759898
v -1.764629 -2.778447 0.943213
v -1.857831 -2.794459 0.769538
v -1.778316 -2.812212 0.950529
v -1.853982 -2.758020 0.562398
v -1.947557 -2.767268 0.387392
v -1.914734 -2.778447 0.580827
v -1.972262 -2.794459 0.392306
v -1.929585 -2.812212 0.585332
v -1.928076 -2.758020 0.189898
v -1.985712 -2.767268 -0.000001
v -1.991256 -2.778447 0.196120
v -2.010900 -2.794459 -0.000001
v -2.006701 -2.812212 0.197641
v -1.928076 -2.758020 -0.189900
v -1.947556 -2.767268 -0.387395
v -1.991256 -2.778447 -0.196123
v -1.972261 -2.794459 -0.392309
v -2.006700 -2.812212 -0.197644
v -1.853980 -2.758020 -0.562401
v -1.834558 -2.767268 -0.759901
v -1.914733 -2.778447 -0.580830
v -1.857829 -2.794459 -0.769540
v -1.929584 -2.812212 -0.585335
v -1.708638 -2.758020 -0.913288
v -1.651058 -2.767268 -1.103204
v -1.764628 -2.778447 -0.943215
v -1.672001 -2.794459 -1.117198
v -1.778314 -2.812212 -0.950531
v -1.497633 -2.758020 -1.229078
v -1.404109 -2.767268 -1.404112
v -1.546708 -2.778447 -1.269353
v -1.421920 -2.794459 -1.421923
v -1.558705 -2.812212 -1.279198
v -1.229075 -2.758020 -1.497635
v -1.103200 -2.767268 -1.651060
v -1.269350 -2.778447 -1.546711
v -1.117194 -2.794459 -1.672004
v -1.279195 -2.812212 -1.558707
v -0.913284 -2.758020 -1.708639
v -0.759896 -2.767268 -1.834559
v -0.943211 -2.778447 -1.764629
v -0.769536 -2.794459 -1.857830
v -0.950527 -2.812212 -1.778316
v -0.562396 -2.758020 -1.853981
v -0.387391 -2.767268 -1.947556
v -0.580825 -2.778447 -1.914733
v -0.392305 -2.794459 -1.972261
v -0.585330 -2.812212 -1.929584
v -0.189897 -2.758020 -1.928075
v -0.196120 -2.778447 -1.991256
v -0.197641 -2.812212 -2.006700
v 0.000000 -2.862081 -2.010880
v 0.197642 -2.844847 -2.006695
v 0.392303 -2.862081 -1.972241
v 0.196117 -2.877154 -1.991208
v 0.000000 -2.886905 -1.985621
v 0.387376 -2.886905 -1.947468
v 0.189738 -2.891591 -1.926443
v 0.585331 -2.844847 -1.929579
v 0.769530 -2.862081 -1.857810
v 0.580814 -2.877154 -1.914687
v 0.759864 -2.886905 -1.834474
v 0.561923 -2.891591 -1.852411
v 0.950527 -2.844847 -1.778310
v 1.117185 -2.862081 -1.671985
v 0.943191 -2.877154 -1.764585
v 1.103152 -2.886905 -1.650983
v 0.912513 -2.891591 -1.707192
v 1.279194 -2.844847 -1.558701
v 1.421907 -2.862081 -1.421906
v 1.269321 -2.877154 -1.546672
v 1.404046 -2.886905 -1.404046
v 1.228036 -2.891591 -1.496366
v 1.558702 -2.844847 -1.279193
v 1.671986 -2.862081 -1.117185
v 1.546672 -2.877154 -1.269321
v 1.650984 -2.886905 -1.103152
v 1.496367 -2.891591 -1.228036
v 1.778311 -2.844847 -0.950526
v 1.857811 -2.862081 -0.769530
v 1.764586 -2.877154 -0.943190
v 1.834475 -2.886905 -0.759864
v 1.707192 -2.891591 -0.912513
v 1.929579 -2.844847 -0.585331
v 1.972242 -2.862081 -0.392303
v 1.914688 -2.877154 -0.580814
v 1.947469 -2.886905 -0.387375
v 1.852412 -2.891591 -0.561922
v 2.006696 -2.844847 -0.197642
v 2.010880 -2.862081 0.000000
v 1.991209 -2.877154 -0.196116
v 1.985622 -2.886905 0.000000
v 1.926444 -2.891591 -0.189738
v 2.006696 -2.844847 0.197643
v 1.972242 -2.862081 0.392304
v 1.991209 -2.877154 0.196117
v 1.947469 -2.886905 0.387376
v 1.926444 -2.891591 0.189738
v 1.929579 -2.844847 0.585332
v 1.857811 -2.862081 0.769531
v 1.914688 -2.877154 0.580814
v 1.834475 -2.886905 0.759865
v 1.852412 -2.891591 0.561923
v 1.778311 -2.844847 0.950527
v 1.671986 -2.862081 1.117185
v 1.764586 -2.877154 0.943191
v 1.650984 -2.886905 1.103153
v 1.707192 -2.891591 0.912514
v 1.558702 -2.844847 1.279194
v 1.421907 -2.862081 1.421908
v 1.546673 -2.877154 1.269322
v 1.404047 -2.886905 1.404047
v 1.496367 -2.891591 1.228037
v 1.279194 -2.844847 1.558703
v 1.117185 -2.862081 1.671987
v 1.269321 -2.877154 1.546673
v 1.103152 -2.886905 1.650985
v 1.228036 -2.891591 1.496367
v 0.950526 -2.844847 1.778311
v 0.769530 -2.862081 1.857812
v 0.943191 -2.877154 1.764587
v 0.759864 -2.886905 1.834476
v 0.912513 -2.891591 1.707193
v 0.585331 -2.844847 1.929580
v 0.392303 -2.862081 1.972242
v 0.580814 -2.877154 1.914688
v 0.387375 -2.886905 1.947469
v 0.561922 -2.891591 1.852412
v 0.197642 -2.844847 2.006696
v -0.000001 -2.862081 2.010881
v 0.196116 -2.877154 1.991209
v -0.000001 -2.886905 1.985622
v 0.189738 -2.891591 1.926444
v -0.197643 -2.844847 2.006696
v -0.392304 -2.862081 1.972242
v -0.196118 -2.877154 1.991209
v -0.387376 -2.886905 1.947469
v -0.189739 -2.891591 1.926444
v -0.585332 -2.844847 1.929580
v -0.769531 -2.862081 1.857811
v -0.580815 -2.877154 1.914688
v -0.759865 -2.886905 1.834475
v -0.561924 -2.891591 1.852412
v -0.950528 -2.844847 1.778311
v -1.117186 -2.862081 1.671986
v -0.943192 -2.877154 1.764586
v -1.103153 -2.886905 1.650984
v -0.912514 -2.891591 1.707192
v -1.279195 -2.844847 1.558702
v -1.421908 -2.862081 1.421907
v -1.269322 -2.877154 1.546673
v -1.404047 -2.886905 1.404046
v -1.228037 -2.891591 1.496367
v -1.558703 -2.844847 1.279194
v -1.671986 -2.862081 1.117185
v -1.546674 -2.877154 1.269321
v -1.650985 -2.886905 1.103152
v -1.496367 -2.891591 1.228036
v -1.778311 -2.844847 0.950526
v -1.857811 -2.862081 0.769530
v -1.764587 -2.877154 0.943190
v -1.834476 -2.886905 0.759864
v -1.707193 -2.891591 0.912513
v -1.929580 -2.844847 0.585330
v -1.972242 -2.862081 0.392302
v -1.914688 -2.877154 0.580813
v -1.947469 -2.886905 0.387374
v -1.852412 -2.891591 0.561922
v -2.006696 -2.844847 0.197641
v -2.010880 -2.862081 -0.000001
v -1.991209 -2.877154 0.196116
v -1.985621 -2.886905 -0.000001
v -1.926444 -2.891591 0.189737
v -2.006695 -2.844847 -0.197644
v -1.972241 -2.862081 -0.392305
v -1.991208 -2.877154 -0.196118
v -1.947468 -2.886905 -0.387377
v -1.926443 -2.891591 -0.189740
v -1.929579 -2.844847 -0.585333
v -1.857810 -2.862081 -0.769532
v -1.914687 -2.877154 -0.580816
v -1.834474 -2.886905 -0.759866
v -1.852411 -2.891591 -0.561924
v -1.778309 -2.844847 -0.950528
v -1.671984 -2.862081 -1.117187
v -1.764585 -2.877154 -0.943192
v -1.650983 -2.886905 -1.103154
v -1.707191 -2.891591 -0.912515
v -1.558700 -2.844847 -1.279195
v -1.421905 -2.862081 -1.421908
v -1.546671 -2.877154 -1.269323
v -1.404045 -2.886905 -1.404047
v -1.496365 -2.891591 -1.228038
v -1.279192 -2.844847 -1.558703
v -1.117183 -2.862081 -1.671986
v -1.269320 -2.877154 -1.546674
v -1.103150 -2.886905 -1.650985
v -1.228034 -2.891591 -1.496368
v -0.950524 -2.844847 -1.778311
v -0.769528 -2.862081 -1.857811
v -0.943188 -2.877154 -1.764587
v -0.759862 -2.886905 -1.834475
v -0.912511 -2.891591 -1.707193
v -0.585329 -2.844847 -1.929579
v -0.392301 -2.862081 -1.972241
v -0.580811 -2.877154 -1.914687
v -0.387373 -2.886905 -1.947468
v -0.561920 -2.891591 -1.852412
v -0.197641 -2.844847 -2.006695
v -0.196115 -2.877154 -1.991208
v -0.189737 -2.891591 -1.926443
v 0.000000 -2.828616 -2.018277
v 0.393746 -2.828616 -1.979496
v -0.356661 -2.747803 -1.793068
v 0.000000 -2.747803 -1.828196
v -0.393744 -2.828616 -1.979497
v 0.356663 -2.747803 -1.793067
v 0.772362 -2.828616 -1.864645
v 0.699621 -2.747803 -1.689033
v 1.121295 -2.828616 -1.678136
v 1.015691 -2.747803 -1.520089
v 1.427138 -2.828616 -1.427138
v 1.292730 -2.747803 -1.292730
v 1.678137 -2.828616 -1.121295
v 1.520090 -2.747803 -1.015691
v 1.864646 -2.828616 -0.772361
v 1.689034 -2.747803 -0.699620
v 1.979498 -2.828616 -0.393746
v 1.793069 -2.747803 -0.356663
v 2.018278 -2.828616 0.000000
v 1.828197 -2.747803 0.000000
v 1.979498 -2.828616 0.393747
v 1.793069 -2.747803 0.356664
v 1.864646 -2.828616 0.772362
v 1.689034 -2.747803 0.699621
v 1.678137 -2.828616 1.121296
v 1.520090 -2.747803 1.015692
v 1.427138 -2.828616 1.427139
v 1.292730 -2.747803 1.292731
v 1.121295 -2.828616 1.678138
v 1.015692 -2.747803 1.520091
v 0.772361 -2.828616 1.864647
v 0.699620 -2.747803 1.689035
v 0.393746 -2.828616 1.979498
v 0.356663 -2.747803 1.793069
v -0.000001 -2.828616 2.018279
v -0.000001 -2.747803 1.828197
v -0.393747 -2.828616 1.979498
v -0.356664 -2.747803 1.793069
v -0.772363 -2.828616 1.864646
v -0.699622 -2.747803 1.689034
v -1.121296 -2.828616 1.678137
v -1.015693 -2.747803 1.520090
v -1.427139 -2.828616 1.427138
v -1.292731 -2.747803 1.292730
v -1.678138 -2.828616 1.121295
v -1.520091 -2.747803 1.015691
v -1.864647 -2.828616 0.772361
v -1.689034 -2.747803 0.699620
v -1.979498 -2.828616 0.393745
v -1.793069 -2.747803 0.356662
v -2.018278 -2.828616 -0.000001
v -1.828197 -2.747803 -0.000001
v -1.979497 -2.828616 -0.393748
v -1.793068 -2.747803 -0.356665
v -1.864645 -2.828616 -0.772363
v -1.689033 -2.747803 -0.699622
v -1.678136 -2.828616 -1.121297
v -1.520089 -2.747803 -1.015693
v -1.427136 -2.828616 -1.427139
v -1.292729 -2.747803 -1.292731
v -1.121293 -2.828616 -1.678138
v -1.015690 -2.747803 -1.520091
v -0.772359 -2.828616 -1.864646
v -0.699618 -2.747803 -1.689034
v 0.000000 -2.891470 -1.822006
v 0.355456 -2.891470 -1.786996
v -0.355453 -2.891470 -1.786997
v 0.697252 -2.891470 -1.683314
v 1.012252 -2.891470 -1.514942
v 1.288353 -2.891470 -1.288353
v 1.514943 -2.891470 -1.012252
v 1.683315 -2.891470 -0.697251
v 1.786997 -2.891470 -0.355455
v 1.822007 -2.891470 0.000000
v 1.786997 -2.891470 0.355456
v 1.683315 -2.891470 0.697252
v 1.514943 -2.891470 1.012253
v 1.288353 -2.891470 1.288354
v 1.012252 -2.891470 1.514944
v 0.697251 -2.891470 1.683315
v 0.355455 -2.891470 1.786998
v -0.000001 -2.891470 1.822007
v -0.355457 -2.891470 1.786998
v -0.697253 -2.891470 1.683315
v -1.012254 -2.891470 1.514943
v -1.288354 -2.891470 1.288353
v -1.514944 -2.891470 1.012252
v -1.683315 -2.891470 0.697251
v -1.786997 -2.891470 0.355455
v -1.822006 -2.891470 -0.000001
v -1.786997 -2.891470 -0.355457
v -1.683314 -2.891470 -0.697253
v -1.514942 -2.891470 -1.012254
v -1.288352 -2.891470 -1.288354
v -1.012251 -2.891470 -1.514944
v -0.697249 -2.891470 -1.683315
v -0.984312 -2.841717 -0.657698
v -1.146351 -2.883664 -1.146353
v 0.000000 -2.841717 1.183824
v -0.316279 -2.883664 1.590037
v 0.984313 -2.841717 -0.657697
v 1.497781 -2.883664 -0.620401
v -1.161076 -2.841717 -0.230953
v -1.497781 -2.883664 -0.620403
v 0.657697 -2.841717 -0.984313
v 1.146352 -2.883664 -1.146352
v 0.453029 -2.841717 1.093711
v 0.316277 -2.883664 1.590037
v -1.161077 -2.841717 0.230952
v -1.621186 -2.883664 -0.000001
v 0.230953 -2.841717 -1.161076
v 0.620401 -2.883664 -1.497781
v 0.837089 -2.841717 0.837090
v 0.900683 -2.883664 1.347968
v -0.984313 -2.841717 0.657696
v -1.497782 -2.883664 0.620401
v 1.093710 -2.841717 0.453030
v 1.347968 -2.883664 0.900683
v -0.453028 -2.841717 -1.093710
v -0.316276 -2.883664 -1.590036
v -0.657697 -2.841717 0.984313
v -1.146353 -2.883664 1.146352
v 1.183823 -2.841717 0.000000
v 1.590036 -2.883664 0.316278
v -0.900681 -2.883664 -1.347968
v -0.620402 -2.883664 1.497782
v 1.590036 -2.883664 -0.316277
v 0.000000 -2.841717 -1.183823
v 1.477149 -2.870536 -0.145486
v -0.699693 -2.870536 1.309032
v -0.699691 -2.870536 -1.309033
v 1.420383 -2.870536 0.430869
v -1.147377 -2.870536 0.941627
v -0.145485 -2.870536 -1.477148
v 1.147377 -2.870536 0.941628
v 0.145486 -2.870536 -1.477148
v -1.420383 -2.870536 0.430868
v 0.699692 -2.870536 1.309033
v 0.699692 -2.870536 -1.309032
v -1.477148 -2.870536 -0.145488
v 0.145486 -2.870536 1.477150
v 1.147377 -2.870536 -0.941627
v -1.309031 -2.870536 -0.699694
v 1.420383 -2.870536 -0.430868
v -0.430869 -2.870536 1.420383
v -0.941626 -2.870536 -1.147377
v 1.477149 -2.870536 0.145487
v -0.941628 -2.870536 1.147376
v -0.430866 -2.870536 -1.420383
v 1.309032 -2.870536 0.699693
v -1.309033 -2.870536 0.699692
v 0.941627 -2.870536 1.147377
v 0.430868 -2.870536 -1.420382
v -1.477149 -2.870536 0.145485
v 0.430868 -2.870536 1.420384
v 0.941627 -2.870536 -1.147376
v -1.420382 -2.870536 -0.430870
v 1.309032 -2.870536 -0.699692
v -0.145487 -2.870536 1.477149
v -1.147375 -2.870536 -0.941628
v 0.000000 -1.353475 -0.199321
v 0.000000 0.093277 -0.162861
v 0.038886 -1.353475 -0.195491
v 0.031773 0.093277 -0.159731
v 0.076277 -1.353475 -0.184149
v 0.062324 0.093277 -0.150464
v 0.110737 -1.353475 -0.165730
v 0.090481 0.093277 -0.135414
v 0.140941 -1.353475 -0.140941
v 0.115160 0.093277 -0.115160
v 0.165730 -1.353475 -0.110737
v 0.135414 0.093277 -0.090481
v 0.184149 -1.353475 -0.076277
v 0.150464 0.093277 -0.062324
v 0.195491 -1.353475 -0.038886
v 0.159731 0.093277 -0.031773
v 0.199321 -1.353475 0.000000
v 0.162861 0.093277 -0.000000
v 0.195491 -1.353475 0.038886
v 0.159732 0.093277 0.031773
v 0.184149 -1.353475 0.076277
v 0.150464 0.093277 0.062324
v 0.165730 -1.353475 0.110737
v 0.135414 0.093277 0.090481
v 0.140941 -1.353475 0.140941
v 0.115160 0.093277 0.115160
v 0.110737 -1.353475 0.165730
v 0.090481 0.093277 0.135414
v 0.076277 -1.353475 0.184149
v 0.062324 0.093277 0.150464
v 0.038886 -1.353475 0.195491
v 0.031773 0.093277 0.159731
v 0.000000 -1.353475 0.199321
v 0.000000 0.093277 0.162861
v -0.038886 -1.353475 0.195491
v -0.031773 0.093277 0.159731
v -0.076277 -1.353475 0.184149
v -0.062324 0.093277 0.150464
v -0.110737 -1.353475 0.165729
v -0.090481 0.093277 0.135414
v -0.140941 -1.353475 0.140941
v -0.115160 0.093277 0.115160
v -0.165730 -1.353475 0.110737
v -0.135414 0.093277 0.090481
v -0.184149 -1.353475 0.076277
v -0.150464 0.093277 0.062324
v -0.195491 -1.353475 0.038885
v -0.159732 0.093277 0.031772
v -0.199321 -1.353475 0.000000
v -0.162861 0.093277 -0.000000
v -0.195491 -1.353475 -0.038886
v -0.159731 0.093277 -0.031773
v -0.184149 -1.353475 -0.076277
v -0.150464 0.093277 -0.062324
v -0.165729 -1.353475 -0.110737
v -0.135414 0.093277 -0.090481
v -0.140941 -1.353475 -0.140942
v -0.115160 0.093277 -0.115160
v -0.110737 -1.353475 -0.165730
v -0.090480 0.093277 -0.135414
v -0.076277 -1.353475 -0.184149
v -0.062324 0.093277 -0.150464
v -0.038885 -1.353475 -0.195491
v -0.031772 0.093277 -0.159732
v 0.000000 -1.932015 -0.316811
v 0.061807 -1.932015 -0.310724
v 0.121238 -1.932015 -0.292695
v 0.176011 -1.932015 -0.263419
v 0.224019 -1.932015 -0.224019
v 0.263419 -1.932015 -0.176011
v 0.292695 -1.932015 -0.121238
v 0.310724 -1.932015 -0.061807
v 0.316811 -1.932015 0.000000
v 0.310724 -1.932015 0.061807
v 0.292695 -1.932015 0.121238
v 0.263419 -1.932015 0.176011
v 0.224019 -1.932015 0.224019
v 0.176011 -1.932015 0.263419
v 0.121238 -1.932015 0.292695
v 0.061807 -1.932015 0.310724
v 0.000000 -1.932015 0.316811
v -0.061807 -1.932015 0.310724
v -0.121239 -1.932015 0.292695
v -0.176011 -1.932015 0.263419
v -0.224019 -1.932015 0.224019
v -0.263419 -1.932015 0.176011
v -0.292695 -1.932015 0.121238
v -0.310724 -1.932015 0.061807
v -0.316811 -1.932015 0.000000
v -0.310724 -1.932015 -0.061807
v -0.292695 -1.932015 -0.121239
v -0.263419 -1.932015 -0.176011
v -0.224019 -1.932015 -0.224020
v -0.176010 -1.932015 -0.263419
v -0.121238 -1.932015 -0.292695
v -0.061806 -1.932015 -0.310724
v 0.000000 -2.348318 -0.668055
v 0.130331 -2.348318 -0.655218
v 0.255654 -2.348318 -0.617202
v 0.371152 -2.348318 -0.555467
v 0.472386 -2.348318 -0.472386
v 0.555468 -2.348318 -0.371151
v 0.617202 -2.348318 -0.255653
v 0.655219 -2.348318 -0.130331
v 0.668055 -2.348318 0.000000
v 0.655219 -2.348318 0.130331
v 0.617202 -2.348318 0.255654
v 0.555468 -2.348318 0.371152
v 0.472386 -2.348318 0.472386
v 0.371151 -2.348318 0.555468
v 0.255654 -2.348318 0.617203
v 0.130331 -2.348318 0.655219
v 0.000000 -2.348318 0.668055
v -0.130331 -2.348318 0.655219
v -0.255654 -2.348318 0.617202
v -0.371152 -2.348318 0.555467
v -0.472387 -2.348318 0.472386
v -0.555468 -2.348318 0.371151
v -0.617203 -2.348318 0.255653
v -0.655219 -2.348318 0.130331
v -0.668055 -2.348318 -0.000001
v -0.655218 -2.348318 -0.130332
v -0.617202 -2.348318 -0.255654
v -0.555467 -2.348318 -0.371152
v -0.472386 -2.348318 -0.472387
v -0.371151 -2.348318 -0.555468
v -0.255653 -2.348318 -0.617203
v -0.130330 -2.348318 -0.655219
v -0.987501 -2.600544 -0.659829
v -0.839800 -2.600544 -0.839802
v 0.000000 -2.600544 1.187659
v -0.231701 -2.600544 1.164838
v 0.987502 -2.600544 -0.659827
v 1.097254 -2.600544 -0.454497
v -1.164838 -2.600544 -0.231702
v -1.097253 -2.600544 -0.454498
v 0.659828 -2.600544 -0.987502
v 0.839802 -2.600544 -0.839801
v 0.454497 -2.600544 1.097254
v 0.231700 -2.600544 1.164839
v -1.164838 -2.600544 0.231700
v -1.187659 -2.600544 -0.000001
v 0.231701 -2.600544 -1.164838
v 0.454497 -2.600544 -1.097253
v 0.839801 -2.600544 0.839802
v 0.659828 -2.600544 0.987503
v -0.987503 -2.600544 0.659827
v -1.097254 -2.600544 0.454497
v 1.097254 -2.600544 0.454497
v 0.987502 -2.600544 0.659828
v -0.454496 -2.600544 -1.097254
v -0.231699 -2.600544 -1.164838
v -0.659828 -2.600544 0.987502
v -0.839802 -2.600544 0.839801
v 1.187659 -2.600544 0.000000
v 1.164838 -2.600544 0.231701
v -0.659827 -2.600544 -0.987503
v -0.454498 -2.600544 1.097254
v 1.164838 -2.600544 -0.231700
v 0.000000 -2.600544 -1.187658
v -0.443307 -2.144394 -0.088180
v -0.417586 -2.144394 -0.172970
v 0.251113 -2.144394 -0.375817
v 0.319606 -2.144394 -0.319606
v 0.172970 -2.144394 0.417586
v 0.088179 -2.144394 0.443307
v -0.443307 -2.144394 0.088179
v -0.451992 -2.144394 0.000000
v 0.088179 -2.144394 -0.443307
v 0.172970 -2.144394 -0.417586
v 0.319606 -2.144394 0.319606
v 0.251113 -2.144394 0.375817
v -0.375817 -2.144394 0.251113
v -0.417586 -2.144394 0.172969
v 0.417586 -2.144394 0.172970
v 0.375817 -2.144394 0.251113
v -0.172969 -2.144394 -0.417586
v -0.088179 -2.144394 -0.443307
v -0.251113 -2.144394 0.375817
v -0.319607 -2.144394 0.319606
v 0.451992 -2.144394 0.000000
v 0.443307 -2.144394 0.088179
v -0.319606 -2.144394 -0.319607
v -0.251113 -2.144394 -0.375818
v -0.088179 -2.144394 0.443307
v -0.172970 -2.144394 0.417586
v 0.417586 -2.144394 -0.172970
v 0.443307 -2.144394 -0.088179
v -0.375817 -2.144394 -0.251113
v 0.375817 -2.144394 -0.251113
v 0.000000 -2.144394 0.451992
v 0.000000 -2.144394 -0.451992
v -0.130907 -1.735946 -0.195917
v -0.090171 -1.735946 -0.217692
v -0.090171 -1.735946 0.217692
v -0.130908 -1.735946 0.195917
v 0.000000 -1.735946 -0.235628
v 0.045969 -1.735946 -0.231100
v 0.231100 -1.735946 -0.045969
v 0.235628 -1.735946 0.000000
v -0.195917 -1.735946 0.130908
v -0.217692 -1.735946 0.090171
v 0.217692 -1.735946 0.090171
v 0.195917 -1.735946 0.130908
v -0.235628 -1.735946 0.000000
v -0.231100 -1.735946 -0.045969
v 0.090171 -1.735946 -0.217692
v 0.130908 -1.735946 -0.195917
v 0.130908 -1.735946 0.195917
v 0.090171 -1.735946 0.217692
v -0.195917 -1.735946 -0.130908
v -0.166614 -1.735946 -0.166614
v 0.000000 -1.735946 0.235628
v -0.045969 -1.735946 0.231100
v 0.195917 -1.735946 -0.130908
v 0.217692 -1.735946 -0.090171
v -0.045968 -1.735946 -0.231100
v -0.166614 -1.735946 0.166614
v 0.231100 -1.735946 0.045969
v -0.231100 -1.735946 0.045968
v 0.166614 -1.735946 0.166614
v -0.217692 -1.735946 -0.090171
v 0.166614 -1.735946 -0.166614
v 0.045969 -1.735946 0.231100
v 0.000000 1.211330 -0.179542
v 0.035027 1.211330 -0.176092
v 0.068708 1.211330 -0.165875
v 0.099748 1.211330 -0.149283
v 0.126955 1.211330 -0.126955
v 0.149283 1.211330 -0.099748
v 0.165875 1.211330 -0.068708
v 0.176092 1.211330 -0.035027
v 0.179542 1.211330 -0.000000
v 0.176092 1.211330 0.035027
v 0.165875 1.211330 0.068708
v 0.149283 1.211330 0.099748
v 0.126955 1.211330 0.126955
v 0.099748 1.211330 0.149283
v 0.068708 1.211330 0.165875
v 0.035027 1.211330 0.176092
v 0.000000 1.211330 0.179542
v -0.035027 1.211330 0.176092
v -0.068708 1.211330 0.165875
v -0.099748 1.211330 0.149283
v -0.126955 1.211330 0.126955
v -0.149283 1.211330 0.099748
v -0.165875 1.211330 0.068707
v -0.176092 1.211330 0.035027
v -0.179542 1.211330 -0.000000
v -0.176092 1.211330 -0.035027
v -0.165875 1.211330 -0.068708
v -0.149283 1.211330 -0.099748
v -0.126955 1.211330 -0.126955
v -0.099748 1.211330 -0.149284
v -0.068707 1.211330 -0.165875
v -0.035027 1.211330 -0.176092
v 0.000000 1.690847 -0.242310
v 0.047272 1.690847 -0.237655
v 0.092728 1.690847 -0.223866
v 0.134620 1.690847 -0.201474
v 0.171339 1.690847 -0.171339
v 0.201474 1.690847 -0.134620
v 0.223866 1.690847 -0.092728
v 0.237654 1.690847 -0.047272
v 0.242310 1.690847 -0.000000
v 0.237654 1.690847 0.047272
v 0.223866 1.690847 0.092728
v 0.201474 1.690847 0.134621
v 0.171339 1.690847 0.171339
v 0.134620 1.690847 0.201474
v 0.092728 1.690847 0.223866
v 0.047272 1.690847 0.237655
v 0.000000 1.690847 0.242310
v -0.047273 1.690847 0.237655
v -0.092728 1.690847 0.223866
v -0.134621 1.690847 0.201474
v -0.171340 1.690847 0.171339
v -0.201474 1.690847 0.134620
v -0.223866 1.690847 0.092728
v -0.237655 1.690847 0.047272
v -0.242311 1.690847 -0.000000
v -0.237655 1.690847 -0.047273
v -0.223866 1.690847 -0.092728
v -0.201474 1.690847 -0.134621
v -0.171339 1.690847 -0.171340
v -0.134620 1.690847 -0.201474
v -0.092728 1.690847 -0.223866
v -0.047272 1.690847 -0.237655
v 0.000000 1.984967 -0.377141
v 0.073577 1.984967 -0.369894
v 0.144326 1.984967 -0.348432
v 0.209528 1.984967 -0.313581
v 0.266679 1.984967 -0.266679
v 0.313581 1.984967 -0.209528
v 0.348433 1.984967 -0.144325
v 0.369894 1.984967 -0.073576
v 0.377141 1.984967 -0.000000
v 0.369894 1.984967 0.073577
v 0.348433 1.984967 0.144325
v 0.313581 1.984967 0.209528
v 0.266679 1.984967 0.266679
v 0.209528 1.984967 0.313581
v 0.144325 1.984967 0.348433
v 0.073576 1.984967 0.369894
v 0.000000 1.984967 0.377141
v -0.073577 1.984967 0.369894
v -0.144326 1.984967 0.348433
v -0.209528 1.984967 0.313581
v -0.266679 1.984967 0.266679
v -0.313581 1.984967 0.209528
v -0.348433 1.984967 0.144325
v -0.369894 1.984967 0.073576
v -0.377141 1.984967 -0.000000
v -0.369894 1.984967 -0.073577
v -0.348432 1.984967 -0.144326
v -0.313581 1.984967 -0.209528
v -0.266678 1.984967 -0.266679
v -0.209528 1.984967 -0.313581
v -0.144325 1.984967 -0.348433
v -0.073576 1.984967 -0.369894
v 0.000000 2.065785 -0.405404
v 0.079090 2.065785 -0.397614
v 0.155141 2.065785 -0.374544
v 0.225230 2.065785 -0.337081
v 0.286664 2.065785 -0.286664
v 0.337081 2.065785 -0.225230
v 0.374544 2.065785 -0.155141
v 0.397614 2.065785 -0.079090
v 0.405404 2.065785 -0.000000
v 0.397614 2.065785 0.079090
v 0.374544 2.065785 0.155141
v 0.337081 2.065785 0.225230
v 0.286664 2.065785 0.286664
v 0.225230 2.065785 0.337081
v 0.155141 2.065785 0.374544
v 0.079090 2.065785 0.397614
v 0.000000 2.065785 0.405404
v -0.079090 2.065785 0.397614
v -0.155141 2.065785 0.374544
v -0.225230 2.065785 0.337081
v -0.286664 2.065785 0.286664
v -0.337081 2.065785 0.225230
v -0.374544 2.065785 0.155141
v -0.397614 2.065785 0.079090
v -0.405404 2.065785 -0.000000
v -0.397614 2.065785 -0.079091
v -0.374544 2.065785 -0.155142
v -0.337080 2.065785 -0.225231
v -0.286663 2.065785 -0.286664
v -0.225230 2.065785 -0.337081
v -0.155141 2.065785 -0.374544
v -0.079090 2.065785 -0.397614
v 0.000000 2.142853 -0.536691
v 0.104703 2.142853 -0.526378
v 0.205383 2.142853 -0.495837
v 0.298169 2.142853 -0.446242
v 0.379498 2.142853 -0.379498
v 0.446242 2.142853 -0.298169
v 0.495838 2.142853 -0.205383
v 0.526378 2.142853 -0.104703
v 0.536691 2.142853 -0.000000
v 0.526378 2.142853 0.104703
v 0.495838 2.142853 0.205383
v 0.446242 2.142853 0.298170
v 0.379498 2.142853 0.379498
v 0.298169 2.142853 0.446242
v 0.205383 2.142853 0.495838
v 0.104703 2.142853 0.526379
v 0.000000 2.142853 0.536691
v -0.104703 2.142853 0.526378
v -0.205383 2.142853 0.495838
v -0.298170 2.142853 0.446242
v -0.379498 2.142853 0.379498
v -0.446242 2.142853 0.298169
v -0.495838 2.142853 0.205382
v -0.526378 2.142853 0.104703
v -0.536691 2.142853 -0.000000
v -0.526378 2.142853 -0.104704
v -0.495837 2.142853 -0.205383
v -0.446242 2.142853 -0.298170
v -0.379497 2.142853 -0.379498
v -0.298169 2.142853 -0.446242
v -0.205382 2.142853 -0.495838
v -0.104702 2.142853 -0.526378
v 0.000000 2.476249 -0.987095
v 0.192573 2.476249 -0.968129
v 0.377745 2.476249 -0.911957
v 0.548401 2.476249 -0.820740
v 0.697982 2.476249 -0.697982
v 0.820740 2.476249 -0.548401
v 0.911958 2.476249 -0.377745
v 0.968129 2.476249 -0.192573
v 0.987096 2.476249 -0.000000
v 0.968129 2.476249 0.192573
v 0.911958 2.476249 0.377745
v 0.820740 2.476249 0.548401
v 0.697982 2.476249 0.697982
v 0.548401 2.476249 0.820740
v 0.377745 2.476249 0.911958
v 0.192573 2.476249 0.968129
v 0.000000 2.476249 0.987096
v -0.192573 2.476249 0.968129
v -0.377746 2.476249 0.911958
v -0.548402 2.476249 0.820740
v -0.697983 2.476249 0.697982
v -0.820741 2.476249 0.548401
v -0.911958 2.476249 0.377745
v -0.968129 2.476249 0.192572
v -0.987096 2.476249 -0.000001
v -0.968129 2.476249 -0.192574
v -0.911957 2.476249 -0.377746
v -0.820740 2.476249 -0.548402
v -0.697981 2.476249 -0.697983
v -0.548400 2.476249 -0.820741
v -0.377744 2.476249 -0.911958
v -0.192572 2.476249 -0.968129
v 0.000000 3.394689 -1.977071
v 0.385708 3.394689 -1.939082
v 0.756593 3.394689 -1.826575
v 1.098402 3.394689 -1.643874
v 1.398001 3.394689 -1.398000
v 1.643875 3.394689 -1.098402
v 1.826576 3.394689 -0.756592
v 1.939083 3.394689 -0.385707
v 1.977072 3.394689 -0.000000
v 1.939083 3.394689 0.385708
v 1.826576 3.394689 0.756593
v 1.643875 3.394689 1.098403
v 1.398001 3.394689 1.398001
v 1.098402 3.394689 1.643876
v 0.756592 3.394689 1.826577
v 0.385707 3.394689 1.939083
v -0.000001 3.394689 1.977072
v -0.385708 3.394689 1.939083
v -0.756593 3.394689 1.826577
v -1.098403 3.394689 1.643875
v -1.398002 3.394689 1.398001
v -1.643876 3.394689 1.098402
v -1.826577 3.394689 0.756592
v -1.939083 3.394689 0.385706
v -1.977072 3.394689 -0.000001
v -1.939083 3.394689 -0.385709
v -1.826575 3.394689 -0.756594
v -1.643874 3.394689 -1.098404
v -1.397999 3.394689 -1.398002
v -1.098400 3.394689 -1.643875
v -0.756590 3.394689 -1.826576
v -0.385705 3.394689 -1.939083
v 0.000000 3.837841 -2.215616
v 0.432245 3.837841 -2.173044
v 0.847880 3.837841 -2.046962
v 1.230931 3.837841 -1.842217
v 1.566678 3.837841 -1.566677
v 1.842218 3.837841 -1.230930
v 2.046963 3.837841 -0.847879
v 2.173045 3.837841 -0.432245
v 2.215617 3.837841 -0.000000
v 2.173045 3.837841 0.432246
v 2.046963 3.837841 0.847880
v 1.842218 3.837841 1.230931
v 1.566678 3.837841 1.566679
v 1.230931 3.837841 1.842219
v 0.847880 3.837841 2.046964
v 0.432245 3.837841 2.173045
v -0.000001 3.837841 2.215618
v -0.432246 3.837841 2.173045
v -0.847881 3.837841 2.046964
v -1.230932 3.837841 1.842219
v -1.566679 3.837841 1.566678
v -1.842219 3.837841 1.230930
v -2.046964 3.837841 0.847879
v -2.173045 3.837841 0.432244
v -2.215617 3.837841 -0.000002
v -2.173044 3.837841 -0.432247
v -2.046962 3.837841 -0.847882
v -1.842217 3.837841 -1.230932
v -1.566676 3.837841 -1.566679
v -1.230928 3.837841 -1.842219
v -0.847877 3.837841 -2.046964
v -0.432243 3.837841 -2.173044
v 0.000000 4.369351 -2.335446
v 0.455623 4.369351 -2.290571
v 0.893737 4.369351 -2.157671
v 1.297505 4.369351 -1.941852
v 1.651410 4.369351 -1.651410
v 1.941853 4.369351 -1.297504
v 2.157671 4.369351 -0.893736
v 2.290572 4.369351 -0.455623
v 2.335447 4.369351 -0.000000
v 2.290572 4.369351 0.455624
v 2.157672 4.369351 0.893737
v 1.941853 4.369351 1.297505
v 1.651410 4.369351 1.651411
v 1.297505 4.369351 1.941854
v 0.893736 4.369351 2.157673
v 0.455622 4.369351 2.290573
v -0.000001 4.369351 2.335448
v -0.455624 4.369351 2.290573
v -0.893738 4.369351 2.157672
v -1.297506 4.369351 1.941854
v -1.651411 4.369351 1.651410
v -1.941854 4.369351 1.297504
v -2.157672 4.369351 0.893736
v -2.290572 4.369351 0.455622
v -2.335447 4.369351 -0.000002
v -2.290572 4.369351 -0.455625
v -2.157670 4.369351 -0.893739
v -1.941851 4.369351 -1.297506
v -1.651408 4.369351 -1.651412
v -1.297502 4.369351 -1.941854
v -0.893734 4.369351 -2.157672
v -0.455620 4.369351 -2.290572
v 0.000000 5.026477 -2.342136
v 0.456928 5.026477 -2.297133
v 0.896297 5.026477 -2.163852
v 1.301222 5.026477 -1.947415
v 1.656141 5.026477 -1.656140
v 1.947416 5.026477 -1.301221
v 2.163853 5.026477 -0.896296
v 2.297134 5.026477 -0.456928
v 2.342137 5.026477 -0.000000
v 2.297134 5.026477 0.456929
v 2.163853 5.026477 0.896297
v 1.947416 5.026477 1.301222
v 1.656141 5.026477 1.656142
v 1.301222 5.026477 1.947417
v 0.896297 5.026477 2.163853
v 0.456928 5.026477 2.297135
v -0.000001 5.026477 2.342138
v -0.456929 5.026477 2.297135
v -0.896298 5.026477 2.163852
v -1.301223 5.026477 1.947416
v -1.656142 5.026477 1.656141
v -1.947417 5.026477 1.301221
v -2.163854 5.026477 0.896296
v -2.297134 5.026477 0.456927
v -2.342137 5.026477 -0.000002
v -2.297133 5.026477 -0.456930
v -2.163852 5.026477 -0.896299
v -1.947414 5.026477 -1.301223
v -1.656139 5.026477 -1.656142
v -1.301219 5.026477 -1.947417
v -0.896294 5.026477 -2.163853
v -0.456925 5.026477 -2.297133
v 0.000000 5.747824 -2.261744
v 0.441244 5.747824 -2.218284
v 0.865532 5.747824 -2.089578
v 1.256557 5.747824 -1.880571
v 1.599294 5.747824 -1.599293
v 1.880571 5.747824 -1.256557
v 2.089579 5.747824 -0.865531
v 2.218285 5.747824 -0.441244
v 2.261744 5.747824 -0.000000
v 2.218285 5.747824 0.441245
v 2.089579 5.747824 0.865532
v 1.880571 5.747824 1.256557
v 1.599294 5.747824 1.599295
v 1.256557 5.747824 1.880571
v 0.865531 5.747824 2.089580
v 0.441244 5.747824 2.218286
v -0.000001 5.747824 2.261744
v -0.441245 5.747824 2.218286
v -0.865533 5.747824 2.089580
v -1.256559 5.747824 1.880571
v -1.599295 5.747824 1.599293
v -1.880572 5.747824 1.256557
v -2.089580 5.747824 0.865531
v -2.218285 5.747824 0.441243
v -2.261744 5.747824 -0.000002
v -2.218285 5.747824 -0.441246
v -2.089578 5.747824 -0.865534
v -1.880570 5.747824 -1.256559
v -1.599292 5.747824 -1.599295
v -1.256555 5.747824 -1.880572
v -0.865529 5.747824 -2.089580
v -0.441242 5.747824 -2.218286
v 0.000000 6.418949 -2.109709
v 0.411584 6.418949 -2.069171
v 0.807351 6.418949 -1.949116
v 1.172091 6.418949 -1.754158
v 1.491789 6.418949 -1.491789
v 1.754159 6.418949 -1.172091
v 1.949117 6.418949 -0.807350
v 2.069171 6.418949 -0.411583
v 2.109709 6.418949 -0.000000
v 2.069171 6.418949 0.411584
v 1.949117 6.418949 0.807351
v 1.754159 6.418949 1.172091
v 1.491789 6.418949 1.491790
v 1.172091 6.418949 1.754160
v 0.807350 6.418949 1.949118
v 0.411583 6.418949 2.069171
v -0.000001 6.418949 2.109710
v -0.411585 6.418949 2.069171
v -0.807352 6.418949 1.949116
v -1.172093 6.418949 1.754158
v -1.491790 6.418949 1.491789
v -1.754160 6.418949 1.172091
v -1.949118 6.418949 0.807350
v -2.069172 6.418949 0.411583
v -2.109709 6.418949 -0.000001
v -2.069171 6.418949 -0.411585
v -1.949116 6.418949 -0.807352
v -1.754157 6.418949 -1.172094
v -1.491787 6.418949 -1.491791
v -1.172089 6.418949 -1.754159
v -0.807348 6.418949 -1.949117
v -0.411581 6.418949 -2.069171
v 0.000000 7.298892 -1.872433
v 0.365293 7.298892 -1.836454
v 0.716549 7.298892 -1.729902
v 1.040267 7.298892 -1.556871
v 1.324010 7.298892 -1.324010
v 1.556871 7.298892 -1.040268
v 1.729902 7.298892 -0.716549
v 1.836454 7.298892 -0.365294
v 1.872432 7.298892 -0.000001
v 1.836454 7.298892 0.365293
v 1.729902 7.298892 0.716548
v 1.556871 7.298892 1.040267
v 1.324010 7.298892 1.324009
v 1.040267 7.298892 1.556870
v 0.716548 7.298892 1.729902
v 0.365293 7.298892 1.836454
v -0.000001 7.298892 1.872432
v -0.365294 7.298892 1.836454
v -0.716550 7.298892 1.729902
v -1.040269 7.298892 1.556870
v -1.324010 7.298892 1.324008
v -1.556871 7.298892 1.040266
v -1.729903 7.298892 0.716547
v -1.836454 7.298892 0.365291
v -1.872432 7.298892 -0.000002
v -1.836454 7.298892 -0.365296
v -1.729901 7.298892 -0.716551
v -1.556869 7.298892 -1.040270
v -1.324008 7.298892 -1.324011
v -1.040266 7.298892 -1.556872
v -0.716546 7.298892 -1.729903
v -0.365291 7.298892 -1.836455
v 0.000000 7.941769 -1.688814
v 0.329471 7.941769 -1.656364
v 0.646281 7.941769 -1.560261
v 0.938255 7.941769 -1.404198
v 1.194172 7.941769 -1.194172
v 1.404198 7.941769 -0.938255
v 1.560261 7.941769 -0.646282
v 1.656364 7.941769 -0.329472
v 1.688814 7.941769 -0.000001
v 1.656364 7.941769 0.329471
v 1.560261 7.941769 0.646280
v 1.404198 7.941769 0.938254
v 1.194172 7.941769 1.194172
v 0.938255 7.941769 1.404197
v 0.646281 7.941769 1.560261
v 0.329471 7.941769 1.656364
v -0.000001 7.941769 1.688814
v -0.329472 7.941769 1.656364
v -0.646282 7.941769 1.560260
v -0.938256 7.941769 1.404197
v -1.194173 7.941769 1.194171
v -1.404198 7.941769 0.938253
v -1.560262 7.941769 0.646279
v -1.656364 7.941769 0.329469
v -1.688815 7.941769 -0.000002
v -1.656364 7.941769 -0.329474
v -1.560260 7.941769 -0.646283
v -1.404197 7.941769 -0.938257
v -1.194170 7.941769 -1.194174
v -0.938253 7.941769 -1.404199
v -0.646279 7.941769 -1.560262
v -0.329469 7.941769 -1.656365
v 0.000000 8.059155 -1.673206
v 0.326426 8.059155 -1.641056
v 0.640308 8.059155 -1.545841
v 0.929583 8.059155 -1.391220
v 1.183135 8.059155 -1.183135
v 1.391220 8.059155 -0.929584
v 1.545840 8.059155 -0.640309
v 1.641055 8.059155 -0.326427
v 1.673205 8.059155 -0.000001
v 1.641055 8.059155 0.326426
v 1.545840 8.059155 0.640307
v 1.391220 8.059155 0.929583
v 1.183135 8.059155 1.183135
v 0.929583 8.059155 1.391219
v 0.640308 8.059155 1.545840
v 0.326426 8.059155 1.641055
v -0.000001 8.059155 1.673205
v -0.326427 8.059155 1.641055
v -0.640309 8.059155 1.545840
v -0.929584 8.059155 1.391219
v -1.183136 8.059155 1.183134
v -1.391220 8.059155 0.929582
v -1.545841 8.059155 0.640306
v -1.641056 8.059155 0.326424
v -1.673206 8.059155 -0.000002
v -1.641055 8.059156 -0.326428
v -1.545840 8.059156 -0.640310
v -1.391219 8.059155 -0.929585
v -1.183133 8.059155 -1.183137
v -0.929581 8.059155 -1.391221
v -0.640306 8.059155 -1.545842
v -0.326424 8.059155 -1.641056
v 0.000000 8.082780 -1.639053
v 0.319763 8.082780 -1.607559
v 0.627238 8.082780 -1.514287
v 0.910609 8.082780 -1.362823
v 1.158985 8.082780 -1.158986
v 1.362823 8.082780 -0.910609
v 1.514287 8.082780 -0.627239
v 1.607559 8.082780 -0.319764
v 1.639053 8.082780 -0.000001
v 1.607559 8.082780 0.319763
v 1.514287 8.082780 0.627238
v 1.362823 8.082780 0.910608
v 1.158985 8.082780 1.158985
v 0.910609 8.082780 1.362822
v 0.627238 8.082780 1.514287
v 0.319763 8.082780 1.607558
v -0.000001 8.082780 1.639052
v -0.319764 8.082780 1.607558
v -0.627239 8.082780 1.514286
v -0.910610 8.082780 1.362822
v -1.158986 8.082780 1.158984
v -1.362823 8.082780 0.910607
v -1.514288 8.082780 0.627236
v -1.607559 8.082780 0.319761
v -1.639053 8.082780 -0.000002
v -1.607559 8.082780 -0.319766
v -1.514286 8.082780 -0.627241
v -1.362821 8.082780 -0.910611
v -1.158984 8.082780 -1.158987
v -0.910607 8.082780 -1.362824
v -0.627236 8.082780 -1.514288
v -0.319761 8.082780 -1.607559
v 0.000000 8.068442 -1.599788
v 0.312103 8.068442 -1.569049
v 0.612212 8.068442 -1.478011
v 0.888794 8.068442 -1.330175
v 1.131221 8.068442 -1.131221
v 1.330175 8.068442 -0.888795
v 1.478011 8.068442 -0.612213
v 1.569048 8.068442 -0.312104
v 1.599787 8.068442 -0.000001
v 1.569048 8.068442 0.312102
v 1.478011 8.068442 0.612211
v 1.330175 8.068442 0.888794
v 1.131221 8.068442 1.131220
v 0.888794 8.068442 1.330175
v 0.612212 8.068442 1.478011
v 0.312103 8.068442 1.569048
v -0.000001 8.068442 1.599787
v -0.312104 8.068442 1.569048
v -0.612213 8.068442 1.478010
v -0.888795 8.068442 1.330174
v -1.131221 8.068442 1.131220
v -1.330175 8.068442 0.888793
v -1.478012 8.068442 0.612211
v -1.569049 8.068442 0.312101
v -1.599788 8.068442 -0.000002
v -1.569048 8.068442 -0.312105
v -1.478010 8.068442 -0.612214
v -1.330174 8.068442 -0.888796
v -1.131219 8.068442 -1.131222
v -0.888793 8.068442 -1.330176
v -0.612210 8.068442 -1.478012
v -0.312101 8.068442 -1.569049
v 0.000000 8.023372 -1.609255
v 0.313950 8.023372 -1.578334
v 0.615835 8.023372 -1.486758
v 0.894054 8.023372 -1.338047
v 1.137915 8.023372 -1.137915
v 1.338047 8.023372 -0.894054
v 1.486758 8.023372 -0.615836
v 1.578334 8.023372 -0.313951
v 1.609255 8.023372 -0.000001
v 1.578334 8.023372 0.313949
v 1.486758 8.023372 0.615834
v 1.338047 8.023372 0.894054
v 1.137915 8.023372 1.137915
v 0.894054 8.023372 1.338046
v 0.615835 8.023372 1.486757
v 0.313950 8.023372 1.578333
v -0.000001 8.023372 1.609254
v -0.313951 8.023372 1.578333
v -0.615836 8.023372 1.486757
v -0.894055 8.023372 1.338046
v -1.137916 8.023372 1.137914
v -1.338047 8.023372 0.894053
v -1.486758 8.023372 0.615834
v -1.578334 8.023372 0.313948
v -1.609255 8.023372 -0.000002
v -1.578333 8.023372 -0.313952
v -1.486757 8.023372 -0.615837
v -1.338046 8.023372 -0.894056
v -1.137913 8.023372 -1.137917
v -0.894052 8.023372 -1.338048
v -0.615833 8.023372 -1.486759
v -0.313948 8.023372 -1.578334
v 0.000000 7.872341 -1.658568
v 0.323570 7.872341 -1.626700
v 0.634707 7.872341 -1.532317
v 0.921451 7.872341 -1.379049
v 1.172785 7.872341 -1.172785
v 1.379049 7.872341 -0.921451
v 1.532317 7.872341 -0.634707
v 1.626699 7.872341 -0.323571
v 1.658568 7.872341 -0.000001
v 1.626699 7.872341 0.323570
v 1.532317 7.872341 0.634706
v 1.379049 7.872341 0.921451
v 1.172785 7.872341 1.172784
v 0.921451 7.872341 1.379049
v 0.634706 7.872341 1.532317
v 0.323570 7.872341 1.626699
v -0.000001 7.872341 1.658568
v -0.323571 7.872341 1.626699
v -0.634707 7.872341 1.532317
v -0.921452 7.872341 1.379048
v -1.172786 7.872341 1.172784
v -1.379050 7.872341 0.921450
v -1.532318 7.872341 0.634705
v -1.626700 7.872341 0.323569
v -1.658568 7.872341 -0.000002
v -1.626699 7.872341 -0.323573
v -1.532316 7.872341 -0.634709
v -1.379048 7.872341 -0.921453
v -1.172783 7.872341 -1.172787
v -0.921449 7.872341 -1.379050
v -0.634704 7.872341 -1.532318
v -0.323569 7.872341 -1.626700
v 0.000000 7.226465 -1.849420
v 0.360804 7.226465 -1.813884
v 0.707742 7.226465 -1.708641
v 1.027482 7.226465 -1.537737
v 1.307737 7.226465 -1.307737
v 1.537736 7.226465 -1.027483
v 1.708641 7.226465 -0.707743
v 1.813884 7.226465 -0.360804
v 1.849420 7.226465 -0.000001
v 1.813884 7.226465 0.360803
v 1.708641 7.226465 0.707742
v 1.537736 7.226465 1.027482
v 1.307737 7.226465 1.307737
v 1.027482 7.226465 1.537736
v 0.707742 7.226465 1.708641
v 0.360803 7.226465 1.813883
v -0.000001 7.226465 1.849419
v -0.360805 7.226465 1.813883
v -0.707743 7.226465 1.708640
v -1.027483 7.226465 1.537736
v -1.307738 7.226465 1.307736
v -1.537737 7.226465 1.027481
v -1.708642 7.226465 0.707741
v -1.813884 7.226465 0.360802
v -1.849420 7.226465 -0.000002
v -1.813884 7.226465 -0.360806
v -1.708640 7.226465 -0.707745
v -1.537735 7.226465 -1.027485
v -1.307735 7.226465 -1.307739
v -1.027480 7.226465 -1.537738
v -0.707740 7.226465 -1.708642
v -0.360802 7.226465 -1.813884
v 0.000000 6.363142 -2.074131
v 0.404643 6.363142 -2.034277
v 0.793736 6.363142 -1.916247
v 1.152326 6.363142 -1.724577
v 1.466633 6.363142 -1.466632
v 1.724578 6.363142 -1.152326
v 1.916248 6.363142 -0.793736
v 2.034278 6.363142 -0.404643
v 2.074132 6.363142 -0.000000
v 2.034278 6.363142 0.404643
v 1.916248 6.363142 0.793736
v 1.724578 6.363142 1.152326
v 1.466633 6.363142 1.466634
v 1.152326 6.363142 1.724578
v 0.793736 6.363142 1.916249
v 0.404643 6.363142 2.034279
v -0.000001 6.363142 2.074131
v -0.404644 6.363142 2.034279
v -0.793737 6.363142 1.916249
v -1.152327 6.363142 1.724578
v -1.466633 6.363142 1.466632
v -1.724578 6.363142 1.152326
v -1.916249 6.363142 0.793735
v -2.034278 6.363142 0.404642
v -2.074132 6.363142 -0.000001
v -2.034278 6.363142 -0.404645
v -1.916247 6.363142 -0.793738
v -1.724576 6.363142 -1.152327
v -1.466631 6.363142 -1.466635
v -1.152323 6.363142 -1.724578
v -0.793733 6.363142 -1.916248
v -0.404640 6.363142 -2.034278
v 0.000000 5.682103 -2.203520
v 0.429885 5.682103 -2.161180
v 0.843251 5.682103 -2.035786
v 1.224210 5.682103 -1.832160
v 1.558124 5.682103 -1.558123
v 1.832160 5.682103 -1.224209
v 2.035787 5.682103 -0.843250
v 2.161180 5.682103 -0.429885
v 2.203520 5.682103 -0.000000
v 2.161180 5.682103 0.429886
v 2.035787 5.682103 0.843251
v 1.832160 5.682103 1.224211
v 1.558124 5.682103 1.558125
v 1.224210 5.682103 1.832160
v 0.843250 5.682103 2.035788
v 0.429885 5.682103 2.161180
v -0.000001 5.682103 2.203520
v -0.429886 5.682103 2.161180
v -0.843251 5.682103 2.035787
v -1.224211 5.682103 1.832160
v -1.558124 5.682103 1.558123
v -1.832160 5.682103 1.224210
v -2.035788 5.682103 0.843249
v -2.161180 5.682103 0.429884
v -2.203520 5.682103 -0.000002
v -2.161179 5.682103 -0.429887
v -2.035785 5.682103 -0.843252
v -1.832158 5.682103 -1.224211
v -1.558121 5.682103 -1.558125
v -1.224207 5.682103 -1.832160
v -0.843248 5.682103 -2.035788
v -0.429883 5.682103 -2.161180
v 0.000000 4.955754 -2.272630
v 0.443368 4.955754 -2.228962
v 0.869698 4.955754 -2.099637
v 1.262606 4.955754 -1.889622
v 1.606993 4.955754 -1.606992
v 1.889624 4.955754 -1.262605
v 2.099638 4.955754 -0.869698
v 2.228963 4.955754 -0.443368
v 2.272631 4.955754 -0.000000
v 2.228963 4.955754 0.443369
v 2.099638 4.955754 0.869699
v 1.889624 4.955754 1.262607
v 1.606993 4.955754 1.606994
v 1.262606 4.955754 1.889625
v 0.869698 4.955754 2.099638
v 0.443368 4.955754 2.228964
v -0.000001 4.955754 2.272630
v -0.443369 4.955754 2.228964
v -0.869699 4.955754 2.099638
v -1.262607 4.955754 1.889624
v -1.606993 4.955754 1.606993
v -1.889624 4.955754 1.262606
v -2.099638 4.955754 0.869697
v -2.228963 4.955754 0.443367
v -2.272631 4.955754 -0.000002
v -2.228963 4.955754 -0.443370
v -2.099636 4.955754 -0.869700
v -1.889622 4.955754 -1.262608
v -1.606990 4.955754 -1.606994
v -1.262603 4.955754 -1.889624
v -0.869695 4.955754 -2.099638
v -0.443365 4.955754 -2.228963
v 0.000000 4.303876 -2.243361
v 0.437658 4.303876 -2.200256
v 0.858498 4.303876 -2.072596
v 1.246346 4.303876 -1.865287
v 1.586297 4.303876 -1.586296
v 1.865288 4.303876 -1.246345
v 2.072597 4.303876 -0.858497
v 2.200257 4.303876 -0.437658
v 2.243363 4.303876 -0.000000
v 2.200257 4.303876 0.437659
v 2.072597 4.303876 0.858498
v 1.865288 4.303876 1.246346
v 1.586297 4.303876 1.586298
v 1.246345 4.303876 1.865289
v 0.858497 4.303876 2.072598
v 0.437658 4.303876 2.200258
v -0.000001 4.303876 2.243363
v -0.437659 4.303876 2.200258
v -0.858499 4.303876 2.072597
v -1.246346 4.303876 1.865288
v -1.586297 4.303876 1.586297
v -1.865288 4.303876 1.246345
v -2.072597 4.303876 0.858497
v -2.200257 4.303876 0.437657
v -2.243362 4.303876 -0.000002
v -2.200256 4.303876 -0.437660
v -2.072595 4.303876 -0.858499
v -1.865286 4.303876 -1.246347
v -1.586294 4.303876 -1.586298
v -1.246343 4.303876 -1.865288
v -0.858495 4.303876 -2.072597
v -0.437655 4.303876 -2.200256
v 0.000000 3.771953 -2.075077
v 0.404828 3.771953 -2.035205
v 0.794098 3.771953 -1.917121
v 1.152851 3.771953 -1.725363
v 1.467301 3.771953 -1.467300
v 1.725364 3.771953 -1.152851
v 1.917122 3.771953 -0.794097
v 2.035206 3.771953 -0.404827
v 2.075078 3.771953 -0.000000
v 2.035206 3.771953 0.404828
v 1.917122 3.771953 0.794098
v 1.725364 3.771953 1.152852
v 1.467301 3.771953 1.467302
v 1.152851 3.771953 1.725365
v 0.794098 3.771953 1.917123
v 0.404827 3.771953 2.035206
v -0.000001 3.771953 2.075078
v -0.404828 3.771953 2.035206
v -0.794099 3.771953 1.917122
v -1.152852 3.771953 1.725364
v -1.467302 3.771953 1.467301
v -1.725364 3.771953 1.152851
v -1.917122 3.771953 0.794097
v -2.035206 3.771953 0.404826
v -2.075078 3.771953 -0.000001
v -2.035205 3.771953 -0.404829
v -1.917121 3.771953 -0.794099
v -1.725363 3.771953 -1.152853
v -1.467299 3.771953 -1.467303
v -1.152849 3.771953 -1.725364
v -0.794095 3.771953 -1.917122
v -0.404825 3.771953 -2.035205
v 0.000001 3.308964 -1.760242
v 0.343407 3.308964 -1.726420
v 0.673616 3.308964 -1.626252
v 0.977939 3.308964 -1.463588
v 1.244680 3.308964 -1.244679
v 1.463589 3.308964 -0.977938
v 1.626253 3.308964 -0.673615
v 1.726421 3.308964 -0.343406
v 1.760244 3.308964 -0.000000
v 1.726421 3.308964 0.343407
v 1.626253 3.308964 0.673616
v 1.463589 3.308964 0.977939
v 1.244680 3.308964 1.244681
v 0.977939 3.308964 1.463590
v 0.673616 3.308964 1.626254
v 0.343406 3.308964 1.726421
v 0.000000 3.308964 1.760244
v -0.343407 3.308964 1.726421
v -0.673616 3.308964 1.626253
v -0.977939 3.308964 1.463589
v -1.244680 3.308964 1.244680
v -1.463589 3.308964 0.977939
v -1.626253 3.308964 0.673615
v -1.726421 3.308964 0.343405
v -1.760243 3.308964 -0.000001
v -1.726420 3.308964 -0.343408
v -1.626252 3.308964 -0.673617
v -1.463588 3.308964 -0.977940
v -1.244678 3.308964 -1.244681
v -0.977936 3.308964 -1.463589
v -0.673613 3.308964 -1.626253
v -0.343404 3.308964 -1.726421
v 0.000001 2.896016 -1.203119
v 0.234717 2.896016 -1.180001
v 0.460414 2.896016 -1.111536
v 0.668418 2.896016 -1.000356
v 0.850734 2.896016 -0.850733
v 1.000358 2.896016 -0.668417
v 1.111538 2.896016 -0.460413
v 1.180002 2.896016 -0.234717
v 1.203120 2.896016 -0.000000
v 1.180002 2.896016 0.234717
v 1.111538 2.896016 0.460414
v 1.000358 2.896016 0.668418
v 0.850734 2.896016 0.850734
v 0.668418 2.896016 1.000358
v 0.460414 2.896016 1.111538
v 0.234717 2.896016 1.180002
v 0.000000 2.896016 1.203119
v -0.234717 2.896016 1.180002
v -0.460414 2.896016 1.111537
v -0.668417 2.896016 1.000357
v -0.850733 2.896016 0.850734
v -1.000357 2.896016 0.668417
v -1.111537 2.896016 0.460413
v -1.180001 2.896016 0.234716
v -1.203119 2.896015 -0.000001
v -1.180001 2.896015 -0.234718
v -1.111536 2.896016 -0.460415
v -1.000356 2.896016 -0.668418
v -0.850732 2.896016 -0.850734
v -0.668415 2.896016 -1.000357
v -0.460412 2.896016 -1.111537
v -0.234715 2.896016 -1.180001
v 0.000001 2.565096 -0.456543
v 0.089068 2.565096 -0.447771
v 0.174712 2.565096 -0.421791
v 0.253643 2.565096 -0.379602
v 0.322826 2.565096 -0.322825
v 0.379603 2.565096 -0.253642
v 0.421792 2.565096 -0.174712
v 0.447772 2.565096 -0.089067
v 0.456544 2.565096 -0.000000
v 0.447772 2.565096 0.089067
v 0.421792 2.565096 0.174712
v 0.379603 2.565096 0.253642
v 0.322826 2.565096 0.322825
v 0.253643 2.565096 0.379603
v 0.174712 2.565096 0.421792
v 0.089068 2.565096 0.447772
v 0.000000 2.565096 0.456544
v -0.089067 2.565096 0.447772
v -0.174711 2.565096 0.421792
v -0.253642 2.565096 0.379602
v -0.322825 2.565096 0.322825
v -0.379602 2.565096 0.253642
v -0.421791 2.565096 0.174712
v -0.447771 2.565096 0.089067
v -0.456543 2.565096 -0.000000
v -0.447771 2.565096 -0.089068
v -0.421791 2.565096 -0.174712
v -0.379602 2.565096 -0.253642
v -0.322824 2.565096 -0.322825
v -0.253641 2.565096 -0.379602
v -0.174711 2.565096 -0.421791
v -0.089066 2.565096 -0.447771
v 0.000001 2.518517 -0.163838
v 0.031964 2.518517 -0.160690
v 0.062698 2.518517 -0.151366
v 0.091024 2.518517 -0.136226
v 0.115851 2.518517 -0.115851
v 0.136227 2.518517 -0.091023
v 0.151367 2.518517 -0.062698
v 0.160690 2.518517 -0.031963
v 0.163838 2.518517 -0.000000
v 0.160690 2.518517 0.031963
v 0.151367 2.518517 0.062698
v 0.136227 2.518517 0.091024
v 0.115851 2.518517 0.115851
v 0.091024 2.518517 0.136226
v 0.062698 2.518517 0.151366
v 0.031964 2.518517 0.160690
v 0.000000 2.518517 0.163838
v -0.031963 2.518517 0.160690
v -0.062698 2.518517 0.151366
v -0.091023 2.518517 0.136226
v -0.115850 2.518517 0.115851
v -0.136226 2.518517 0.091023
v -0.151366 2.518517 0.062698
v -0.160689 2.518517 0.031963
v -0.163837 2.518517 -0.000000
v -0.160689 2.518517 -0.031963
v -0.151366 2.518517 -0.062698
v -0.136226 2.518517 -0.091023
v -0.115850 2.518517 -0.115851
v -0.091023 2.518517 -0.136226
v -0.062697 2.518517 -0.151366
v -0.031962 2.518517 -0.160690
v -0.570639 2.907763 -1.377648
v -0.828440 2.907763 -1.239851
v -0.828442 2.907763 1.239851
v -0.570641 2.907763 1.377649
v 1.491156 2.907763 -0.000000
v 1.462504 2.907763 -0.290910
v -1.054405 2.907763 -1.054407
v -1.239850 2.907763 -0.828443
v -0.290911 2.907763 1.462504
v -0.000001 2.907763 1.491156
v 1.377648 2.907763 -0.570640
v 1.239851 2.907763 -0.828441
v -1.377647 2.907763 -0.570642
v -1.462503 2.907763 -0.290911
v 1.054406 2.907763 -1.054406
v 0.828442 2.907763 -1.239850
v 0.290910 2.907763 1.462504
v 0.570640 2.907763 1.377649
v -1.491156 2.907763 -0.000001
v -1.462504 2.907763 0.290909
v 0.570641 2.907763 -1.377648
v 0.290910 2.907763 -1.462503
v 0.828442 2.907763 1.239851
v 1.054406 2.907763 1.054407
v -1.377649 2.907763 0.570640
v -1.239851 2.907763 0.828441
v 1.239851 2.907763 0.828442
v 1.377648 2.907763 0.570641
v -0.290908 2.907763 -1.462503
v -1.054407 2.907763 1.054406
v 1.462504 2.907763 0.290910
v 0.000000 2.907763 -1.491155
v 0.000000 -2.888256 -1.698924
v 0.331444 -2.888256 -1.666279
v 0.650150 -2.888256 -1.569601
v 0.943872 -2.888256 -1.412603
v 1.201321 -2.888256 -1.201320
v 1.412604 -2.888256 -0.943871
v 1.569601 -2.888256 -0.650150
v 1.666280 -2.888256 -0.331443
v 1.698924 -2.888256 0.000000
v 1.666280 -2.888256 0.331444
v 1.569601 -2.888256 0.650150
v 1.412604 -2.888256 0.943872
v 1.201321 -2.888256 1.201321
v 0.943872 -2.888256 1.412605
v 0.650150 -2.888256 1.569602
v 0.331443 -2.888256 1.666281
v -0.000001 -2.888256 1.698925
v -0.331444 -2.888256 1.666280
v -0.650151 -2.888256 1.569602
v -0.943873 -2.888256 1.412604
v -1.201322 -2.888256 1.201321
v -1.412605 -2.888256 0.943871
v -1.569602 -2.888256 0.650149
v -1.666280 -2.888256 0.331443
v -1.698924 -2.888256 -0.000001
v -1.666279 -2.888256 -0.331445
v -1.569601 -2.888256 -0.650152
v -1.412603 -2.888256 -0.943873
v -1.201319 -2.888256 -1.201322
v -0.943870 -2.888256 -1.412605
v -0.650148 -2.888256 -1.569602
v -0.331441 -2.888256 -1.666280
v 0.000000 -2.812729 -0.804581
v 0.156966 -2.812729 -0.789121
v 0.307900 -2.812729 -0.743335
v 0.447001 -2.812729 -0.668984
v 0.568925 -2.812729 -0.568924
v 0.668985 -2.812729 -0.447001
v 0.743336 -2.812729 -0.307900
v 0.789121 -2.812729 -0.156966
v 0.804581 -2.812729 0.000000
v 0.789121 -2.812729 0.156966
v 0.743336 -2.812729 0.307900
v 0.668985 -2.812729 0.447001
v 0.568925 -2.812729 0.568925
v 0.447001 -2.812729 0.668985
v 0.307900 -2.812729 0.743336
v 0.156966 -2.812729 0.789121
v 0.000000 -2.812729 0.804581
v -0.156966 -2.812729 0.789121
v -0.307900 -2.812729 0.743336
v -0.447001 -2.812729 0.668985
v -0.568925 -2.812729 0.568925
v -0.668985 -2.812729 0.447001
v -0.743336 -2.812729 0.307899
v -0.789121 -2.812729 0.156965
v -0.804581 -2.812729 -0.000001
v -0.789121 -2.812729 -0.156967
v -0.743335 -2.812729 -0.307900
v -0.668984 -2.812729 -0.447002
v -0.568924 -2.812729 -0.568925
v -0.447000 -2.812729 -0.668985
v -0.307899 -2.812729 -0.743336
v -0.156965 -2.812729 -0.789121
v 0.000000 -2.795787 -0.218904
v 0.042706 -2.795787 -0.214698
v 0.083771 -2.795787 -0.202241
v 0.121617 -2.795787 -0.182012
v 0.154789 -2.795787 -0.154788
v 0.182012 -2.795787 -0.121616
v 0.202241 -2.795787 -0.083771
v 0.214698 -2.795787 -0.042706
v 0.218904 -2.795787 0.000000
v 0.214698 -2.795787 0.042706
v 0.202241 -2.795787 0.083771
v 0.182012 -2.795787 0.121617
v 0.154789 -2.795787 0.154789
v 0.121617 -2.795787 0.182012
v 0.083771 -2.795787 0.202241
v 0.042706 -2.795787 0.214698
v 0.000000 -2.795787 0.218904
v -0.042706 -2.795787 0.214698
v -0.083771 -2.795787 0.202241
v -0.121616 -2.795787 0.182012
v -0.154788 -2.795787 0.154788
v -0.182012 -2.795787 0.121616
v -0.202241 -2.795787 0.083771
v -0.214698 -2.795787 0.042706
v -0.218904 -2.795787 0.000000
v -0.214698 -2.795787 -0.042706
v -0.202241 -2.795787 -0.083771
v -0.182012 -2.795787 -0.121617
v -0.154788 -2.795787 -0.154789
v -0.121616 -2.795787 -0.182012
v -0.083770 -2.795787 -0.202241
v -0.042706 -2.795787 -0.214698
v -0.759792 -2.492544 -0.507678
v 0.000000 -2.492544 0.913795
v 0.759793 -2.492544 -0.507677
v -0.896236 -2.492544 -0.178273
v 0.507677 -2.492544 -0.759792
v 0.349694 -2.492544 0.844237
v -0.896236 -2.492544 0.178272
v 0.178273 -2.492544 -0.896236
v 0.646150 -2.492544 0.646151
v -0.759793 -2.492544 0.507677
v 0.844236 -2.492544 0.349694
v -0.349693 -2.492544 -0.844236
v -0.507678 -2.492544 0.759793
v 0.913795 -2.492544 0.000000
v 0.000000 -2.492544 -0.913794
v -0.646150 -2.492544 -0.646151
v -0.178273 -2.492544 0.896236
v 0.844236 -2.492544 -0.349694
v -0.844236 -2.492544 -0.349695
v 0.646150 -2.492544 -0.646150
v 0.178272 -2.492544 0.896237
v -0.913794 -2.492544 -0.000001
v 0.349694 -2.492544 -0.844236
v 0.507677 -2.492544 0.759793
v -0.844236 -2.492544 0.349694
v 0.759793 -2.492544 0.507677
v -0.178271 -2.492544 -0.896236
v -0.646151 -2.492544 0.646150
v 0.896236 -2.492544 0.178273
v -0.507676 -2.492544 -0.759793
v -0.349694 -2.492544 0.844236
v 0.896236 -2.492544 -0.178272
v -1.170995 -2.721998 -1.170997
v -0.323078 -2.721998 1.624219
v 1.529981 -2.721998 -0.633738
v -1.529980 -2.721998 -0.633740
v 1.170996 -2.721998 -1.170996
v 0.323077 -2.721998 1.624219
v -1.656039 -2.721998 -0.000001
v 0.633739 -2.721998 -1.529980
v 0.920046 -2.721998 1.376947
v -1.529981 -2.721998 0.633738
v 1.376946 -2.721998 0.920046
v -0.323075 -2.721998 -1.624219
v -1.170997 -2.721998 1.170996
v 1.624219 -2.721998 0.323077
v -0.920044 -2.721998 -1.376947
v -0.633740 -2.721998 1.529981
v 1.624219 -2.721998 -0.323077
v -1.376945 -2.721998 -0.920047
v -0.000001 -2.721998 1.656040
v 1.376946 -2.721998 -0.920045
v -1.624219 -2.721998 -0.323078
v 0.920046 -2.721998 -1.376946
v 0.633738 -2.721998 1.529982
v -1.624219 -2.721998 0.323076
v 0.323077 -2.721998 -1.624218
v 1.170996 -2.721998 1.170997
v -1.376947 -2.721998 0.920046
v 1.529981 -2.721998 0.633739
v -0.633736 -2.721998 -1.529981
v -0.920047 -2.721998 1.376946
v 1.656039 -2.721998 0.000000
v 0.000000 -2.721998 -1.656039
v 0.000001 2.518518 -0.054414
v 0.010616 2.518518 -0.053369
v 0.020824 2.518518 -0.050272
v 0.030231 2.518518 -0.045244
v 0.038477 2.518518 -0.038477
v 0.045244 2.518518 -0.030231
v 0.050273 2.518518 -0.020823
v 0.053369 2.518518 -0.010616
v 0.054415 2.518518 -0.000000
v 0.053369 2.518518 0.010616
v 0.050273 2.518518 0.020824
v 0.045244 2.518518 0.030231
v 0.038477 2.518518 0.038477
v 0.030231 2.518518 0.045244
v 0.020824 2.518518 0.050272
v 0.010616 2.518518 0.053369
v 0.000000 2.518518 0.054414
v -0.010615 2.518518 0.053369
v -0.020823 2.518518 0.050272
v -0.030230 2.518518 0.045244
v -0.038476 2.518518 0.038477
v -0.045243 2.518518 0.030231
v -0.050272 2.518518 0.020823
v -0.053368 2.518518 0.010616
v -0.054414 2.518518 -0.000000
v -0.053368 2.518518 -0.010616
v -0.050272 2.518518 -0.020823
v -0.045243 2.518518 -0.030231
v -0.038476 2.518518 -0.038477
v -0.030230 2.518518 -0.045244
v -0.020823 2.518518 -0.050272
v -0.010615 2.518518 -0.053369
v -0.415108 2.081861 -0.171944
v -0.440676 2.081861 -0.087656
v 0.317710 2.081861 -0.317710
v 0.249623 2.081861 -0.373587
v 0.087656 2.081861 0.440677
v 0.171943 2.081861 0.415108
v -0.449310 2.081861 -0.000000
v -0.440677 2.081861 0.087656
v 0.171944 2.081861 -0.415108
v 0.087656 2.081861 -0.440676
v 0.249623 2.081861 0.373588
v 0.317710 2.081861 0.317710
v -0.415108 2.081861 0.171943
v -0.373588 2.081861 0.249623
v 0.373588 2.081861 0.249623
v 0.415108 2.081861 0.171943
v -0.087655 2.081861 -0.440677
v -0.171943 2.081861 -0.415108
v -0.317710 2.081861 0.317710
v -0.249623 2.081861 0.373588
v 0.440677 2.081861 0.087656
v 0.449310 2.081861 -0.000000
v -0.249623 2.081861 -0.373588
v -0.317710 2.081861 -0.317710
v -0.171944 2.081861 0.415108
v -0.087656 2.081861 0.440677
v 0.440677 2.081861 -0.087656
v 0.415108 2.081861 -0.171943
v -0.373587 2.081861 -0.249624
v 0.373588 2.081861 -0.249623
v 0.000000 2.081861 0.449310
v 0.000000 2.081861 -0.449310
v 0.000000 -2.758020 -1.937427
v 0.000000 -2.812212 -2.016433
v 0.000000 -2.778447 -2.000914
v 0.393387 -2.812212 -1.977687
v 0.377973 -2.758020 -1.900200
v 0.390359 -2.778447 -1.962466
v 0.771656 -2.812212 -1.862941
v 0.741421 -2.758020 -1.789949
v 0.765717 -2.778447 -1.848603
v 1.120270 -2.812212 -1.676603
v 1.076377 -2.758020 -1.610911
v 1.111648 -2.778447 -1.663699
v 1.425834 -2.812212 -1.425833
v 1.369968 -2.758020 -1.369968
v 1.414860 -2.778447 -1.414860
v 1.676603 -2.812212 -1.120270
v 1.610912 -2.758020 -1.076377
v 1.663700 -2.778447 -1.111648
v 1.862942 -2.812212 -0.771655
v 1.789950 -2.758020 -0.741421
v 1.848604 -2.778447 -0.765716
v 1.977689 -2.812212 -0.393386
v 1.900201 -2.758020 -0.377973
v 1.962467 -2.778447 -0.390359
v 2.016434 -2.812212 0.000000
v 1.937428 -2.758020 0.000000
v 2.000915 -2.778447 0.000000
v 1.977689 -2.812212 0.393387
v 1.900201 -2.758020 0.377974
v 1.962468 -2.778447 0.390359
v 1.862942 -2.812212 0.771656
v 1.789950 -2.758020 0.741422
v 1.848604 -2.778447 0.765717
v 1.676603 -2.812212 1.120271
v 1.610912 -2.758020 1.076378
v 1.663700 -2.778447 1.111649
v 1.425834 -2.812212 1.425835
v 1.369968 -2.758020 1.369969
v 1.414860 -2.778447 1.414861
v 1.120270 -2.812212 1.676604
v 1.076377 -2.758020 1.610913
v 1.111648 -2.778447 1.663701
v 0.771655 -2.812212 1.862943
v 0.741421 -2.758020 1.789951
v 0.765716 -2.778447 1.848605
v 0.393386 -2.812212 1.977689
v 0.377973 -2.758020 1.900202
v 0.390359 -2.778447 1.962468
v -0.000001 -2.812212 2.016434
v -0.000001 -2.758020 1.937428
v -0.000001 -2.778447 2.000915
v -0.393388 -2.812212 1.977689
v -0.377974 -2.758020 1.900201
v -0.390360 -2.778447 1.962468
v -0.771657 -2.812212 1.862942
v -0.741422 -2.758020 1.789950
v -0.765718 -2.778447 1.848604
v -1.120272 -2.812212 1.676603
v -1.076378 -2.758020 1.610913
v -1.111650 -2.778447 1.663700
v -1.425835 -2.812212 1.425834
v -1.369969 -2.758020 1.369968
v -1.414861 -2.778447 1.414860
v -1.676604 -2.812212 1.120270
v -1.610913 -2.758020 1.076377
v -1.663701 -2.778447 1.111648
v -1.862942 -2.812212 0.771655
v -1.789950 -2.758020 0.741421
v -1.848605 -2.778447 0.765716
v -1.977689 -2.812212 0.393386
v -1.900201 -2.758020 0.377972
v -1.962468 -2.778447 0.390358
v -2.016433 -2.812212 -0.000001
v -1.937428 -2.758020 -0.000001
v -2.000914 -2.778447 -0.000001
v -1.977688 -2.812212 -0.393388
v -1.900200 -2.758020 -0.377975
v -1.962467 -2.778447 -0.390361
v -1.862941 -2.812212 -0.771657
v -1.789949 -2.758020 -0.741423
v -1.848603 -2.778447 -0.765718
v -1.676602 -2.812212 -1.120272
v -1.610911 -2.758020 -1.076379
v -1.663698 -2.778447 -1.111650
v -1.425832 -2.812212 -1.425835
v -1.369967 -2.758020 -1.369969
v -1.414859 -2.778447 -1.414862
v -1.120268 -2.812212 -1.676604
v -1.076375 -2.758020 -1.610913
v -1.111646 -2.778447 -1.663701
v -0.771653 -2.812212 -1.862942
v -0.741419 -2.758020 -1.789950
v -0.765714 -2.778447 -1.848604
v -0.393384 -2.812212 -1.977688
v -0.377971 -2.758020 -1.900200
v -0.390357 -2.778447 -1.962467
v 0.000000 -2.844847 -2.016428
v 0.000000 -2.891591 -1.935787
v 0.000000 -2.877154 -2.000866
v 0.377653 -2.891591 -1.898591
v 0.393386 -2.844847 -1.977683
v 0.390350 -2.877154 -1.962419
v 0.740794 -2.891591 -1.788434
v 0.771654 -2.844847 -1.862936
v 0.765698 -2.877154 -1.848559
v 1.075466 -2.891591 -1.609548
v 1.120268 -2.844847 -1.676598
v 1.111622 -2.877154 -1.663659
v 1.368808 -2.891591 -1.368808
v 1.425830 -2.844847 -1.425830
v 1.414826 -2.877154 -1.414826
v 1.609548 -2.891591 -1.075465
v 1.676599 -2.844847 -1.120267
v 1.663659 -2.877154 -1.111621
v 1.788435 -2.891591 -0.740793
v 1.862937 -2.844847 -0.771653
v 1.848560 -2.877154 -0.765698
v 1.898592 -2.891591 -0.377653
v 1.977684 -2.844847 -0.393385
v 1.962421 -2.877154 -0.390349
v 1.935788 -2.891590 0.000000
v 2.016428 -2.844847 0.000000
v 2.000866 -2.877154 0.000000
v 1.898592 -2.891591 0.377654
v 1.977684 -2.844847 0.393386
v 1.962420 -2.877154 0.390350
v 1.788435 -2.891591 0.740794
v 1.862937 -2.844847 0.771654
v 1.848559 -2.877154 0.765699
v 1.609548 -2.891591 1.075466
v 1.676599 -2.844847 1.120268
v 1.663660 -2.877154 1.111622
v 1.368809 -2.891591 1.368809
v 1.425830 -2.844847 1.425831
v 1.414826 -2.877154 1.414827
v 1.075466 -2.891591 1.609549
v 1.120267 -2.844847 1.676600
v 1.111622 -2.877154 1.663661
v 0.740793 -2.891591 1.788435
v 0.771653 -2.844847 1.862938
v 0.765698 -2.877154 1.848560
v 0.377653 -2.891591 1.898593
v 0.393385 -2.844847 1.977684
v 0.390349 -2.877154 1.962421
v -0.000001 -2.891591 1.935788
v -0.000001 -2.844847 2.016429
v -0.000001 -2.877154 2.000867
v -0.377654 -2.891591 1.898592
v -0.393387 -2.844847 1.977684
v -0.390351 -2.877154 1.962421
v -0.740795 -2.891591 1.788435
v -0.771655 -2.844847 1.862937
v -0.765699 -2.877154 1.848560
v -1.075467 -2.891591 1.609549
v -1.120269 -2.844847 1.676599
v -1.111623 -2.877154 1.663660
v -1.368809 -2.891591 1.368808
v -1.425831 -2.844847 1.425830
v -1.414827 -2.877154 1.414826
v -1.609549 -2.891591 1.075465
v -1.676600 -2.844847 1.120267
v -1.663660 -2.877154 1.111621
v -1.788435 -2.891591 0.740793
v -1.862938 -2.844847 0.771653
v -1.848560 -2.877154 0.765697
v -1.898592 -2.891591 0.377652
v -1.977684 -2.844847 0.393385
v -1.962420 -2.877154 0.390348
v -1.935787 -2.891591 -0.000001
v -2.016428 -2.844847 -0.000001
v -2.000866 -2.877154 -0.000001
v -1.898592 -2.891591 -0.377655
v -1.977683 -2.844847 -0.393387
v -1.962420 -2.877154 -0.390351
v -1.788434 -2.891591 -0.740795
v -1.862936 -2.844847 -0.771655
v -1.848559 -2.877154 -0.765700
v -1.609547 -2.891591 -1.075468
v -1.676598 -2.844847 -1.120269
v -1.663658 -2.877154 -1.111623
v -1.368807 -2.891591 -1.368810
v -1.425829 -2.844847 -1.425831
v -1.414824 -2.877154 -1.414827
v -1.075464 -2.891591 -1.609549
v -1.120265 -2.844847 -1.676600
v -1.111619 -2.877154 -1.663660
v -0.740791 -2.891591 -1.788435
v -0.771651 -2.844847 -1.862937
v -0.765696 -2.877154 -1.848560
v -0.377651 -2.891591 -1.898592
v -0.393383 -2.844847 -1.977683
v -0.390347 -2.877154 -1.962420
v -1.234160 -2.870536 -0.824642
v -1.049567 -2.870536 -1.049569
v 0.000000 -2.870536 1.484314
v -0.289576 -2.870536 1.455793
v 1.234162 -2.870536 -0.824640
v 1.371327 -2.870536 -0.568022
v -1.455792 -2.870536 -0.289576
v -1.371326 -2.870536 -0.568023
v 0.824640 -2.870536 -1.234161
v 1.049568 -2.870536 -1.049568
v 0.568022 -2.870536 1.371328
v 0.289575 -2.870536 1.455793
v -1.455793 -2.870536 0.289574
v -1.484313 -2.870536 -0.000001
v 0.289575 -2.870536 -1.455792
v 0.568022 -2.870536 -1.371326
v 1.049568 -2.870536 1.049569
v 0.824640 -2.870536 1.234162
v -1.234162 -2.870536 0.824640
v -1.371327 -2.870536 0.568022
v 1.371327 -2.870536 0.568022
v 1.234162 -2.870536 0.824641
v -0.568020 -2.870536 -1.371327
v -0.289573 -2.870536 -1.455792
v -0.824641 -2.870536 1.234162
v -1.049569 -2.870536 1.049568
v 1.484314 -2.870536 0.000000
v 1.455793 -2.870536 0.289575
v -0.824639 -2.870536 -1.234162
v -0.568023 -2.870536 1.371327
v 1.455793 -2.870536 -0.289575
v 0.000000 -2.870536 -1.484313
vn 0.0980 0.0257 -0.9949
vn 0.2902 0.0257 -0.9566
vn 0.4712 0.0257 -0.8816
vn 0.6342 0.0257 -0.7728
vn 0.7728 0.0257 -0.6342
vn 0.8816 0.0257 -0.4712
vn 0.9566 0.0257 -0.2902
vn 0.9949 0.0257 -0.0980
vn 0.9949 0.0257 0.0980
vn 0.9566 0.0257 0.2902
vn 0.8816 0.0257 0.4712
vn 0.7728 0.0257 0.6342
vn 0.6342 0.0257 0.7728
vn 0.4712 0.0257 0.8816
vn 0.2902 0.0257 0.9566
vn 0.0980 0.0257 0.9949
vn -0.0980 0.0257 0.9949
vn -0.2902 0.0257 0.9566
vn -0.4713 0.0257 0.8816
vn -0.6342 0.0257 0.7728
vn -0.7728 0.0257 0.6342
vn -0.8816 0.0257 0.4712
vn -0.9566 0.0257 0.2902
vn -0.9949 0.0257 0.0980
vn -0.9949 0.0257 -0.0980
vn -0.9566 0.0257 -0.2902
vn -0.8816 0.0257 -0.4713
vn -0.7728 0.0257 -0.6342
vn -0.6342 0.0257 -0.7727
vn -0.4712 0.0257 -0.8816
vn -0.9568 -0.0169 -0.2902
vn -0.0980 0.0257 -0.9949
vn -0.2902 0.0257 -0.9566
vn -0.4358 0.3815 -0.8152
vn -0.6566 0.7275 -0.1992
vn -0.4357 0.3815 0.8152
vn 0.0906 0.3815 -0.9199
vn 0.9199 0.3815 -0.0906
vn -0.8152 0.3815 0.4358
vn 0.8152 0.3815 0.4357
vn -0.9199 0.3815 -0.0906
vn 0.4357 0.3815 -0.8152
vn 0.4357 0.3815 0.8152
vn -0.7146 0.3815 -0.5864
vn -0.0906 0.3815 0.9199
vn 0.8152 0.3815 -0.4357
vn -0.2683 0.3815 -0.8846
vn -0.5864 0.3815 0.7146
vn 0.9199 0.3815 0.0906
vn -0.8846 0.3815 0.2683
vn 0.7146 0.3815 0.5864
vn -0.8846 0.3815 -0.2683
vn 0.5864 0.3815 -0.7146
vn 0.2683 0.3815 0.8846
vn -0.5864 0.3815 -0.7146
vn -0.2683 0.3815 0.8846
vn 0.8846 0.3815 -0.2683
vn -0.0906 0.3815 -0.9199
vn -0.7146 0.3815 0.5864
vn 0.8846 0.3815 0.2683
vn -0.9199 0.3815 0.0906
vn 0.2683 0.3815 -0.8846
vn 0.5864 0.3815 0.7146
vn -0.8152 0.3815 -0.4358
vn 0.7146 0.3815 -0.5864
vn 0.0906 0.3815 0.9199
vn -0.6344 -0.0007 -0.7730
vn 0.4353 0.7275 -0.5304
vn 0.1992 0.7275 0.6566
vn -0.6828 0.7275 0.0672
vn 0.1992 0.7275 -0.6566
vn 0.4353 0.7275 0.5304
vn -0.6051 0.7275 0.3234
vn 0.6051 0.7275 0.3234
vn -0.1992 0.7275 -0.6566
vn -0.4353 0.7275 0.5304
vn 0.6828 0.7275 0.0672
vn -0.4353 0.7275 -0.5304
vn -0.1992 0.7275 0.6566
vn 0.6566 0.7275 -0.1992
vn -0.6051 0.7275 -0.3234
vn 0.5304 0.7275 -0.4353
vn 0.0672 0.7275 0.6828
vn -0.6828 0.7275 -0.0673
vn 0.3234 0.7275 -0.6051
vn 0.3234 0.7275 0.6051
vn -0.6566 0.7275 0.1992
vn 0.0673 0.7275 -0.6828
vn 0.5304 0.7275 0.4353
vn -0.0672 0.7275 -0.6828
vn -0.5304 0.7275 0.4353
vn 0.6566 0.7275 0.1992
vn -0.3234 0.7275 -0.6051
vn -0.3234 0.7275 0.6051
vn 0.6828 0.7275 -0.0672
vn -0.5304 0.7275 -0.4353
vn -0.0672 0.7275 0.6828
vn 0.6051 0.7275 -0.3234
vn -0.0565 0.9928 -0.1057
vn -0.2903 -0.0008 0.9569
vn 0.9569 -0.0007 -0.2903
vn -0.8819 -0.0008 -0.4714
vn 0.7730 -0.0007 -0.6344
vn 0.0980 -0.0007 0.9952
vn -0.9952 -0.0007 -0.0980
vn 0.4714 -0.0007 -0.8819
vn 0.4714 -0.0008 0.8819
vn -0.9569 -0.0007 0.2903
vn 0.7730 -0.0007 0.6344
vn -0.0013 -0.9999 0.0131
vn -0.7730 -0.0007 0.6344
vn 0.9569 -0.0007 0.2903
vn -0.4714 -0.0008 -0.8819
vn -0.4714 -0.0007 0.8819
vn 0.9952 -0.0007 -0.0980
vn -0.7730 -0.0008 -0.6344
vn 0.8819 -0.0007 -0.4714
vn -0.0980 -0.0007 0.9952
vn -0.9569 -0.0008 -0.2903
vn 0.6344 -0.0007 -0.7730
vn 0.2903 -0.0008 0.9569
vn -0.9952 -0.0007 0.0980
vn 0.2903 -0.0007 -0.9569
vn 0.6344 -0.0007 0.7730
vn -0.0980 -0.0007 -0.9952
vn -0.8819 -0.0007 0.4714
vn 0.8819 -0.0007 0.4714
vn -0.2903 -0.0007 -0.9569
vn -0.6344 -0.0007 0.7730
vn 0.9952 -0.0007 0.0980
vn -0.0565 0.9928 0.1057
vn 0.1193 0.9928 -0.0118
vn -0.0927 0.9928 -0.0761
vn -0.0118 0.9928 0.1193
vn 0.1057 0.9928 -0.0565
vn -0.1147 0.9928 -0.0348
vn 0.0760 0.9928 -0.0927
vn 0.0348 0.9928 0.1147
vn -0.1193 0.9928 0.0117
vn 0.0348 0.9928 -0.1147
vn 0.0760 0.9928 0.0927
vn -0.1057 0.9928 0.0565
vn 0.1057 0.9928 0.0565
vn -0.0348 0.9928 -0.1147
vn -0.0760 0.9928 0.0927
vn 0.1193 0.9928 0.0118
vn -0.0760 0.9928 -0.0927
vn -0.0348 0.9928 0.1147
vn 0.1147 0.9928 -0.0348
vn -0.1057 0.9928 -0.0565
vn 0.0927 0.9928 -0.0760
vn 0.0118 0.9928 0.1193
vn -0.1193 0.9928 -0.0118
vn 0.0565 0.9928 -0.1057
vn 0.0565 0.9928 0.1057
vn -0.1147 0.9928 0.0348
vn -0.0118 0.9928 -0.1193
vn 0.0927 0.9928 0.0760
vn 0.0118 0.9928 -0.1193
vn -0.0927 0.9928 0.0761
vn 0.1147 0.9928 0.0348
vn 0.3686 0.9289 -0.0363
vn -0.1746 0.9289 0.3267
vn -0.1746 0.9289 -0.3267
vn 0.3544 0.9289 0.1075
vn -0.2863 0.9289 0.2350
vn -0.0363 0.9289 -0.3686
vn 0.2863 0.9289 0.2350
vn 0.0363 0.9289 -0.3686
vn -0.3544 0.9289 0.1075
vn 0.1746 0.9289 0.3267
vn 0.1746 0.9289 -0.3267
vn -0.3686 0.9289 -0.0363
vn 0.0363 0.9289 0.3686
vn 0.2863 0.9289 -0.2350
vn -0.3267 0.9289 -0.1746
vn 0.3544 0.9289 -0.1075
vn -0.1075 0.9289 0.3544
vn -0.2350 0.9289 -0.2863
vn 0.3686 0.9289 0.0363
vn -0.2350 0.9289 0.2863
vn -0.1075 0.9289 -0.3544
vn 0.3267 0.9289 0.1746
vn -0.3267 0.9289 0.1746
vn 0.2350 0.9289 0.2863
vn 0.1075 0.9289 -0.3544
vn -0.3686 0.9289 0.0363
vn 0.1075 0.9289 0.3544
vn 0.2350 0.9289 -0.2863
vn -0.3544 0.9289 -0.1075
vn 0.3267 0.9289 -0.1746
vn -0.0363 0.9289 0.3686
vn -0.2863 0.9289 -0.2350
vn 0.7448 0.5356 -0.3981
vn -0.0828 0.5356 0.8404
vn -0.6528 0.5356 -0.5357
vn 0.8404 0.5356 -0.0828
vn -0.3981 0.5356 0.7448
vn -0.3981 0.5356 -0.7448
vn 0.8081 0.5356 0.2451
vn -0.6528 0.5356 0.5357
vn -0.0828 0.5356 -0.8404
vn 0.6528 0.5356 0.5357
vn 0.0828 0.5356 -0.8404
vn -0.8081 0.5356 0.2451
vn 0.3981 0.5356 0.7448
vn 0.3981 0.5356 -0.7448
vn -0.8404 0.5356 -0.0828
vn 0.0828 0.5356 0.8404
vn 0.6528 0.5356 -0.5357
vn -0.7448 0.5356 -0.3981
vn 0.8081 0.5356 -0.2451
vn -0.2451 0.5356 0.8081
vn -0.5357 0.5356 -0.6528
vn 0.8404 0.5356 0.0828
vn -0.5357 0.5356 0.6528
vn -0.2451 0.5356 -0.8081
vn 0.7448 0.5356 0.3981
vn -0.7448 0.5356 0.3981
vn 0.5357 0.5356 0.6528
vn 0.2451 0.5356 -0.8081
vn -0.8404 0.5356 0.0828
vn 0.2451 0.5356 0.8081
vn 0.5357 0.5356 -0.6528
vn -0.8081 0.5356 -0.2451
vn 0.0972 0.1315 0.9865
vn 0.7663 0.1315 -0.6289
vn -0.8743 0.1315 -0.4673
vn 0.6289 0.1315 0.7663
vn 0.2878 0.1315 -0.9486
vn -0.9865 0.1315 0.0972
vn 0.9486 0.1315 0.2878
vn -0.7663 0.1315 0.6289
vn -0.0972 0.1315 -0.9865
vn 0.9486 0.1315 -0.2878
vn -0.2878 0.1315 0.9486
vn -0.6289 0.1315 -0.7663
vn 0.2878 0.1315 0.9486
vn 0.6289 0.1315 -0.7663
vn -0.9486 0.1315 -0.2878
vn 0.7663 0.1315 0.6289
vn -0.9486 0.1315 0.2878
vn 0.9865 0.1315 0.0972
vn -0.6289 0.1315 0.7663
vn -0.2878 0.1315 -0.9486
vn 0.8743 0.1315 -0.4673
vn -0.0972 0.1315 0.9865
vn -0.7663 0.1315 -0.6289
vn 0.4673 0.1315 0.8743
vn 0.4673 0.1315 -0.8743
vn -0.9865 0.1315 -0.0972
vn 0.8743 0.1315 0.4673
vn -0.8743 0.1315 0.4673
vn 0.9865 0.1315 -0.0972
vn 0.0972 0.1315 -0.9865
vn -0.4673 0.1315 0.8743
vn -0.4673 0.1315 -0.8743
vn -0.6278 -0.1441 -0.7649
vn 0.6343 -0.0169 -0.7729
vn 0.2902 -0.0169 0.9568
vn -0.6343 -0.0169 -0.7729
vn -0.2902 -0.0169 0.9568
vn 0.9568 -0.0169 -0.2902
vn -0.0980 -0.0169 -0.9950
vn -0.7729 -0.0169 0.6343
vn 0.9568 -0.0169 0.2902
vn -0.9950 -0.0169 0.0980
vn 0.2902 -0.0169 -0.9568
vn 0.6343 -0.0169 0.7729
vn -0.8818 -0.0169 -0.4713
vn 0.7729 -0.0169 -0.6343
vn 0.0980 -0.0169 0.9950
vn -0.4713 -0.0169 -0.8818
vn -0.4713 -0.0169 0.8818
vn 0.0980 -0.0169 -0.9950
vn 0.9950 -0.0169 -0.0980
vn -0.8818 -0.0169 0.4713
vn 0.8818 -0.0169 0.4713
vn -0.9950 -0.0169 -0.0980
vn 0.4713 -0.0169 -0.8818
vn 0.4713 -0.0169 0.8818
vn -0.7729 -0.0169 -0.6343
vn -0.0980 -0.0169 0.9950
vn 0.8818 -0.0169 -0.4713
vn -0.2902 -0.0169 -0.9568
vn -0.6343 -0.0169 0.7729
vn 0.9950 -0.0169 0.0980
vn -0.9568 -0.0169 0.2902
vn 0.7729 -0.0169 0.6343
vn -0.2632 -0.4216 -0.8677
vn -0.2872 -0.1441 0.9470
vn 0.9470 -0.1441 -0.2872
vn -0.8727 -0.1441 -0.4665
vn 0.7649 -0.1441 -0.6278
vn 0.0970 -0.1441 0.9848
vn -0.9848 -0.1441 -0.0970
vn 0.4665 -0.1441 -0.8727
vn 0.4665 -0.1441 0.8727
vn -0.9470 -0.1441 0.2873
vn 0.0970 -0.1441 -0.9848
vn 0.7649 -0.1441 0.6278
vn -0.0970 -0.1441 -0.9848
vn -0.7649 -0.1441 0.6278
vn 0.9470 -0.1441 0.2872
vn -0.4665 -0.1441 -0.8727
vn -0.4665 -0.1441 0.8727
vn 0.9848 -0.1441 -0.0970
vn -0.7649 -0.1441 -0.6278
vn -0.0970 -0.1441 0.9848
vn 0.8727 -0.1441 -0.4665
vn -0.9470 -0.1441 -0.2872
vn 0.6278 -0.1441 -0.7649
vn 0.2873 -0.1441 0.9470
vn -0.9848 -0.1441 0.0970
vn 0.2872 -0.1441 -0.9470
vn 0.6278 -0.1441 0.7649
vn -0.8727 -0.1441 0.4665
vn 0.8727 -0.1441 0.4665
vn -0.2873 -0.1441 -0.9470
vn -0.6278 -0.1441 0.7649
vn 0.9848 -0.1441 0.0970
vn -0.9419 -0.3229 0.0928
vn -0.5753 -0.4216 0.7010
vn 0.9024 -0.4216 0.0889
vn -0.5753 -0.4216 -0.7010
vn -0.2632 -0.4216 0.8677
vn 0.8677 -0.4216 -0.2632
vn -0.7997 -0.4216 -0.4275
vn 0.7010 -0.4216 -0.5753
vn 0.0889 -0.4216 0.9024
vn -0.9024 -0.4216 -0.0889
vn 0.4275 -0.4216 -0.7997
vn 0.4275 -0.4216 0.7997
vn -0.8677 -0.4216 0.2632
vn 0.0889 -0.4216 -0.9024
vn 0.7010 -0.4216 0.5753
vn -0.0889 -0.4216 -0.9024
vn -0.7010 -0.4216 0.5753
vn 0.8677 -0.4216 0.2632
vn -0.4275 -0.4216 -0.7997
vn -0.4275 -0.4216 0.7997
vn 0.9024 -0.4216 -0.0889
vn -0.7010 -0.4216 -0.5753
vn -0.0889 -0.4216 0.9024
vn 0.7997 -0.4216 -0.4275
vn -0.8677 -0.4216 -0.2632
vn 0.5753 -0.4216 -0.7010
vn 0.2632 -0.4216 0.8677
vn -0.9024 -0.4216 0.0889
vn 0.2632 -0.4216 -0.8677
vn 0.5753 -0.4216 0.7010
vn -0.7997 -0.4216 0.4275
vn 0.7997 -0.4216 0.4275
vn -0.5100 -0.8461 -0.1547
vn 0.2747 -0.3229 -0.9057
vn 0.6004 -0.3229 0.7316
vn -0.8347 -0.3229 0.4461
vn 0.8347 -0.3229 0.4461
vn -0.2747 -0.3229 -0.9057
vn -0.6004 -0.3229 0.7316
vn 0.9419 -0.3229 0.0928
vn -0.6004 -0.3229 -0.7316
vn -0.2747 -0.3229 0.9057
vn 0.9057 -0.3229 -0.2747
vn -0.8347 -0.3229 -0.4461
vn 0.7316 -0.3229 -0.6004
vn 0.0928 -0.3229 0.9419
vn -0.9419 -0.3229 -0.0928
vn 0.4461 -0.3229 -0.8347
vn 0.4461 -0.3229 0.8347
vn -0.9057 -0.3229 0.2747
vn 0.0928 -0.3229 -0.9419
vn 0.7316 -0.3229 0.6004
vn -0.0928 -0.3229 -0.9419
vn -0.7316 -0.3229 0.6004
vn 0.9057 -0.3229 0.2747
vn -0.4461 -0.3229 -0.8347
vn -0.4461 -0.3229 0.8347
vn 0.9419 -0.3229 -0.0928
vn -0.7316 -0.3229 -0.6004
vn -0.0928 -0.3229 0.9419
vn 0.8347 -0.3229 -0.4461
vn -0.9057 -0.3229 -0.2747
vn 0.6004 -0.3229 -0.7316
vn 0.2747 -0.3229 0.9057
vn -0.4591 -0.8045 -0.3768
vn 0.3381 -0.8461 -0.4120
vn 0.1547 -0.8461 0.5100
vn -0.5304 -0.8461 0.0522
vn 0.1547 -0.8461 -0.5100
vn 0.3381 -0.8461 0.4120
vn -0.4700 -0.8461 0.2512
vn 0.4700 -0.8461 0.2512
vn -0.1547 -0.8461 -0.5100
vn -0.3381 -0.8461 0.4120
vn 0.5304 -0.8461 0.0522
vn -0.3381 -0.8461 -0.4120
vn -0.1547 -0.8461 0.5100
vn 0.5100 -0.8461 -0.1547
vn -0.4700 -0.8461 -0.2512
vn 0.4120 -0.8461 -0.3381
vn 0.0522 -0.8461 0.5304
vn -0.5304 -0.8461 -0.0522
vn 0.2512 -0.8461 -0.4700
vn 0.2512 -0.8461 0.4700
vn -0.5100 -0.8461 0.1547
vn 0.0522 -0.8461 -0.5304
vn 0.4120 -0.8461 0.3381
vn -0.0522 -0.8461 -0.5304
vn -0.4120 -0.8461 0.3381
vn 0.5100 -0.8461 0.1547
vn -0.2512 -0.8461 -0.4700
vn -0.2512 -0.8461 0.4700
vn 0.5304 -0.8461 -0.0522
vn -0.4120 -0.8461 -0.3381
vn -0.0522 -0.8461 0.5304
vn 0.4700 -0.8461 -0.2512
vn -0.3344 -0.7048 -0.6256
vn -0.0582 -0.8045 0.5911
vn 0.5238 -0.8045 -0.2800
vn -0.5684 -0.8045 -0.1724
vn 0.3768 -0.8045 -0.4591
vn 0.1724 -0.8045 0.5684
vn -0.5911 -0.8045 0.0582
vn 0.1724 -0.8045 -0.5684
vn 0.3768 -0.8045 0.4591
vn -0.5238 -0.8045 0.2800
vn 0.5238 -0.8045 0.2800
vn -0.1724 -0.8045 -0.5684
vn -0.3768 -0.8045 0.4591
vn 0.5911 -0.8045 0.0582
vn -0.3768 -0.8045 -0.4591
vn -0.1724 -0.8045 0.5684
vn 0.5684 -0.8045 -0.1724
vn -0.5238 -0.8045 -0.2800
vn 0.4591 -0.8045 -0.3768
vn 0.0582 -0.8045 0.5911
vn -0.5911 -0.8045 -0.0582
vn 0.2800 -0.8045 -0.5238
vn 0.2800 -0.8045 0.5238
vn -0.5684 -0.8045 0.1724
vn 0.0582 -0.8045 -0.5911
vn 0.4591 -0.8045 0.3768
vn -0.0582 -0.8045 -0.5911
vn -0.4591 -0.8045 0.3768
vn 0.5684 -0.8045 0.1724
vn -0.2800 -0.8045 -0.5238
vn -0.2800 -0.8045 0.5238
vn 0.5911 -0.8045 -0.0582
vn -0.0865 -0.4694 -0.8788
vn -0.3344 -0.7048 0.6256
vn 0.7060 -0.7048 -0.0695
vn -0.5484 -0.7048 -0.4500
vn -0.0695 -0.7048 0.7060
vn 0.6256 -0.7048 -0.3344
vn -0.6788 -0.7048 -0.2059
vn 0.4500 -0.7048 -0.5484
vn 0.2059 -0.7048 0.6788
vn -0.7060 -0.7048 0.0695
vn 0.2059 -0.7048 -0.6788
vn 0.4500 -0.7048 0.5484
vn -0.6256 -0.7048 0.3344
vn 0.6256 -0.7048 0.3344
vn -0.2059 -0.7048 -0.6788
vn -0.4500 -0.7048 0.5484
vn 0.7060 -0.7048 0.0695
vn -0.4500 -0.7048 -0.5484
vn -0.2059 -0.7048 0.6788
vn 0.6788 -0.7048 -0.2059
vn -0.6256 -0.7048 -0.3344
vn 0.5484 -0.7048 -0.4500
vn 0.0695 -0.7048 0.7060
vn -0.7060 -0.7048 -0.0695
vn 0.3344 -0.7048 -0.6256
vn 0.3344 -0.7048 0.6256
vn -0.6788 -0.7048 0.2059
vn 0.0695 -0.7048 -0.7060
vn 0.5484 -0.7048 0.4500
vn -0.0695 -0.7048 -0.7060
vn -0.5484 -0.7048 0.4500
vn 0.6788 -0.7048 0.2059
vn -0.9330 -0.2221 0.2830
vn -0.6826 -0.4694 0.5602
vn 0.8450 -0.4694 0.2563
vn -0.4162 -0.4694 -0.7787
vn -0.4162 -0.4694 0.7787
vn 0.8788 -0.4694 -0.0865
vn -0.6826 -0.4694 -0.5602
vn -0.0866 -0.4694 0.8788
vn 0.7787 -0.4694 -0.4162
vn -0.8450 -0.4694 -0.2563
vn 0.5602 -0.4694 -0.6826
vn 0.2563 -0.4694 0.8450
vn -0.8788 -0.4694 0.0865
vn 0.2563 -0.4694 -0.8450
vn 0.5602 -0.4694 0.6826
vn -0.7787 -0.4694 0.4162
vn 0.7787 -0.4694 0.4162
vn -0.2563 -0.4694 -0.8450
vn -0.5602 -0.4694 0.6826
vn 0.8788 -0.4694 0.0865
vn -0.5602 -0.4694 -0.6826
vn -0.2563 -0.4694 0.8450
vn 0.8450 -0.4694 -0.2563
vn -0.7787 -0.4694 -0.4162
vn 0.6826 -0.4694 -0.5602
vn 0.0866 -0.4694 0.8788
vn -0.8788 -0.4694 -0.0866
vn 0.4162 -0.4694 -0.7787
vn 0.4162 -0.4694 0.7787
vn -0.8450 -0.4694 0.2563
vn 0.0865 -0.4694 -0.8788
vn 0.6826 -0.4694 0.5602
vn -0.9951 -0.0118 -0.0980
vn 0.0956 -0.2221 -0.9703
vn 0.7537 -0.2221 0.6186
vn -0.0956 -0.2221 -0.9703
vn -0.7537 -0.2221 0.6186
vn 0.9330 -0.2221 0.2830
vn -0.4596 -0.2221 -0.8599
vn -0.4596 -0.2221 0.8599
vn 0.9703 -0.2221 -0.0956
vn -0.7537 -0.2221 -0.6186
vn -0.0956 -0.2221 0.9703
vn 0.8599 -0.2221 -0.4596
vn -0.9330 -0.2221 -0.2830
vn 0.6186 -0.2221 -0.7537
vn 0.2830 -0.2221 0.9330
vn -0.9703 -0.2221 0.0956
vn 0.2830 -0.2221 -0.9330
vn 0.6186 -0.2221 0.7537
vn -0.8599 -0.2221 0.4596
vn 0.8599 -0.2221 0.4596
vn -0.2830 -0.2221 -0.9330
vn -0.6186 -0.2221 0.7537
vn 0.9703 -0.2221 0.0956
vn -0.6186 -0.2221 -0.7537
vn -0.2830 -0.2221 0.9330
vn 0.9330 -0.2221 -0.2830
vn -0.8599 -0.2221 -0.4596
vn 0.7537 -0.2221 -0.6186
vn 0.0956 -0.2221 0.9703
vn -0.9703 -0.2221 -0.0956
vn 0.4596 -0.2221 -0.8599
vn 0.4596 -0.2221 0.8599
vn -0.8765 0.1108 -0.4685
vn 0.4714 -0.0118 -0.8819
vn 0.4714 -0.0118 0.8819
vn -0.9569 -0.0118 0.2903
vn 0.0980 -0.0118 -0.9951
vn 0.7730 -0.0118 0.6343
vn -0.0980 -0.0118 -0.9951
vn -0.7730 -0.0118 0.6343
vn 0.9569 -0.0118 0.2903
vn -0.4714 -0.0118 -0.8819
vn -0.4714 -0.0118 0.8819
vn 0.9951 -0.0118 -0.0980
vn -0.7730 -0.0118 -0.6343
vn -0.0980 -0.0118 0.9951
vn 0.8819 -0.0118 -0.4714
vn -0.9569 -0.0118 -0.2903
vn 0.6343 -0.0118 -0.7730
vn 0.2903 -0.0118 0.9569
vn -0.9951 -0.0118 0.0980
vn 0.2903 -0.0118 -0.9569
vn 0.6343 -0.0118 0.7730
vn -0.8819 -0.0118 0.4714
vn 0.8819 -0.0118 0.4714
vn -0.2903 -0.0118 -0.9569
vn -0.6344 -0.0118 0.7730
vn 0.9951 -0.0118 0.0980
vn -0.6343 -0.0118 -0.7730
vn -0.2903 -0.0118 0.9569
vn 0.9569 -0.0118 -0.2903
vn -0.8819 -0.0118 -0.4714
vn 0.7730 -0.0118 -0.6343
vn 0.0980 -0.0118 0.9951
vn -0.6189 0.2198 -0.7541
vn 0.7682 0.1108 -0.6305
vn 0.0974 0.1108 0.9891
vn -0.9891 0.1108 -0.0974
vn 0.4685 0.1108 -0.8765
vn 0.4685 0.1108 0.8765
vn -0.9510 0.1108 0.2885
vn 0.0974 0.1108 -0.9891
vn 0.7682 0.1108 0.6305
vn -0.0974 0.1108 -0.9891
vn -0.7682 0.1108 0.6305
vn 0.9510 0.1108 0.2885
vn -0.4685 0.1108 -0.8765
vn -0.4685 0.1108 0.8765
vn 0.9891 0.1108 -0.0974
vn -0.7682 0.1108 -0.6305
vn -0.0974 0.1108 0.9891
vn 0.8765 0.1108 -0.4685
vn -0.9510 0.1108 -0.2885
vn 0.6305 0.1108 -0.7682
vn 0.2885 0.1108 0.9510
vn -0.9891 0.1108 0.0974
vn 0.2885 0.1108 -0.9510
vn 0.6305 0.1108 0.7682
vn -0.8765 0.1108 0.4685
vn 0.8765 0.1108 0.4685
vn -0.2885 0.1108 -0.9510
vn -0.6305 0.1108 0.7682
vn 0.9891 0.1108 0.0974
vn -0.6305 0.1108 -0.7682
vn -0.2885 0.1108 0.9510
vn 0.9510 0.1108 -0.2885
vn -0.2803 0.2602 -0.9240
vn -0.2832 0.2198 0.9335
vn 0.9335 0.2198 -0.2832
vn -0.8603 0.2198 -0.4599
vn 0.7541 0.2198 -0.6189
vn 0.0956 0.2198 0.9708
vn -0.9708 0.2198 -0.0956
vn 0.4599 0.2198 -0.8603
vn 0.4599 0.2198 0.8603
vn -0.9335 0.2198 0.2832
vn 0.0956 0.2198 -0.9708
vn 0.7541 0.2198 0.6189
vn -0.0956 0.2198 -0.9708
vn -0.7541 0.2198 0.6189
vn 0.9335 0.2198 0.2832
vn -0.4599 0.2198 -0.8604
vn -0.4599 0.2198 0.8603
vn 0.9708 0.2198 -0.0956
vn -0.7541 0.2198 -0.6189
vn -0.0956 0.2198 0.9708
vn 0.8603 0.2198 -0.4599
vn -0.9335 0.2198 -0.2832
vn 0.6189 0.2198 -0.7541
vn 0.2832 0.2198 0.9335
vn -0.9708 0.2198 0.0956
vn 0.2832 0.2198 -0.9335
vn 0.6189 0.2198 0.7541
vn -0.8603 0.2198 0.4599
vn 0.8603 0.2198 0.4599
vn -0.2832 0.2198 -0.9335
vn -0.6189 0.2198 0.7541
vn 0.9708 0.2198 0.0956
vn -0.8481 0.2742 0.4533
vn -0.6125 0.2602 0.7464
vn 0.9609 0.2602 0.0946
vn -0.6125 0.2602 -0.7464
vn -0.2803 0.2602 0.9240
vn 0.9240 0.2602 -0.2803
vn -0.8515 0.2602 -0.4552
vn 0.7464 0.2602 -0.6125
vn 0.0946 0.2602 0.9609
vn -0.9609 0.2602 -0.0946
vn 0.4552 0.2602 -0.8515
vn 0.4552 0.2602 0.8515
vn -0.9240 0.2602 0.2803
vn 0.0946 0.2602 -0.9609
vn 0.7464 0.2602 0.6125
vn -0.0946 0.2602 -0.9609
vn -0.7464 0.2602 0.6125
vn 0.9240 0.2602 0.2803
vn -0.4552 0.2602 -0.8515
vn -0.4552 0.2602 0.8515
vn 0.9609 0.2602 -0.0946
vn -0.7464 0.2602 -0.6125
vn -0.0946 0.2602 0.9609
vn 0.8515 0.2602 -0.4552
vn -0.9240 0.2602 -0.2803
vn 0.6125 0.2602 -0.7464
vn 0.2803 0.2602 0.9240
vn -0.9609 0.2602 0.0946
vn 0.2803 0.2602 -0.9240
vn 0.6125 0.2602 0.7464
vn -0.8515 0.2602 0.4552
vn 0.8515 0.2602 0.4552
vn -0.9950 0.0182 0.0980
vn 0.8481 0.2742 0.4533
vn -0.2792 0.2742 -0.9203
vn -0.6101 0.2742 0.7434
vn 0.9571 0.2742 0.0943
vn -0.6101 0.2742 -0.7434
vn -0.2792 0.2742 0.9203
vn 0.9203 0.2742 -0.2792
vn -0.8481 0.2742 -0.4533
vn 0.7434 0.2742 -0.6101
vn 0.0943 0.2742 0.9571
vn -0.9571 0.2742 -0.0943
vn 0.4533 0.2742 -0.8481
vn 0.4533 0.2742 0.8481
vn -0.9203 0.2742 0.2792
vn 0.0943 0.2742 -0.9571
vn 0.7434 0.2742 0.6101
vn -0.0943 0.2742 -0.9571
vn -0.7434 0.2742 0.6101
vn 0.9203 0.2742 0.2792
vn -0.4533 0.2742 -0.8481
vn -0.4533 0.2742 0.8481
vn 0.9571 0.2742 -0.0943
vn -0.7434 0.2742 -0.6101
vn -0.0943 0.2742 0.9571
vn 0.8481 0.2742 -0.4533
vn -0.9203 0.2742 -0.2792
vn 0.6101 0.2742 -0.7434
vn 0.2792 0.2742 0.9203
vn -0.9571 0.2742 0.0943
vn 0.2792 0.2742 -0.9203
vn 0.6101 0.2742 0.7434
vn -0.5636 0.8082 -0.1710
vn 0.2902 0.0182 -0.9568
vn 0.6343 0.0182 0.7729
vn -0.8818 0.0182 0.4713
vn 0.8818 0.0182 0.4713
vn -0.2902 0.0182 -0.9568
vn -0.6343 0.0182 0.7729
vn 0.9950 0.0182 0.0980
vn -0.6343 0.0182 -0.7729
vn -0.2902 0.0182 0.9568
vn 0.9568 0.0182 -0.2902
vn -0.8818 0.0182 -0.4713
vn 0.7729 0.0182 -0.6343
vn 0.0980 0.0182 0.9950
vn -0.9950 0.0182 -0.0980
vn 0.4713 0.0182 -0.8818
vn 0.4713 0.0182 0.8818
vn -0.9568 0.0182 0.2902
vn 0.0980 0.0182 -0.9950
vn 0.7729 0.0182 0.6343
vn -0.0980 0.0182 -0.9950
vn -0.7729 0.0182 0.6343
vn 0.9568 0.0182 0.2902
vn -0.4713 0.0182 -0.8818
vn -0.4713 0.0182 0.8818
vn 0.9950 0.0182 -0.0980
vn -0.7729 0.0182 -0.6343
vn -0.0980 0.0182 0.9950
vn 0.8818 0.0182 -0.4713
vn -0.9568 0.0182 -0.2902
vn 0.6343 0.0182 -0.7729
vn 0.2902 0.0182 0.9568
vn 0.2750 0.9346 0.2257
vn 0.3736 0.8082 -0.4552
vn 0.1710 0.8082 0.5636
vn -0.5861 0.8082 0.0577
vn 0.1710 0.8082 -0.5636
vn 0.3736 0.8082 0.4553
vn -0.5194 0.8082 0.2776
vn 0.5194 0.8082 0.2776
vn -0.1710 0.8082 -0.5636
vn -0.3736 0.8082 0.4552
vn 0.5861 0.8082 0.0577
vn -0.3736 0.8082 -0.4553
vn -0.1710 0.8082 0.5636
vn 0.5636 0.8082 -0.1710
vn -0.5194 0.8082 -0.2776
vn 0.4552 0.8082 -0.3736
vn 0.0577 0.8082 0.5861
vn -0.5861 0.8082 -0.0577
vn 0.2776 0.8082 -0.5194
vn 0.2776 0.8082 0.5194
vn -0.5636 0.8082 0.1710
vn 0.0577 0.8082 -0.5861
vn 0.4552 0.8082 0.3736
vn -0.0577 0.8082 -0.5861
vn -0.4552 0.8082 0.3736
vn 0.5636 0.8082 0.1710
vn -0.2776 0.8082 -0.5194
vn -0.2776 0.8082 0.5194
vn 0.5861 0.8082 -0.0577
vn -0.4552 0.8082 -0.3736
vn -0.0577 0.8082 0.5861
vn 0.5194 0.8082 -0.2776
vn 0.4644 -0.1717 0.8688
vn 0.0349 0.9346 -0.3540
vn -0.3137 0.9346 0.1677
vn 0.3404 0.9346 0.1033
vn -0.2257 0.9346 0.2750
vn -0.1033 0.9346 -0.3404
vn 0.3540 0.9346 -0.0349
vn -0.1033 0.9346 0.3404
vn -0.2257 0.9346 -0.2750
vn 0.3137 0.9346 -0.1677
vn -0.3137 0.9346 -0.1677
vn 0.1033 0.9346 0.3404
vn 0.2257 0.9346 -0.2750
vn -0.3540 0.9346 -0.0349
vn 0.2257 0.9346 0.2750
vn 0.1033 0.9346 -0.3404
vn -0.3404 0.9346 0.1033
vn 0.3137 0.9346 0.1677
vn -0.2750 0.9346 0.2257
vn -0.0349 0.9346 -0.3540
vn 0.3540 0.9346 0.0349
vn -0.1677 0.9346 0.3137
vn -0.1677 0.9346 -0.3137
vn 0.3404 0.9346 -0.1033
vn -0.0349 0.9346 0.3540
vn -0.2750 0.9346 -0.2257
vn 0.0349 0.9346 0.3541
vn 0.2750 0.9346 -0.2257
vn -0.3404 0.9346 -0.1033
vn 0.1677 0.9346 0.3137
vn 0.1677 0.9346 -0.3138
vn -0.3540 0.9346 0.0349
vn 0.6010 -0.3201 0.7323
vn 0.4644 -0.1717 -0.8688
vn -0.9804 -0.1717 0.0966
vn 0.7615 -0.1717 0.6250
vn 0.0966 -0.1717 -0.9804
vn -0.8688 -0.1717 0.4644
vn 0.9427 -0.1717 0.2860
vn -0.6250 -0.1717 0.7615
vn -0.2860 -0.1717 -0.9427
vn 0.9804 -0.1717 -0.0966
vn -0.2860 -0.1717 0.9427
vn -0.6250 -0.1717 -0.7615
vn 0.8688 -0.1717 -0.4644
vn -0.8688 -0.1717 -0.4644
vn 0.2860 -0.1717 0.9427
vn 0.6250 -0.1717 -0.7615
vn -0.9804 -0.1717 -0.0966
vn 0.6250 -0.1717 0.7615
vn 0.2860 -0.1717 -0.9427
vn -0.9427 -0.1717 0.2860
vn 0.8688 -0.1717 0.4644
vn -0.7615 -0.1717 0.6250
vn -0.0966 -0.1717 -0.9804
vn 0.9804 -0.1717 0.0966
vn -0.4644 -0.1717 0.8688
vn -0.4644 -0.1717 -0.8688
vn 0.9427 -0.1717 -0.2860
vn -0.0966 -0.1717 0.9804
vn -0.7615 -0.1717 -0.6250
vn 0.0966 -0.1717 0.9804
vn 0.7615 -0.1717 -0.6250
vn -0.9427 -0.1717 -0.2860
vn 0.2783 -0.2843 0.9174
vn 0.2750 -0.3201 -0.9066
vn -0.9066 -0.3201 0.2750
vn 0.8355 -0.3201 0.4466
vn -0.0929 -0.3201 -0.9428
vn 0.9428 -0.3201 0.0929
vn -0.4466 -0.3201 -0.8355
vn -0.8355 -0.3201 0.4466
vn 0.9066 -0.3201 -0.2750
vn -0.7323 -0.3201 -0.6010
vn -0.6010 -0.3201 0.7323
vn 0.0929 -0.3201 0.9428
vn 0.7323 -0.3201 -0.6010
vn -0.9066 -0.3201 -0.2750
vn -0.2750 -0.3201 0.9066
vn 0.4466 -0.3201 0.8355
vn 0.4466 -0.3201 -0.8355
vn -0.9428 -0.3201 0.0929
vn 0.7323 -0.3201 0.6010
vn 0.0929 -0.3201 -0.9428
vn 0.9066 -0.3201 0.2750
vn -0.2750 -0.3201 -0.9066
vn 0.9428 -0.3201 -0.0929
vn -0.6010 -0.3201 -0.7323
vn -0.7323 -0.3201 0.6010
vn 0.8355 -0.3201 -0.4466
vn -0.8355 -0.3201 -0.4466
vn -0.4466 -0.3201 0.8355
vn 0.2750 -0.3201 0.9066
vn 0.6010 -0.3201 -0.7323
vn -0.9428 -0.3201 -0.0929
vn -0.0929 -0.3201 0.9428
vn 0.8535 -0.2517 -0.4562
vn 0.6082 -0.2843 -0.7411
vn -0.9541 -0.2843 -0.0940
vn 0.6082 -0.2843 0.7411
vn 0.2783 -0.2843 -0.9174
vn -0.9174 -0.2843 0.2783
vn 0.8455 -0.2843 0.4519
vn -0.7411 -0.2843 0.6082
vn -0.0940 -0.2843 -0.9541
vn 0.9541 -0.2843 0.0940
vn -0.4519 -0.2843 0.8455
vn -0.4519 -0.2843 -0.8455
vn 0.9174 -0.2843 -0.2783
vn -0.0940 -0.2843 0.9541
vn -0.7411 -0.2843 -0.6082
vn 0.0940 -0.2843 0.9541
vn 0.7411 -0.2843 -0.6082
vn -0.9174 -0.2843 -0.2783
vn 0.4519 -0.2843 0.8455
vn 0.4519 -0.2843 -0.8455
vn -0.9541 -0.2843 0.0940
vn 0.7411 -0.2843 0.6082
vn 0.0940 -0.2843 -0.9541
vn -0.8455 -0.2843 0.4519
vn 0.9174 -0.2843 0.2783
vn -0.6082 -0.2843 0.7411
vn -0.2783 -0.2843 -0.9174
vn 0.9541 -0.2843 -0.0940
vn -0.2783 -0.2843 0.9174
vn -0.6082 -0.2843 -0.7411
vn 0.8455 -0.2843 -0.4519
vn -0.8455 -0.2843 -0.4519
vn 0.9779 -0.1856 -0.0963
vn -0.8535 -0.2517 -0.4562
vn 0.2809 -0.2517 0.9261
vn 0.6140 -0.2517 -0.7481
vn -0.9631 -0.2517 -0.0949
vn 0.6140 -0.2517 0.7481
vn 0.2809 -0.2517 -0.9261
vn -0.9261 -0.2517 0.2809
vn 0.8535 -0.2517 0.4562
vn -0.7481 -0.2517 0.6140
vn -0.0949 -0.2517 -0.9631
vn 0.9631 -0.2517 0.0949
vn -0.4562 -0.2517 0.8535
vn -0.4562 -0.2517 -0.8535
vn 0.9261 -0.2517 -0.2809
vn -0.0949 -0.2517 0.9631
vn -0.7481 -0.2517 -0.6140
vn 0.0949 -0.2517 0.9631
vn 0.7481 -0.2517 -0.6140
vn -0.9261 -0.2517 -0.2809
vn 0.4562 -0.2517 0.8535
vn 0.4562 -0.2517 -0.8535
vn -0.9631 -0.2517 0.0949
vn 0.7481 -0.2517 0.6140
vn 0.0949 -0.2517 -0.9631
vn -0.8535 -0.2517 0.4562
vn 0.9261 -0.2517 0.2809
vn -0.6140 -0.2517 0.7481
vn -0.2809 -0.2517 -0.9261
vn 0.9631 -0.2517 -0.0949
vn -0.2809 -0.2517 0.9261
vn -0.6140 -0.2517 -0.7481
vn 0.9526 -0.0947 0.2890
vn -0.2852 -0.1856 0.9403
vn -0.6234 -0.1856 -0.7596
vn 0.8666 -0.1856 -0.4632
vn -0.8666 -0.1856 -0.4632
vn 0.2852 -0.1856 0.9403
vn 0.6234 -0.1856 -0.7596
vn -0.9779 -0.1856 -0.0963
vn 0.6234 -0.1856 0.7596
vn 0.2852 -0.1856 -0.9403
vn -0.9403 -0.1856 0.2852
vn 0.8666 -0.1856 0.4632
vn -0.7596 -0.1856 0.6234
vn -0.0963 -0.1856 -0.9779
vn 0.9779 -0.1856 0.0963
vn -0.4632 -0.1856 0.8666
vn -0.4632 -0.1856 -0.8666
vn 0.9403 -0.1856 -0.2852
vn -0.0963 -0.1856 0.9779
vn -0.7596 -0.1856 -0.6234
vn 0.0963 -0.1856 0.9779
vn 0.7596 -0.1856 -0.6234
vn -0.9403 -0.1856 -0.2852
vn 0.4632 -0.1856 0.8666
vn 0.4632 -0.1856 -0.8666
vn -0.9779 -0.1856 0.0963
vn 0.7596 -0.1856 0.6234
vn 0.0963 -0.1856 -0.9779
vn -0.8666 -0.1856 0.4632
vn 0.9403 -0.1856 0.2852
vn -0.6234 -0.1856 0.7596
vn -0.2852 -0.1856 -0.9403
vn 0.7722 0.0469 0.6337
vn -0.6315 -0.0947 0.7695
vn -0.2890 -0.0947 -0.9526
vn 0.9907 -0.0947 -0.0976
vn -0.2890 -0.0947 0.9526
vn -0.6315 -0.0947 -0.7695
vn 0.8780 -0.0947 -0.4693
vn -0.8780 -0.0947 -0.4693
vn 0.2890 -0.0947 0.9526
vn 0.6315 -0.0947 -0.7695
vn -0.9907 -0.0947 -0.0976
vn 0.6315 -0.0947 0.7695
vn 0.2890 -0.0947 -0.9526
vn -0.9526 -0.0947 0.2890
vn 0.8780 -0.0947 0.4693
vn -0.7695 -0.0947 0.6315
vn -0.0976 -0.0947 -0.9907
vn 0.9907 -0.0947 0.0976
vn -0.4693 -0.0947 0.8780
vn -0.4693 -0.0947 -0.8780
vn 0.9526 -0.0947 -0.2890
vn -0.0976 -0.0947 0.9907
vn -0.7695 -0.0947 -0.6315
vn 0.0976 -0.0947 0.9907
vn 0.7695 -0.0947 -0.6315
vn -0.9526 -0.0947 -0.2890
vn 0.4693 -0.0947 0.8780
vn 0.4693 -0.0947 -0.8780
vn -0.9907 -0.0947 0.0976
vn 0.7695 -0.0947 0.6315
vn 0.0976 -0.0947 -0.9907
vn -0.8780 -0.0947 0.4693
vn 0.4493 0.3026 0.8406
vn 0.0979 0.0469 -0.9941
vn -0.8810 0.0469 0.4709
vn 0.9559 0.0469 0.2900
vn -0.6337 0.0469 0.7722
vn -0.2900 0.0469 -0.9559
vn 0.9941 0.0469 -0.0979
vn -0.2900 0.0469 0.9559
vn -0.6337 0.0469 -0.7722
vn 0.8810 0.0469 -0.4709
vn -0.8810 0.0469 -0.4709
vn 0.2900 0.0469 0.9559
vn 0.6337 0.0469 -0.7722
vn -0.9941 0.0469 -0.0979
vn 0.6337 0.0469 0.7722
vn 0.2900 0.0469 -0.9559
vn -0.9559 0.0469 0.2900
vn 0.8810 0.0469 0.4709
vn -0.7722 0.0469 0.6337
vn -0.0979 0.0469 -0.9941
vn 0.9941 0.0469 0.0979
vn -0.4709 0.0469 0.8810
vn -0.4709 0.0469 -0.8810
vn 0.9559 0.0469 -0.2900
vn -0.0979 0.0469 0.9941
vn -0.7722 0.0469 -0.6337
vn 0.0979 0.0469 0.9941
vn 0.7722 0.0469 -0.6337
vn -0.9559 0.0469 -0.2900
vn 0.4709 0.0469 0.8810
vn 0.4709 0.0469 -0.8810
vn -0.9941 0.0469 0.0979
vn 0.0813 0.5593 0.8250
vn 0.4493 0.3026 -0.8406
vn -0.9485 0.3026 0.0934
vn 0.7368 0.3026 0.6047
vn 0.0934 0.3026 -0.9485
vn -0.8406 0.3026 0.4493
vn 0.9121 0.3026 0.2767
vn -0.6047 0.3026 0.7368
vn -0.2767 0.3026 -0.9121
vn 0.9485 0.3026 -0.0934
vn -0.2767 0.3026 0.9121
vn -0.6047 0.3026 -0.7368
vn 0.8406 0.3026 -0.4493
vn -0.8406 0.3026 -0.4493
vn 0.2767 0.3026 0.9121
vn 0.6047 0.3026 -0.7368
vn -0.9485 0.3026 -0.0934
vn 0.6047 0.3026 0.7368
vn 0.2767 0.3026 -0.9121
vn -0.9121 0.3026 0.2767
vn 0.8406 0.3026 0.4493
vn -0.7368 0.3026 0.6047
vn -0.0934 0.3026 -0.9485
vn 0.9485 0.3026 0.0934
vn -0.4493 0.3026 0.8406
vn -0.4493 0.3026 -0.8406
vn 0.9121 0.3026 -0.2767
vn -0.0934 0.3026 0.9485
vn -0.7368 0.3026 -0.6047
vn 0.0934 0.3026 0.9485
vn 0.7368 0.3026 -0.6047
vn -0.9121 0.3026 -0.2767
vn 0.5753 0.7991 -0.1745
vn 0.6408 0.5593 -0.5259
vn -0.7933 0.5593 -0.2406
vn 0.3908 0.5593 0.7311
vn 0.3908 0.5593 -0.7311
vn -0.8250 0.5593 0.0813
vn 0.6408 0.5593 0.5259
vn 0.0813 0.5593 -0.8250
vn -0.7311 0.5593 0.3908
vn 0.7933 0.5593 0.2406
vn -0.5259 0.5593 0.6408
vn -0.2406 0.5593 -0.7933
vn 0.8250 0.5593 -0.0813
vn -0.2406 0.5593 0.7933
vn -0.5259 0.5593 -0.6408
vn 0.7311 0.5593 -0.3908
vn -0.7311 0.5593 -0.3908
vn 0.2406 0.5593 0.7933
vn 0.5259 0.5593 -0.6408
vn -0.8250 0.5593 -0.0813
vn 0.5259 0.5593 0.6408
vn 0.2406 0.5593 -0.7933
vn -0.7933 0.5593 0.2406
vn 0.7311 0.5593 0.3908
vn -0.6408 0.5593 0.5259
vn -0.0813 0.5593 -0.8250
vn 0.8250 0.5593 0.0813
vn -0.3908 0.5593 0.7311
vn -0.3908 0.5593 -0.7311
vn 0.7933 0.5593 -0.2406
vn -0.0813 0.5593 0.8250
vn -0.6408 0.5593 -0.5259
vn 0.4018 0.9149 0.0396
vn -0.0589 0.7991 0.5983
vn -0.4648 0.7991 -0.3814
vn 0.0589 0.7991 0.5983
vn 0.4648 0.7991 -0.3814
vn -0.5753 0.7991 -0.1745
vn 0.2834 0.7991 0.5302
vn 0.2834 0.7991 -0.5302
vn -0.5983 0.7991 0.0589
vn 0.4648 0.7991 0.3814
vn 0.0589 0.7991 -0.5983
vn -0.5302 0.7991 0.2834
vn 0.5753 0.7991 0.1745
vn -0.3814 0.7991 0.4648
vn -0.1745 0.7991 -0.5753
vn 0.5983 0.7991 -0.0589
vn -0.1745 0.7991 0.5753
vn -0.3814 0.7991 -0.4648
vn 0.5302 0.7991 -0.2834
vn -0.5302 0.7991 -0.2834
vn 0.1745 0.7991 0.5753
vn 0.3814 0.7991 -0.4648
vn -0.5983 0.7991 -0.0589
vn 0.3814 0.7991 0.4648
vn 0.1745 0.7991 -0.5753
vn -0.5753 0.7991 0.1745
vn 0.5302 0.7991 0.2834
vn -0.4648 0.7991 0.3814
vn -0.0589 0.7991 -0.5983
vn 0.5983 0.7991 0.0589
vn -0.2834 0.7991 0.5302
vn -0.2834 0.7991 -0.5302
vn 0.1073 0.9926 0.0574
vn -0.1903 0.9149 0.3561
vn -0.1903 0.9149 -0.3561
vn 0.3864 0.9149 -0.1172
vn -0.0396 0.9149 0.4018
vn -0.3121 0.9149 -0.2562
vn 0.0396 0.9149 0.4018
vn 0.3121 0.9149 -0.2562
vn -0.3864 0.9149 -0.1172
vn 0.1903 0.9149 0.3561
vn 0.1903 0.9149 -0.3561
vn -0.4018 0.9149 0.0396
vn 0.3121 0.9149 0.2562
vn 0.0396 0.9149 -0.4018
vn -0.3561 0.9149 0.1903
vn 0.3864 0.9149 0.1172
vn -0.2562 0.9149 0.3121
vn -0.1172 0.9149 -0.3864
vn 0.4018 0.9149 -0.0396
vn -0.1172 0.9149 0.3864
vn -0.2562 0.9149 -0.3121
vn 0.3561 0.9149 -0.1903
vn -0.3561 0.9149 -0.1903
vn 0.1172 0.9149 0.3864
vn 0.2562 0.9149 -0.3121
vn -0.4018 0.9149 -0.0396
vn 0.2562 0.9149 0.3121
vn 0.1172 0.9149 -0.3864
vn -0.3864 0.9149 0.1172
vn 0.3561 0.9149 0.1903
vn -0.3121 0.9149 0.2562
vn -0.0396 0.9149 -0.4018
vn -0.0000 1.0000 -0.0000
vn -0.0941 0.9926 0.0772
vn -0.0119 0.9926 -0.1211
vn 0.1211 0.9926 0.0119
vn -0.0574 0.9926 0.1073
vn -0.0574 0.9926 -0.1073
vn 0.1165 0.9926 -0.0353
vn -0.0119 0.9926 0.1211
vn -0.0941 0.9926 -0.0772
vn 0.0119 0.9926 0.1211
vn 0.0941 0.9926 -0.0772
vn -0.1165 0.9926 -0.0353
vn 0.0574 0.9926 0.1073
vn 0.0574 0.9926 -0.1073
vn -0.1211 0.9926 0.0119
vn 0.0941 0.9926 0.0772
vn 0.0119 0.9926 -0.1211
vn -0.1073 0.9926 0.0574
vn 0.1165 0.9926 0.0353
vn -0.0772 0.9926 0.0941
vn -0.0353 0.9926 -0.1165
vn 0.1211 0.9926 -0.0119
vn -0.0353 0.9926 0.1165
vn -0.0772 0.9926 -0.0941
vn 0.1073 0.9926 -0.0574
vn -0.1073 0.9926 -0.0574
vn 0.0353 0.9926 0.1165
vn 0.0772 0.9926 -0.0941
vn -0.1211 0.9926 -0.0119
vn 0.0772 0.9926 0.0941
vn 0.0353 0.9926 -0.1165
vn -0.1165 0.9926 0.0353
vn 0.6224 -0.7596 0.1888
vn -0.5028 -0.7596 0.4126
vn -0.0637 -0.7596 -0.6473
vn 0.5028 -0.7596 0.4126
vn 0.0637 -0.7596 -0.6473
vn -0.6224 -0.7596 0.1888
vn 0.3066 -0.7596 0.5736
vn 0.3066 -0.7596 -0.5736
vn -0.6473 -0.7596 -0.0637
vn 0.0637 -0.7596 0.6473
vn 0.5028 -0.7596 -0.4126
vn -0.5736 -0.7596 -0.3066
vn 0.6224 -0.7596 -0.1888
vn -0.1888 -0.7596 0.6224
vn -0.4126 -0.7596 -0.5028
vn 0.6473 -0.7596 0.0637
vn -0.4126 -0.7596 0.5028
vn -0.1888 -0.7596 -0.6224
vn 0.5736 -0.7596 0.3066
vn -0.5736 -0.7596 0.3066
vn 0.4126 -0.7596 0.5028
vn 0.1888 -0.7596 -0.6224
vn -0.6473 -0.7596 0.0637
vn 0.1888 -0.7596 0.6224
vn 0.4126 -0.7596 -0.5028
vn -0.6224 -0.7596 -0.1888
vn 0.5736 -0.7596 -0.3066
vn -0.0637 -0.7596 0.6473
vn -0.5028 -0.7596 -0.4126
vn 0.6473 -0.7596 -0.0637
vn -0.3066 -0.7596 0.5736
vn -0.3066 -0.7596 -0.5736
vn 0.0666 -0.9963 0.0547
vn 0.0102 -0.9999 -0.0084
vn -0.0126 -0.9999 -0.0038
vn 0.0062 -0.9999 0.0116
vn 0.0062 -0.9999 -0.0116
vn -0.0131 -0.9999 0.0013
vn 0.0102 -0.9999 0.0084
vn -0.0116 -0.9999 0.0062
vn 0.0013 -0.9999 -0.0131
vn 0.0126 -0.9999 0.0038
vn -0.0084 -0.9999 0.0102
vn -0.0038 -0.9999 -0.0126
vn 0.0131 -0.9999 -0.0013
vn 0.0013 -0.9999 0.0131
vn -0.0084 -0.9999 -0.0102
vn -0.0038 -0.9999 0.0126
vn 0.0116 -0.9999 -0.0062
vn -0.0116 -0.9999 -0.0062
vn 0.0038 -0.9999 0.0126
vn 0.0084 -0.9999 -0.0102
vn -0.0131 -0.9999 -0.0013
vn 0.0084 -0.9999 0.0102
vn 0.0038 -0.9999 -0.0126
vn -0.0126 -0.9999 0.0038
vn 0.0116 -0.9999 0.0062
vn -0.0102 -0.9999 0.0084
vn -0.0013 -0.9999 -0.0131
vn 0.0131 -0.9999 0.0013
vn -0.0062 -0.9999 0.0116
vn -0.0062 -0.9999 -0.0116
vn 0.0126 -0.9999 -0.0038
vn -0.0102 -0.9999 -0.0084
vn 0.0124 -0.9997 0.0232
vn 0.0084 -0.9963 -0.0857
vn -0.0760 -0.9963 0.0406
vn 0.0824 -0.9963 0.0250
vn -0.0547 -0.9963 0.0666
vn -0.0250 -0.9963 -0.0824
vn 0.0857 -0.9963 -0.0084
vn -0.0250 -0.9963 0.0824
vn -0.0547 -0.9963 -0.0666
vn 0.0760 -0.9963 -0.0406
vn -0.0760 -0.9963 -0.0406
vn 0.0250 -0.9963 0.0824
vn 0.0547 -0.9963 -0.0666
vn -0.0857 -0.9963 -0.0084
vn 0.0547 -0.9963 0.0666
vn 0.0250 -0.9963 -0.0824
vn -0.0824 -0.9963 0.0250
vn 0.0760 -0.9963 0.0406
vn -0.0666 -0.9963 0.0547
vn -0.0084 -0.9963 -0.0857
vn 0.0857 -0.9963 0.0084
vn -0.0406 -0.9963 0.0760
vn -0.0406 -0.9963 -0.0760
vn 0.0824 -0.9963 -0.0250
vn -0.0084 -0.9963 0.0857
vn -0.0666 -0.9963 -0.0546
vn 0.0084 -0.9963 0.0857
vn 0.0666 -0.9963 -0.0546
vn -0.0824 -0.9963 -0.0250
vn 0.0406 -0.9963 0.0760
vn 0.0406 -0.9963 -0.0760
vn -0.0857 -0.9963 0.0084
vn -0.0000 -1.0000 -0.0000
vn 0.0124 -0.9997 -0.0232
vn -0.0262 -0.9997 0.0026
vn 0.0203 -0.9997 0.0167
vn 0.0026 -0.9997 -0.0262
vn -0.0232 -0.9997 0.0124
vn 0.0252 -0.9997 0.0076
vn -0.0167 -0.9997 0.0203
vn -0.0076 -0.9997 -0.0252
vn 0.0262 -0.9997 -0.0026
vn -0.0076 -0.9997 0.0252
vn -0.0167 -0.9997 -0.0203
vn 0.0232 -0.9997 -0.0124
vn -0.0232 -0.9997 -0.0124
vn 0.0076 -0.9997 0.0252
vn 0.0167 -0.9997 -0.0203
vn -0.0262 -0.9997 -0.0026
vn 0.0167 -0.9997 0.0203
vn 0.0076 -0.9997 -0.0252
vn -0.0252 -0.9997 0.0076
vn 0.0232 -0.9997 0.0124
vn -0.0203 -0.9997 0.0167
vn -0.0026 -0.9997 -0.0262
vn 0.0262 -0.9997 0.0026
vn -0.0124 -0.9997 0.0232
vn -0.0124 -0.9997 -0.0232
vn 0.0252 -0.9997 -0.0076
vn -0.0026 -0.9997 0.0262
vn -0.0203 -0.9997 -0.0167
vn 0.0026 -0.9997 0.0262
vn 0.0203 -0.9997 -0.0167
vn -0.0252 -0.9997 -0.0076
vn -0.3898 0.8636 -0.3199
vn -0.0494 0.8636 0.5018
vn 0.4447 0.8636 -0.2377
vn -0.4825 0.8636 -0.1464
vn 0.3199 0.8636 -0.3898
vn 0.1464 0.8636 0.4825
vn -0.5018 0.8636 0.0494
vn 0.1464 0.8636 -0.4825
vn 0.3199 0.8636 0.3898
vn -0.4447 0.8636 0.2377
vn 0.4447 0.8636 0.2377
vn -0.1464 0.8636 -0.4825
vn -0.3199 0.8636 0.3898
vn 0.5018 0.8636 0.0494
vn -0.3199 0.8636 -0.3898
vn -0.1464 0.8636 0.4825
vn 0.4825 0.8636 -0.1464
vn -0.4447 0.8636 -0.2377
vn 0.3898 0.8636 -0.3199
vn 0.0494 0.8636 0.5018
vn -0.5018 0.8636 -0.0494
vn 0.2377 0.8636 -0.4447
vn 0.2377 0.8636 0.4447
vn -0.4825 0.8636 0.1464
vn 0.0494 0.8636 -0.5018
vn 0.3898 0.8636 0.3199
vn -0.0494 0.8636 -0.5018
vn -0.3898 0.8636 0.3199
vn 0.4825 0.8636 0.1464
vn -0.2377 0.8636 -0.4447
vn -0.2377 0.8636 0.4447
vn 0.5018 0.8636 -0.0494
vn 0.2493 0.9681 -0.0246
vn -0.1181 0.9681 0.2209
vn -0.1181 0.9681 -0.2209
vn 0.2397 0.9681 0.0727
vn -0.1936 0.9681 0.1589
vn -0.0246 0.9681 -0.2493
vn 0.1936 0.9681 0.1589
vn 0.0246 0.9681 -0.2493
vn -0.2397 0.9681 0.0727
vn 0.1181 0.9681 0.2209
vn 0.1181 0.9681 -0.2209
vn -0.2493 0.9681 -0.0246
vn 0.0246 0.9681 0.2493
vn 0.1936 0.9681 -0.1589
vn -0.2209 0.9681 -0.1181
vn 0.2397 0.9681 -0.0727
vn -0.0727 0.9681 0.2397
vn -0.1589 0.9681 -0.1936
vn 0.2493 0.9681 0.0246
vn -0.1589 0.9681 0.1936
vn -0.0727 0.9681 -0.2397
vn 0.2209 0.9681 0.1181
vn -0.2209 0.9681 0.1181
vn 0.1589 0.9681 0.1936
vn 0.0727 0.9681 -0.2397
vn -0.2493 0.9681 0.0246
vn 0.0727 0.9681 0.2397
vn 0.1589 0.9681 -0.1936
vn -0.2397 0.9681 -0.0727
vn 0.2209 0.9681 -0.1181
vn -0.0246 0.9681 0.2493
vn -0.1936 0.9681 -0.1589
vn 0.3026 -0.9393 -0.1617
vn -0.0336 -0.9393 0.3414
vn -0.2652 -0.9393 -0.2177
vn 0.3414 -0.9393 -0.0336
vn -0.1617 -0.9393 0.3026
vn -0.1617 -0.9393 -0.3026
vn 0.3283 -0.9393 0.0996
vn -0.2652 -0.9393 0.2177
vn -0.0336 -0.9393 -0.3414
vn 0.2652 -0.9393 0.2177
vn 0.0336 -0.9393 -0.3414
vn -0.3283 -0.9393 0.0996
vn 0.1617 -0.9393 0.3026
vn 0.1617 -0.9393 -0.3026
vn -0.3414 -0.9393 -0.0336
vn 0.0336 -0.9393 0.3414
vn 0.2652 -0.9393 -0.2177
vn -0.3026 -0.9393 -0.1617
vn 0.3283 -0.9393 -0.0996
vn -0.0996 -0.9393 0.3283
vn -0.2177 -0.9393 -0.2652
vn 0.3414 -0.9393 0.0336
vn -0.2177 -0.9393 0.2652
vn -0.0996 -0.9393 -0.3283
vn 0.3026 -0.9393 0.1617
vn -0.3026 -0.9393 0.1617
vn 0.2177 -0.9393 0.2652
vn 0.0996 -0.9393 -0.3283
vn -0.3414 -0.9393 0.0336
vn 0.0996 -0.9393 0.3283
vn 0.2177 -0.9393 -0.2652
vn -0.3283 -0.9393 -0.0996
vn 0.0398 0.9139 -0.4039
vn 0.0892 0.4153 -0.9053
vn 0.1178 0.9139 -0.3884
vn 0.2641 0.4153 -0.8705
vn 0.1913 0.9139 -0.3579
vn 0.4288 0.4153 -0.8023
vn 0.2575 0.9139 -0.3137
vn 0.5771 0.4153 -0.7032
vn 0.3137 0.9139 -0.2575
vn 0.7032 0.4153 -0.5771
vn 0.3579 0.9139 -0.1913
vn 0.8023 0.4153 -0.4288
vn 0.3884 0.9139 -0.1178
vn 0.8705 0.4153 -0.2641
vn 0.4039 0.9139 -0.0398
vn 0.9053 0.4153 -0.0892
vn 0.4039 0.9139 0.0398
vn 0.9053 0.4153 0.0892
vn 0.3884 0.9139 0.1178
vn 0.8705 0.4153 0.2641
vn 0.3579 0.9139 0.1913
vn 0.8023 0.4153 0.4288
vn 0.3137 0.9139 0.2575
vn 0.7032 0.4153 0.5771
vn 0.2575 0.9139 0.3137
vn 0.5771 0.4153 0.7032
vn 0.1913 0.9139 0.3579
vn 0.4288 0.4153 0.8023
vn 0.1178 0.9139 0.3884
vn 0.2641 0.4153 0.8705
vn 0.0398 0.9139 0.4039
vn 0.0892 0.4153 0.9053
vn -0.0398 0.9139 0.4039
vn -0.0892 0.4153 0.9053
vn -0.1178 0.9139 0.3884
vn -0.2641 0.4153 0.8705
vn -0.1913 0.9139 0.3579
vn -0.4288 0.4153 0.8023
vn -0.2575 0.9139 0.3137
vn -0.5771 0.4153 0.7032
vn -0.3137 0.9139 0.2575
vn -0.7032 0.4153 0.5771
vn -0.3579 0.9139 0.1913
vn -0.8023 0.4153 0.4288
vn -0.3884 0.9139 0.1178
vn -0.8705 0.4153 0.2641
vn -0.4039 0.9139 0.0398
vn -0.9053 0.4153 0.0892
vn -0.4039 0.9139 -0.0398
vn -0.9053 0.4153 -0.0892
vn -0.3884 0.9139 -0.1178
vn -0.8705 0.4153 -0.2641
vn -0.3579 0.9139 -0.1913
vn -0.8023 0.4153 -0.4288
vn -0.3137 0.9139 -0.2575
vn -0.7032 0.4153 -0.5771
vn -0.2575 0.9139 -0.3137
vn -0.5771 0.4153 -0.7032
vn -0.1913 0.9139 -0.3579
vn -0.4288 0.4153 -0.8023
vn -0.1178 0.9139 -0.3884
vn -0.2641 0.4153 -0.8705
vn -0.0398 0.9139 -0.4039
vn -0.0892 0.4153 -0.9053
vn 0.0884 -0.4323 -0.8974
vn 0.0325 -0.9433 -0.3303
vn 0.2618 -0.4323 -0.8629
vn 0.0963 -0.9433 -0.3176
vn 0.4251 -0.4323 -0.7952
vn 0.1565 -0.9433 -0.2927
vn 0.5720 -0.4323 -0.6970
vn 0.2106 -0.9433 -0.2566
vn 0.6970 -0.4323 -0.5720
vn 0.2566 -0.9433 -0.2106
vn 0.7952 -0.4323 -0.4251
vn 0.2927 -0.9433 -0.1565
vn 0.8629 -0.4323 -0.2618
vn 0.3176 -0.9433 -0.0963
vn 0.8974 -0.4323 -0.0884
vn 0.3303 -0.9433 -0.0325
vn 0.8974 -0.4323 0.0884
vn 0.3303 -0.9433 0.0325
vn 0.8629 -0.4323 0.2618
vn 0.3176 -0.9433 0.0963
vn 0.7952 -0.4323 0.4251
vn 0.2927 -0.9433 0.1565
vn 0.6970 -0.4323 0.5720
vn 0.2566 -0.9433 0.2105
vn 0.5720 -0.4323 0.6970
vn 0.2106 -0.9433 0.2566
vn 0.4251 -0.4323 0.7952
vn 0.1565 -0.9433 0.2927
vn 0.2618 -0.4323 0.8629
vn 0.0963 -0.9433 0.3176
vn 0.0884 -0.4323 0.8974
vn 0.0325 -0.9433 0.3303
vn -0.0884 -0.4323 0.8974
vn -0.0325 -0.9433 0.3303
vn -0.2618 -0.4323 0.8629
vn -0.0963 -0.9433 0.3176
vn -0.4251 -0.4323 0.7952
vn -0.1565 -0.9433 0.2927
vn -0.5720 -0.4323 0.6970
vn -0.2105 -0.9433 0.2566
vn -0.6970 -0.4323 0.5720
vn -0.2566 -0.9433 0.2106
vn -0.7952 -0.4323 0.4251
vn -0.2927 -0.9433 0.1565
vn -0.8629 -0.4324 0.2618
vn -0.3176 -0.9433 0.0963
vn -0.8974 -0.4323 0.0884
vn -0.3303 -0.9433 0.0325
vn -0.8974 -0.4323 -0.0884
vn -0.3303 -0.9433 -0.0325
vn -0.8629 -0.4323 -0.2618
vn -0.3176 -0.9433 -0.0963
vn -0.7952 -0.4323 -0.4251
vn -0.2927 -0.9433 -0.1565
vn -0.6970 -0.4323 -0.5720
vn -0.2566 -0.9433 -0.2106
vn -0.5720 -0.4323 -0.6970
vn -0.2105 -0.9433 -0.2566
vn -0.4251 -0.4323 -0.7952
vn -0.1565 -0.9433 -0.2927
vn -0.2618 -0.4323 -0.8629
vn -0.0963 -0.9433 -0.3176
vn -0.0884 -0.4323 -0.8974
vn -0.0325 -0.9433 -0.3303
vn 0.0980 -0.0007 -0.9952
vn -0.0763 -0.9971 0.0075
vn 0.0361 -0.9971 -0.0676
vn 0.0361 -0.9971 0.0676
vn -0.0734 -0.9971 -0.0223
vn 0.0593 -0.9971 -0.0486
vn 0.0075 -0.9971 0.0763
vn -0.0593 -0.9971 -0.0486
vn -0.0075 -0.9971 0.0763
vn 0.0734 -0.9971 -0.0223
vn -0.0361 -0.9971 -0.0676
vn -0.0361 -0.9971 0.0676
vn 0.0763 -0.9971 0.0075
vn -0.0075 -0.9971 -0.0763
vn -0.0593 -0.9971 0.0486
vn 0.0676 -0.9971 0.0361
vn -0.0734 -0.9971 0.0223
vn 0.0223 -0.9971 -0.0734
vn 0.0486 -0.9971 0.0593
vn -0.0763 -0.9971 -0.0075
vn 0.0486 -0.9971 -0.0593
vn 0.0223 -0.9971 0.0734
vn -0.0676 -0.9971 -0.0361
vn 0.0676 -0.9971 -0.0361
vn -0.0486 -0.9971 -0.0593
vn -0.0223 -0.9971 0.0734
vn 0.0763 -0.9971 -0.0075
vn -0.0223 -0.9971 -0.0734
vn -0.0486 -0.9971 0.0593
vn 0.0734 -0.9971 0.0223
vn -0.0676 -0.9971 0.0361
vn 0.0075 -0.9971 -0.0763
vn 0.0593 -0.9971 0.0486
vn 0.0979 0.0439 -0.9942
vn 0.0980 0.0081 -0.9952
vn -0.0000 0.0257 -0.9997
vn 0.1950 0.0257 -0.9805
vn 0.2900 0.0439 -0.9560
vn 0.2903 0.0081 -0.9569
vn 0.3826 0.0257 -0.9236
vn 0.4709 0.0439 -0.8811
vn 0.4714 0.0081 -0.8819
vn 0.5554 0.0257 -0.8312
vn 0.6338 0.0439 -0.7723
vn 0.6344 0.0081 -0.7730
vn 0.7069 0.0257 -0.7069
vn 0.7723 0.0439 -0.6338
vn 0.7730 0.0081 -0.6344
vn 0.8312 0.0257 -0.5554
vn 0.8811 0.0439 -0.4709
vn 0.8819 0.0081 -0.4714
vn 0.9236 0.0257 -0.3826
vn 0.9560 0.0439 -0.2900
vn 0.9569 0.0081 -0.2903
vn 0.9805 0.0257 -0.1950
vn 0.9942 0.0439 -0.0979
vn 0.9952 0.0081 -0.0980
vn 0.9997 0.0257 -0.0000
vn 0.9942 0.0439 0.0979
vn 0.9952 0.0081 0.0980
vn 0.9805 0.0257 0.1950
vn 0.9560 0.0439 0.2900
vn 0.9569 0.0081 0.2903
vn 0.9236 0.0257 0.3826
vn 0.8811 0.0439 0.4709
vn 0.8819 0.0081 0.4714
vn 0.8312 0.0257 0.5554
vn 0.7723 0.0439 0.6338
vn 0.7730 0.0081 0.6344
vn 0.7069 0.0257 0.7069
vn 0.6338 0.0439 0.7723
vn 0.6344 0.0081 0.7730
vn 0.5554 0.0257 0.8312
vn 0.4709 0.0439 0.8811
vn 0.4714 0.0081 0.8819
vn 0.3825 0.0257 0.9236
vn 0.2900 0.0439 0.9560
vn 0.2903 0.0081 0.9569
vn 0.1950 0.0257 0.9805
vn 0.0979 0.0439 0.9942
vn 0.0980 0.0081 0.9952
vn -0.0000 0.0257 0.9997
vn -0.0979 0.0439 0.9942
vn -0.0980 0.0081 0.9952
vn -0.1950 0.0257 0.9805
vn -0.2900 0.0439 0.9560
vn -0.2903 0.0081 0.9569
vn -0.3826 0.0257 0.9236
vn -0.4709 0.0439 0.8811
vn -0.4714 0.0081 0.8819
vn -0.5554 0.0257 0.8312
vn -0.6338 0.0439 0.7723
vn -0.6344 0.0081 0.7730
vn -0.7069 0.0257 0.7069
vn -0.7723 0.0439 0.6338
vn -0.7730 0.0081 0.6344
vn -0.8312 0.0257 0.5554
vn -0.8811 0.0439 0.4709
vn -0.8819 0.0081 0.4714
vn -0.9236 0.0257 0.3825
vn -0.9560 0.0439 0.2900
vn -0.9569 0.0081 0.2903
vn -0.9805 0.0257 0.1950
vn -0.9942 0.0439 0.0979
vn -0.9952 0.0081 0.0980
vn -0.9997 0.0257 -0.0000
vn -0.9942 0.0439 -0.0979
vn -0.9952 0.0081 -0.0980
vn -0.9805 0.0257 -0.1950
vn -0.9560 0.0439 -0.2900
vn -0.9569 0.0081 -0.2903
vn -0.9236 0.0257 -0.3826
vn -0.8811 0.0439 -0.4710
vn -0.8819 0.0081 -0.4714
vn -0.8312 0.0257 -0.5554
vn -0.7723 0.0439 -0.6338
vn -0.7730 0.0081 -0.6344
vn -0.7069 0.0257 -0.7069
vn -0.6338 0.0439 -0.7723
vn -0.6344 0.0081 -0.7730
vn -0.5554 0.0257 -0.8312
vn -0.4709 0.0439 -0.8811
vn -0.4714 0.0081 -0.8819
vn -0.3825 0.0257 -0.9236
vn -0.2900 0.0439 -0.9560
vn -0.2903 0.0081 -0.9569
vn -0.1950 0.0257 -0.9805
vn -0.0979 0.0439 -0.9942
vn -0.0980 0.0081 -0.9952
vn 0.0871 0.4583 -0.8845
vn 0.2580 0.4583 -0.8505
vn 0.4190 0.4583 -0.7838
vn 0.5638 0.4583 -0.6870
vn 0.6870 0.4583 -0.5638
vn 0.7838 0.4583 -0.4190
vn 0.8505 0.4583 -0.2580
vn 0.8845 0.4583 -0.0871
vn 0.8845 0.4583 0.0871
vn 0.8505 0.4583 0.2580
vn 0.7838 0.4583 0.4190
vn 0.6870 0.4583 0.5638
vn 0.5638 0.4583 0.6870
vn 0.4190 0.4583 0.7838
vn 0.2580 0.4583 0.8505
vn 0.0871 0.4583 0.8845
vn -0.0871 0.4583 0.8845
vn -0.2580 0.4583 0.8505
vn -0.4190 0.4583 0.7838
vn -0.5638 0.4583 0.6870
vn -0.6870 0.4583 0.5638
vn -0.7838 0.4583 0.4190
vn -0.8505 0.4583 0.2580
vn -0.8845 0.4583 0.0871
vn -0.8845 0.4583 -0.0871
vn -0.8505 0.4583 -0.2580
vn -0.7838 0.4583 -0.4190
vn -0.6870 0.4583 -0.5638
vn -0.5638 0.4583 -0.6870
vn -0.4190 0.4583 -0.7838
vn -0.2580 0.4583 -0.8505
vn -0.0871 0.4583 -0.8845
vn -0.5507 0.1315 -0.8243
vn -0.3537 0.3815 -0.8540
vn -0.3793 0.1315 0.9159
vn -0.5136 0.3815 0.7686
vn -0.0000 0.1315 -0.9913
vn 0.1803 0.3815 -0.9066
vn 0.9723 0.1315 -0.1934
vn 0.9244 0.3815 -0.0000
vn -0.8243 0.1315 0.5508
vn -0.8540 0.3815 0.3537
vn 0.9159 0.1315 0.3793
vn 0.7686 0.3815 0.5136
vn -0.9913 0.1315 -0.0000
vn -0.9066 0.3815 -0.1803
vn 0.3793 0.1315 -0.9159
vn 0.5136 0.3815 -0.7686
vn 0.5507 0.1315 0.8243
vn 0.3537 0.3815 0.8540
vn -0.8243 0.1315 -0.5508
vn -0.6536 0.3815 -0.6536
vn -0.0000 0.1315 0.9913
vn -0.1803 0.3815 0.9066
vn 0.8242 0.1315 -0.5508
vn 0.8540 0.3815 -0.3537
vn -0.1803 0.3815 -0.9066
vn -0.6536 0.3815 0.6536
vn 0.9066 0.3815 0.1803
vn -0.9066 0.3815 0.1803
vn 0.6536 0.3815 0.6536
vn -0.8540 0.3815 -0.3537
vn 0.6536 0.3815 -0.6536
vn 0.1803 0.3815 0.9066
vn 0.0582 0.8046 -0.5910
vn 0.1724 0.8046 -0.5683
vn 0.2799 0.8046 -0.5237
vn 0.3767 0.8046 -0.4590
vn 0.4590 0.8046 -0.3767
vn 0.5237 0.8046 -0.2799
vn 0.5683 0.8046 -0.1724
vn 0.5910 0.8046 -0.0582
vn 0.5910 0.8046 0.0582
vn 0.5683 0.8046 0.1724
vn 0.5237 0.8046 0.2799
vn 0.4590 0.8046 0.3767
vn 0.3767 0.8046 0.4590
vn 0.2799 0.8046 0.5237
vn 0.1724 0.8046 0.5683
vn 0.0582 0.8046 0.5910
vn -0.0582 0.8046 0.5910
vn -0.1724 0.8046 0.5683
vn -0.2799 0.8046 0.5237
vn -0.3767 0.8046 0.4590
vn -0.4590 0.8046 0.3767
vn -0.5237 0.8046 0.2799
vn -0.5683 0.8046 0.1724
vn -0.5910 0.8046 0.0582
vn -0.5910 0.8046 -0.0582
vn -0.5683 0.8046 -0.1724
vn -0.5237 0.8046 -0.2799
vn -0.4590 0.8046 -0.3767
vn -0.3767 0.8046 -0.4590
vn -0.2799 0.8046 -0.5237
vn -0.1724 0.8046 -0.5683
vn -0.0582 0.8046 -0.5910
vn -0.8282 0.5356 -0.1647
vn -0.6339 0.7275 -0.2626
vn 0.4692 0.5356 -0.7021
vn 0.4851 0.7275 -0.4851
vn 0.3232 0.5356 0.7802
vn 0.1338 0.7275 0.6729
vn -0.8282 0.5356 0.1647
vn -0.6861 0.7275 -0.0000
vn 0.1647 0.5356 -0.8282
vn 0.2626 0.7275 -0.6339
vn 0.5971 0.5356 0.5971
vn 0.3812 0.7275 0.5705
vn -0.7021 0.5356 0.4692
vn -0.6339 0.7275 0.2626
vn 0.7802 0.5356 0.3232
vn 0.5705 0.7275 0.3812
vn -0.3232 0.5356 -0.7802
vn -0.1338 0.7275 -0.6729
vn -0.4692 0.5356 0.7021
vn -0.4851 0.7275 0.4851
vn 0.8445 0.5356 -0.0000
vn 0.6729 0.7275 0.1338
vn -0.5971 0.5356 -0.5971
vn -0.3812 0.7275 -0.5705
vn -0.1647 0.5356 0.8282
vn -0.2626 0.7275 0.6339
vn 0.7802 0.5356 -0.3232
vn 0.6729 0.7275 -0.1338
vn -0.5705 0.7275 -0.3812
vn 0.5705 0.7275 -0.3812
vn -0.0000 0.7275 0.6861
vn -0.0000 0.5356 -0.8445
vn -0.4192 0.8636 -0.2801
vn -0.0000 0.8636 0.5042
vn 0.4192 0.8636 -0.2801
vn -0.4945 0.8636 -0.0984
vn 0.2801 0.8636 -0.4192
vn 0.1930 0.8636 0.4658
vn -0.4945 0.8636 0.0984
vn 0.0984 0.8636 -0.4945
vn 0.3565 0.8636 0.3565
vn -0.4192 0.8636 0.2801
vn 0.4658 0.8636 0.1930
vn -0.1930 0.8636 -0.4658
vn -0.2801 0.8636 0.4192
vn 0.5042 0.8636 -0.0000
vn -0.0000 0.8636 -0.5042
vn -0.2083 0.9681 -0.1392
vn -0.2619 0.9289 -0.2619
vn -0.0000 0.9681 0.2505
vn -0.0723 0.9289 0.3633
vn 0.2083 0.9681 -0.1392
vn 0.3422 0.9289 -0.1417
vn -0.2457 0.9681 -0.0489
vn -0.3422 0.9289 -0.1417
vn 0.1392 0.9681 -0.2083
vn 0.2619 0.9289 -0.2619
vn 0.0959 0.9681 0.2314
vn 0.0723 0.9289 0.3633
vn -0.2457 0.9681 0.0489
vn -0.3704 0.9289 -0.0000
vn 0.0489 0.9681 -0.2457
vn 0.1417 0.9289 -0.3422
vn 0.1771 0.9681 0.1771
vn 0.2058 0.9289 0.3080
vn -0.2083 0.9681 0.1392
vn -0.3422 0.9289 0.1417
vn 0.2314 0.9681 0.0959
vn 0.3080 0.9289 0.2058
vn -0.0959 0.9681 -0.2314
vn -0.0723 0.9289 -0.3633
vn -0.1392 0.9681 0.2083
vn -0.2619 0.9289 0.2619
vn 0.2505 0.9681 -0.0000
vn 0.3633 0.9289 0.0723
vn -0.2058 0.9289 -0.3080
vn -0.1417 0.9289 0.3422
vn 0.3633 0.9289 -0.0723
vn -0.0000 0.9681 -0.2505
vn 0.2988 0.9539 -0.0294
vn -0.1415 0.9539 0.2648
vn -0.1415 0.9539 -0.2648
vn 0.2873 0.9539 0.0872
vn -0.2321 0.9539 0.1905
vn -0.0294 0.9539 -0.2988
vn 0.2321 0.9539 0.1905
vn 0.0294 0.9539 -0.2988
vn -0.2873 0.9539 0.0872
vn 0.1415 0.9539 0.2648
vn 0.1415 0.9539 -0.2648
vn -0.2988 0.9539 -0.0294
vn 0.0294 0.9539 0.2988
vn 0.2321 0.9539 -0.1905
vn -0.2648 0.9539 -0.1415
vn 0.2873 0.9539 -0.0872
vn -0.0872 0.9539 0.2873
vn -0.1905 0.9539 -0.2321
vn 0.2988 0.9539 0.0294
vn -0.1905 0.9539 0.2321
vn -0.0872 0.9539 -0.2873
vn 0.2648 0.9539 0.1415
vn -0.2648 0.9539 0.1415
vn 0.1905 0.9539 0.2321
vn 0.0872 0.9539 -0.2873
vn -0.2988 0.9539 0.0294
vn 0.0872 0.9539 0.2873
vn 0.1905 0.9539 -0.2321
vn -0.2873 0.9539 -0.0872
vn 0.2648 0.9539 -0.1415
vn -0.0294 0.9539 0.2988
vn -0.2321 0.9539 -0.1905
vn -0.6729 0.7275 -0.1338
vn -0.7802 0.5356 -0.3232
vn 0.3812 0.7275 -0.5705
vn 0.5971 0.5356 -0.5971
vn 0.2626 0.7275 0.6339
vn 0.1647 0.5356 0.8282
vn -0.6729 0.7275 0.1338
vn -0.8445 0.5356 -0.0000
vn 0.1338 0.7275 -0.6729
vn 0.3232 0.5356 -0.7802
vn 0.4851 0.7275 0.4851
vn 0.4692 0.5356 0.7021
vn -0.5705 0.7275 0.3812
vn -0.7802 0.5356 0.3232
vn 0.6339 0.7275 0.2626
vn 0.7021 0.5356 0.4692
vn -0.2626 0.7275 -0.6339
vn -0.1647 0.5356 -0.8282
vn -0.3812 0.7275 0.5705
vn -0.5971 0.5356 0.5971
vn 0.6861 0.7275 -0.0000
vn 0.8282 0.5356 0.1647
vn -0.4851 0.7275 -0.4851
vn -0.4692 0.5356 -0.7021
vn -0.1338 0.7275 0.6729
vn -0.3232 0.5356 0.7802
vn 0.6339 0.7275 -0.2626
vn 0.8282 0.5356 -0.1647
vn -0.7021 0.5356 -0.4692
vn 0.7021 0.5356 -0.4692
vn -0.0000 0.5356 0.8445
vn -0.0000 0.7275 -0.6861
vn 0.6811 0.6353 -0.3640
vn -0.0757 0.6353 0.7685
vn -0.5970 0.6353 -0.4899
vn 0.7685 0.6353 -0.0757
vn -0.3640 0.6353 0.6811
vn -0.3640 0.6353 -0.6811
vn 0.7390 0.6353 0.2242
vn -0.5970 0.6353 0.4899
vn -0.0757 0.6353 -0.7685
vn 0.5970 0.6353 0.4899
vn 0.0757 0.6353 -0.7685
vn -0.7390 0.6353 0.2242
vn 0.3640 0.6353 0.6811
vn 0.3640 0.6353 -0.6811
vn -0.7685 0.6353 -0.0757
vn 0.0757 0.6353 0.7685
vn 0.5970 0.6353 -0.4899
vn -0.6811 0.6353 -0.3640
vn 0.7390 0.6353 -0.2242
vn -0.2242 0.6353 0.7390
vn -0.4899 0.6353 -0.5970
vn 0.7685 0.6353 0.0757
vn -0.4899 0.6353 0.5970
vn -0.2242 0.6353 -0.7390
vn 0.6811 0.6353 0.3640
vn -0.6811 0.6353 0.3640
vn 0.4899 0.6353 0.5970
vn 0.2242 0.6353 -0.7390
vn -0.7685 0.6353 0.0757
vn 0.2242 0.6353 0.7390
vn 0.4899 0.6353 -0.5970
vn -0.7390 0.6353 -0.2242
vn -0.5136 0.3815 -0.7686
vn -0.3794 0.1315 -0.9159
vn -0.3537 0.3815 0.8540
vn -0.5508 0.1315 0.8242
vn -0.0000 0.3815 -0.9244
vn 0.1934 0.1315 -0.9723
vn 0.9066 0.3815 -0.1803
vn 0.9913 0.1315 -0.0000
vn -0.7686 0.3815 0.5136
vn -0.9159 0.1315 0.3793
vn 0.8540 0.3815 0.3537
vn 0.8242 0.1315 0.5508
vn -0.9244 0.3815 -0.0000
vn -0.9723 0.1315 -0.1934
vn 0.3537 0.3815 -0.8540
vn 0.5508 0.1315 -0.8242
vn 0.5136 0.3815 0.7686
vn 0.3793 0.1315 0.9159
vn -0.7686 0.3815 -0.5136
vn -0.7010 0.1315 -0.7010
vn -0.0000 0.3815 0.9244
vn -0.1934 0.1315 0.9723
vn 0.7686 0.3815 -0.5136
vn 0.9159 0.1315 -0.3793
vn -0.1934 0.1315 -0.9723
vn -0.7010 0.1315 0.7010
vn 0.9723 0.1315 0.1934
vn -0.9723 0.1315 0.1934
vn 0.7010 0.1315 0.7010
vn -0.9159 0.1315 -0.3794
vn 0.7010 0.1315 -0.7010
vn 0.1934 0.1315 0.9723
vn 0.0944 0.2707 0.9580
vn 0.7441 0.2707 -0.6107
vn -0.8490 0.2707 -0.4538
vn 0.6107 0.2707 0.7441
vn 0.2794 0.2707 -0.9212
vn -0.9580 0.2707 0.0944
vn 0.9212 0.2707 0.2794
vn -0.7441 0.2707 0.6107
vn -0.0944 0.2707 -0.9580
vn 0.9212 0.2707 -0.2794
vn -0.2794 0.2707 0.9212
vn -0.6107 0.2707 -0.7441
vn 0.2794 0.2707 0.9212
vn 0.6107 0.2707 -0.7441
vn -0.9212 0.2707 -0.2794
vn 0.7441 0.2707 0.6107
vn -0.9212 0.2707 0.2794
vn 0.9580 0.2707 0.0944
vn -0.6107 0.2707 0.7441
vn -0.2794 0.2707 -0.9212
vn 0.8490 0.2707 -0.4538
vn -0.0944 0.2707 0.9580
vn -0.7441 0.2707 -0.6107
vn 0.4538 0.2707 0.8490
vn 0.4538 0.2707 -0.8490
vn -0.9580 0.2707 -0.0944
vn 0.8490 0.2707 0.4538
vn -0.8490 0.2707 0.4538
vn 0.9580 0.2707 -0.0944
vn 0.0944 0.2707 -0.9580
vn -0.4538 0.2707 0.8490
vn -0.4538 0.2707 -0.8490
vn 0.0979 -0.0530 -0.9938
vn 0.2899 -0.0530 -0.9556
vn 0.4707 -0.0530 -0.8807
vn 0.6335 -0.0530 -0.7719
vn 0.7719 -0.0530 -0.6335
vn 0.8807 -0.0530 -0.4707
vn 0.9556 -0.0530 -0.2899
vn 0.9938 -0.0530 -0.0979
vn 0.9938 -0.0530 0.0979
vn 0.9556 -0.0530 0.2899
vn 0.8807 -0.0530 0.4707
vn 0.7719 -0.0530 0.6335
vn 0.6335 -0.0530 0.7719
vn 0.4707 -0.0530 0.8807
vn 0.2899 -0.0530 0.9556
vn 0.0979 -0.0530 0.9938
vn -0.0979 -0.0530 0.9938
vn -0.2899 -0.0530 0.9556
vn -0.4707 -0.0530 0.8807
vn -0.6335 -0.0530 0.7719
vn -0.7719 -0.0530 0.6335
vn -0.8807 -0.0530 0.4707
vn -0.9556 -0.0530 0.2899
vn -0.9938 -0.0530 0.0979
vn -0.9938 -0.0530 -0.0979
vn -0.9556 -0.0530 -0.2899
vn -0.8807 -0.0530 -0.4707
vn -0.7719 -0.0530 -0.6335
vn -0.6335 -0.0530 -0.7719
vn -0.4707 -0.0530 -0.8807
vn -0.2899 -0.0530 -0.9556
vn -0.0979 -0.0530 -0.9938
vn -0.9238 -0.0169 -0.3826
vn -0.9806 -0.0169 -0.1951
vn 0.7070 -0.0169 -0.7070
vn 0.5555 -0.0169 -0.8313
vn 0.1951 -0.0169 0.9806
vn 0.3826 -0.0169 0.9238
vn -0.5555 -0.0169 -0.8314
vn -0.7070 -0.0169 -0.7070
vn -0.3826 -0.0169 0.9238
vn -0.1951 -0.0169 0.9806
vn 0.9806 -0.0169 -0.1951
vn 0.9238 -0.0169 -0.3826
vn -0.0000 -0.0169 -0.9999
vn -0.1951 -0.0169 -0.9806
vn -0.8314 -0.0169 0.5555
vn -0.7070 -0.0169 0.7070
vn 0.9238 -0.0169 0.3826
vn 0.9806 -0.0169 0.1951
vn -0.9999 -0.0169 -0.0000
vn -0.9806 -0.0169 0.1951
vn 0.3826 -0.0169 -0.9238
vn 0.1951 -0.0169 -0.9806
vn 0.5555 -0.0169 0.8313
vn 0.7070 -0.0169 0.7070
vn -0.8313 -0.0169 -0.5555
vn 0.8313 -0.0169 -0.5555
vn -0.0000 -0.0169 0.9999
vn -0.3826 -0.0169 -0.9238
vn -0.5555 -0.0169 0.8313
vn 0.9999 -0.0169 -0.0000
vn -0.9238 -0.0169 0.3826
vn 0.8313 -0.0169 0.5555
vn 0.0935 -0.3011 -0.9490
vn 0.2768 -0.3011 -0.9125
vn 0.4495 -0.3011 -0.8410
vn 0.6050 -0.3011 -0.7371
vn 0.7371 -0.3011 -0.6050
vn 0.8410 -0.3011 -0.4495
vn 0.9125 -0.3011 -0.2768
vn 0.9490 -0.3011 -0.0935
vn 0.9490 -0.3011 0.0935
vn 0.9125 -0.3011 0.2768
vn 0.8410 -0.3011 0.4495
vn 0.7371 -0.3011 0.6050
vn 0.6050 -0.3011 0.7371
vn 0.4495 -0.3011 0.8410
vn 0.2768 -0.3011 0.9125
vn 0.0935 -0.3011 0.9490
vn -0.0935 -0.3011 0.9490
vn -0.2768 -0.3011 0.9125
vn -0.4495 -0.3011 0.8410
vn -0.6050 -0.3011 0.7371
vn -0.7371 -0.3011 0.6049
vn -0.8410 -0.3011 0.4495
vn -0.9125 -0.3011 0.2768
vn -0.9490 -0.3011 0.0935
vn -0.9490 -0.3011 -0.0935
vn -0.9125 -0.3011 -0.2768
vn -0.8410 -0.3011 -0.4495
vn -0.7371 -0.3011 -0.6050
vn -0.6050 -0.3011 -0.7371
vn -0.4495 -0.3011 -0.8410
vn -0.2768 -0.3011 -0.9125
vn -0.0935 -0.3011 -0.9490
vn -0.5498 -0.1441 -0.8228
vn -0.6997 -0.1441 -0.6997
vn -0.3787 -0.1441 0.9142
vn -0.1931 -0.1441 0.9706
vn 0.9706 -0.1441 -0.1931
vn 0.9142 -0.1441 -0.3787
vn -0.8228 -0.1441 -0.5498
vn -0.9142 -0.1441 -0.3787
vn 0.8228 -0.1441 -0.5498
vn 0.6997 -0.1441 -0.6997
vn -0.0000 -0.1441 0.9896
vn 0.1931 -0.1441 0.9706
vn -0.9706 -0.1441 -0.1931
vn -0.9896 -0.1441 -0.0000
vn 0.5498 -0.1441 -0.8228
vn 0.3787 -0.1441 -0.9142
vn 0.3787 -0.1441 0.9142
vn 0.5498 -0.1441 0.8228
vn -0.9706 -0.1441 0.1931
vn -0.9142 -0.1441 0.3787
vn 0.1931 -0.1441 -0.9706
vn -0.0000 -0.1441 -0.9896
vn 0.6997 -0.1441 0.6997
vn 0.8228 -0.1441 0.5498
vn -0.1931 -0.1441 -0.9706
vn -0.8228 -0.1441 0.5498
vn -0.6997 -0.1441 0.6997
vn 0.9142 -0.1441 0.3787
vn 0.9706 -0.1441 0.1931
vn -0.3787 -0.1441 -0.9142
vn -0.5498 -0.1441 0.8228
vn 0.9896 -0.1441 -0.0000
vn 0.0900 -0.3965 -0.9136
vn 0.2665 -0.3965 -0.8785
vn 0.4328 -0.3965 -0.8096
vn 0.5824 -0.3965 -0.7097
vn 0.7097 -0.3965 -0.5824
vn 0.8096 -0.3965 -0.4328
vn 0.8785 -0.3965 -0.2665
vn 0.9136 -0.3965 -0.0900
vn 0.9136 -0.3965 0.0900
vn 0.8785 -0.3965 0.2665
vn 0.8096 -0.3965 0.4328
vn 0.7097 -0.3965 0.5824
vn 0.5824 -0.3965 0.7097
vn 0.4328 -0.3965 0.8096
vn 0.2665 -0.3965 0.8785
vn 0.0900 -0.3965 0.9136
vn -0.0900 -0.3965 0.9136
vn -0.2665 -0.3965 0.8785
vn -0.4328 -0.3965 0.8096
vn -0.5824 -0.3965 0.7097
vn -0.7097 -0.3965 0.5824
vn -0.8096 -0.3965 0.4328
vn -0.8785 -0.3965 0.2665
vn -0.9136 -0.3965 0.0900
vn -0.9136 -0.3965 -0.0900
vn -0.8785 -0.3965 -0.2665
vn -0.8096 -0.3965 -0.4328
vn -0.7097 -0.3965 -0.5824
vn -0.5824 -0.3965 -0.7097
vn -0.4328 -0.3965 -0.8096
vn -0.2665 -0.3965 -0.8785
vn -0.0900 -0.3965 -0.9136
vn -0.1769 -0.4216 -0.8894
vn -0.3470 -0.4216 -0.8378
vn -0.6412 -0.4216 0.6412
vn -0.5038 -0.4216 0.7540
vn 0.8894 -0.4216 0.1769
vn 0.9068 -0.4216 -0.0000
vn -0.5038 -0.4216 -0.7540
vn -0.6412 -0.4216 -0.6412
vn -0.3470 -0.4216 0.8378
vn -0.1769 -0.4216 0.8894
vn 0.8894 -0.4216 -0.1769
vn 0.8378 -0.4216 -0.3470
vn -0.7540 -0.4216 -0.5038
vn -0.8378 -0.4216 -0.3470
vn 0.7540 -0.4216 -0.5038
vn 0.6412 -0.4216 -0.6412
vn -0.0000 -0.4216 0.9068
vn 0.1769 -0.4216 0.8894
vn -0.8894 -0.4216 -0.1769
vn -0.9068 -0.4216 -0.0000
vn 0.5038 -0.4216 -0.7540
vn 0.3470 -0.4216 -0.8378
vn 0.3470 -0.4216 0.8378
vn 0.5038 -0.4216 0.7540
vn -0.8894 -0.4216 0.1769
vn -0.8378 -0.4216 0.3470
vn 0.1769 -0.4216 -0.8894
vn -0.0000 -0.4216 -0.9068
vn 0.6412 -0.4216 0.6412
vn 0.7540 -0.4216 0.5038
vn -0.7540 -0.4216 0.5038
vn 0.8378 -0.4216 0.3470
vn 0.0737 -0.6590 -0.7486
vn 0.2183 -0.6590 -0.7198
vn 0.3546 -0.6590 -0.6634
vn 0.4772 -0.6590 -0.5814
vn 0.5814 -0.6590 -0.4772
vn 0.6634 -0.6590 -0.3546
vn 0.7198 -0.6590 -0.2183
vn 0.7486 -0.6590 -0.0737
vn 0.7486 -0.6590 0.0737
vn 0.7198 -0.6590 0.2183
vn 0.6634 -0.6590 0.3546
vn 0.5814 -0.6590 0.4772
vn 0.4772 -0.6590 0.5814
vn 0.3546 -0.6590 0.6634
vn 0.2183 -0.6590 0.7198
vn 0.0737 -0.6590 0.7486
vn -0.0737 -0.6590 0.7486
vn -0.2183 -0.6590 0.7198
vn -0.3546 -0.6590 0.6634
vn -0.4772 -0.6590 0.5814
vn -0.5814 -0.6590 0.4772
vn -0.6634 -0.6590 0.3546
vn -0.7198 -0.6590 0.2183
vn -0.7486 -0.6590 0.0737
vn -0.7486 -0.6590 -0.0737
vn -0.7198 -0.6589 -0.2184
vn -0.6634 -0.6590 -0.3546
vn -0.5814 -0.6590 -0.4772
vn -0.4772 -0.6590 -0.5814
vn -0.3546 -0.6590 -0.6634
vn -0.2183 -0.6590 -0.7198
vn -0.0737 -0.6590 -0.7486
vn -0.9464 -0.3229 -0.0000
vn -0.9282 -0.3229 0.1846
vn 0.3622 -0.3229 -0.8744
vn 0.1846 -0.3229 -0.9282
vn 0.5258 -0.3229 0.7869
vn 0.6692 -0.3229 0.6692
vn -0.8744 -0.3229 0.3622
vn -0.7869 -0.3229 0.5258
vn 0.7869 -0.3229 0.5258
vn 0.8744 -0.3229 0.3622
vn -0.1846 -0.3229 -0.9282
vn -0.3622 -0.3229 -0.8744
vn -0.6692 -0.3229 0.6692
vn -0.5258 -0.3229 0.7869
vn 0.9282 -0.3229 0.1846
vn 0.9464 -0.3229 -0.0000
vn -0.5258 -0.3229 -0.7869
vn -0.6692 -0.3229 -0.6692
vn -0.3622 -0.3229 0.8744
vn -0.1846 -0.3229 0.9282
vn 0.9282 -0.3229 -0.1846
vn 0.8744 -0.3229 -0.3622
vn -0.7869 -0.3229 -0.5258
vn -0.8744 -0.3229 -0.3622
vn 0.7869 -0.3229 -0.5258
vn 0.6692 -0.3229 -0.6692
vn -0.0000 -0.3229 0.9464
vn 0.1846 -0.3229 0.9282
vn -0.9282 -0.3229 -0.1846
vn 0.5258 -0.3229 -0.7869
vn 0.3622 -0.3229 0.8744
vn -0.0000 -0.3229 -0.9464
vn 0.0576 -0.8089 -0.5852
vn 0.1707 -0.8089 -0.5627
vn 0.2772 -0.8089 -0.5186
vn 0.3730 -0.8089 -0.4545
vn 0.4545 -0.8089 -0.3730
vn 0.5186 -0.8089 -0.2772
vn 0.5627 -0.8089 -0.1707
vn 0.5852 -0.8089 -0.0576
vn 0.5852 -0.8089 0.0576
vn 0.5627 -0.8089 0.1707
vn 0.5186 -0.8089 0.2772
vn 0.4545 -0.8089 0.3730
vn 0.3730 -0.8089 0.4545
vn 0.2772 -0.8089 0.5186
vn 0.1707 -0.8089 0.5627
vn 0.0576 -0.8089 0.5852
vn -0.0576 -0.8089 0.5852
vn -0.1707 -0.8089 0.5627
vn -0.2772 -0.8089 0.5186
vn -0.3730 -0.8089 0.4545
vn -0.4545 -0.8089 0.3730
vn -0.5186 -0.8089 0.2772
vn -0.5627 -0.8089 0.1707
vn -0.5852 -0.8089 0.0576
vn -0.5852 -0.8089 -0.0576
vn -0.5627 -0.8089 -0.1707
vn -0.5186 -0.8089 -0.2772
vn -0.4545 -0.8089 -0.3730
vn -0.3730 -0.8089 -0.4545
vn -0.2772 -0.8089 -0.5186
vn -0.1707 -0.8089 -0.5627
vn -0.0576 -0.8089 -0.5852
vn -0.3170 -0.9393 -0.1313
vn -0.5227 -0.8461 -0.1040
vn 0.2426 -0.9393 -0.2426
vn 0.2961 -0.8461 -0.4431
vn 0.0669 -0.9393 0.3365
vn 0.2040 -0.8461 0.4924
vn -0.3431 -0.9393 -0.0000
vn -0.5227 -0.8461 0.1040
vn 0.1313 -0.9393 -0.3170
vn 0.1040 -0.8461 -0.5227
vn 0.1906 -0.9393 0.2853
vn 0.3769 -0.8461 0.3769
vn -0.3170 -0.9393 0.1313
vn -0.4431 -0.8461 0.2961
vn 0.2853 -0.9393 0.1906
vn 0.4924 -0.8461 0.2040
vn -0.0669 -0.9393 -0.3365
vn -0.2040 -0.8461 -0.4924
vn -0.2426 -0.9393 0.2426
vn -0.2961 -0.8461 0.4431
vn 0.3365 -0.9393 0.0669
vn 0.5330 -0.8461 -0.0000
vn -0.1906 -0.9393 -0.2853
vn -0.3769 -0.8461 -0.3769
vn -0.1313 -0.9393 0.3170
vn -0.1040 -0.8461 0.5227
vn 0.3365 -0.9393 -0.0669
vn 0.4924 -0.8461 -0.2040
vn -0.2853 -0.9393 -0.1906
vn 0.2853 -0.9393 -0.1906
vn -0.0000 -0.9393 0.3431
vn -0.0000 -0.8461 -0.5330
vn 0.0608 -0.7846 -0.6170
vn 0.1800 -0.7846 -0.5933
vn 0.2922 -0.7846 -0.5467
vn 0.3933 -0.7846 -0.4792
vn 0.4792 -0.7846 -0.3933
vn 0.5467 -0.7846 -0.2922
vn 0.5933 -0.7846 -0.1800
vn 0.6170 -0.7846 -0.0608
vn 0.6170 -0.7846 0.0608
vn 0.5933 -0.7846 0.1800
vn 0.5467 -0.7846 0.2922
vn 0.4792 -0.7846 0.3933
vn 0.3933 -0.7846 0.4792
vn 0.2922 -0.7846 0.5467
vn 0.1800 -0.7846 0.5933
vn 0.0608 -0.7846 0.6170
vn -0.0608 -0.7846 0.6170
vn -0.1800 -0.7846 0.5933
vn -0.2922 -0.7846 0.5467
vn -0.3933 -0.7846 0.4792
vn -0.4792 -0.7846 0.3933
vn -0.5467 -0.7846 0.2922
vn -0.5933 -0.7846 0.1800
vn -0.6170 -0.7846 0.0608
vn -0.6170 -0.7846 -0.0608
vn -0.5933 -0.7846 -0.1800
vn -0.5467 -0.7846 -0.2922
vn -0.4792 -0.7846 -0.3933
vn -0.3933 -0.7846 -0.4792
vn -0.2922 -0.7846 -0.5467
vn -0.1800 -0.7846 -0.5933
vn -0.0608 -0.7846 -0.6170
vn -0.4200 -0.8045 -0.4200
vn -0.4939 -0.8045 -0.3300
vn -0.1159 -0.8045 0.5826
vn -0.0000 -0.8045 0.5940
vn 0.5488 -0.8045 -0.2273
vn 0.4939 -0.8045 -0.3300
vn -0.5488 -0.8045 -0.2273
vn -0.5826 -0.8045 -0.1159
vn 0.4200 -0.8045 -0.4200
vn 0.3300 -0.8045 -0.4939
vn 0.1159 -0.8045 0.5826
vn 0.2273 -0.8045 0.5488
vn -0.5940 -0.8045 -0.0000
vn -0.5826 -0.8045 0.1159
vn 0.2273 -0.8045 -0.5488
vn 0.1159 -0.8045 -0.5826
vn 0.3300 -0.8045 0.4939
vn 0.4200 -0.8045 0.4200
vn -0.5488 -0.8045 0.2273
vn -0.4939 -0.8045 0.3300
vn 0.4939 -0.8045 0.3300
vn 0.5488 -0.8045 0.2273
vn -0.1159 -0.8045 -0.5826
vn -0.2273 -0.8045 -0.5488
vn -0.4200 -0.8045 0.4200
vn -0.3300 -0.8045 0.4939
vn 0.5826 -0.8045 0.1159
vn 0.5940 -0.8045 -0.0000
vn -0.3300 -0.8045 -0.4939
vn -0.2273 -0.8045 0.5488
vn 0.5826 -0.8045 -0.1159
vn -0.0000 -0.8045 -0.5940
vn 0.0773 -0.6150 -0.7847
vn 0.2289 -0.6150 -0.7546
vn 0.3717 -0.6150 -0.6954
vn 0.5002 -0.6150 -0.6095
vn 0.6095 -0.6150 -0.5002
vn 0.6954 -0.6150 -0.3717
vn 0.7546 -0.6150 -0.2289
vn 0.7847 -0.6150 -0.0773
vn 0.7847 -0.6150 0.0773
vn 0.7546 -0.6150 0.2289
vn 0.6954 -0.6150 0.3717
vn 0.6095 -0.6150 0.5002
vn 0.5002 -0.6150 0.6095
vn 0.3717 -0.6150 0.6954
vn 0.2289 -0.6150 0.7546
vn 0.0773 -0.6150 0.7847
vn -0.0773 -0.6150 0.7847
vn -0.2289 -0.6150 0.7546
vn -0.3717 -0.6150 0.6954
vn -0.5002 -0.6150 0.6095
vn -0.6095 -0.6150 0.5002
vn -0.6954 -0.6150 0.3717
vn -0.7546 -0.6150 0.2289
vn -0.7847 -0.6150 0.0773
vn -0.7847 -0.6150 -0.0773
vn -0.7546 -0.6150 -0.2289
vn -0.6954 -0.6150 -0.3717
vn -0.6095 -0.6150 -0.5002
vn -0.5002 -0.6150 -0.6095
vn -0.3717 -0.6150 -0.6954
vn -0.2289 -0.6150 -0.7546
vn -0.0773 -0.6150 -0.7847
vn -0.2489 -0.7596 -0.6009
vn -0.3941 -0.7048 -0.5898
vn -0.3613 -0.7596 0.5408
vn -0.2715 -0.7048 0.6554
vn 0.6504 -0.7596 -0.0000
vn 0.6957 -0.7048 -0.1384
vn -0.4599 -0.7596 -0.4599
vn -0.5898 -0.7048 -0.3941
vn -0.1269 -0.7596 0.6379
vn -0.0000 -0.7048 0.7094
vn 0.6009 -0.7596 -0.2489
vn 0.5898 -0.7048 -0.3941
vn -0.6009 -0.7596 -0.2489
vn -0.6957 -0.7048 -0.1384
vn 0.4599 -0.7596 -0.4599
vn 0.3941 -0.7048 -0.5898
vn 0.1269 -0.7596 0.6379
vn 0.2715 -0.7048 0.6554
vn -0.6504 -0.7596 -0.0000
vn -0.6957 -0.7048 0.1384
vn 0.2489 -0.7596 -0.6009
vn 0.1384 -0.7048 -0.6957
vn 0.3613 -0.7596 0.5408
vn 0.5016 -0.7048 0.5016
vn -0.6009 -0.7596 0.2489
vn -0.5898 -0.7048 0.3941
vn 0.5408 -0.7596 0.3613
vn 0.6554 -0.7048 0.2715
vn -0.1269 -0.7596 -0.6379
vn -0.4599 -0.7596 0.4599
vn 0.6379 -0.7596 0.1269
vn -0.0000 -0.7048 -0.7094
vn 0.0924 -0.3338 -0.9381
vn 0.2736 -0.3338 -0.9020
vn 0.4444 -0.3338 -0.8313
vn 0.5980 -0.3338 -0.7287
vn 0.7287 -0.3338 -0.5980
vn 0.8313 -0.3338 -0.4444
vn 0.9020 -0.3338 -0.2736
vn 0.9381 -0.3338 -0.0924
vn 0.9381 -0.3338 0.0924
vn 0.9020 -0.3338 0.2736
vn 0.8313 -0.3338 0.4444
vn 0.7287 -0.3338 0.5980
vn 0.5980 -0.3338 0.7287
vn 0.4444 -0.3338 0.8313
vn 0.2736 -0.3338 0.9020
vn 0.0924 -0.3338 0.9381
vn -0.0924 -0.3338 0.9381
vn -0.2736 -0.3338 0.9020
vn -0.4444 -0.3338 0.8313
vn -0.5980 -0.3338 0.7287
vn -0.7287 -0.3338 0.5980
vn -0.8313 -0.3338 0.4444
vn -0.9020 -0.3338 0.2736
vn -0.9381 -0.3338 0.0924
vn -0.9381 -0.3338 -0.0924
vn -0.9020 -0.3338 -0.2736
vn -0.8313 -0.3338 -0.4444
vn -0.7287 -0.3338 -0.5980
vn -0.5980 -0.3338 -0.7287
vn -0.4444 -0.3338 -0.8313
vn -0.2736 -0.3338 -0.9020
vn -0.0924 -0.3338 -0.9381
vn -0.0000 -0.4694 -0.8830
vn -0.1723 -0.4694 -0.8660
vn -0.7342 -0.4694 0.4906
vn -0.6244 -0.4694 0.6244
vn 0.8158 -0.4694 0.3379
vn 0.8660 -0.4694 0.1723
vn -0.3379 -0.4694 -0.8158
vn -0.4906 -0.4694 -0.7342
vn -0.4906 -0.4694 0.7342
vn -0.3379 -0.4694 0.8158
vn 0.8830 -0.4694 -0.0000
vn 0.8660 -0.4694 -0.1723
vn -0.6244 -0.4694 -0.6244
vn -0.7342 -0.4694 -0.4906
vn -0.1723 -0.4694 0.8660
vn -0.0000 -0.4694 0.8830
vn 0.8158 -0.4694 -0.3379
vn 0.7342 -0.4694 -0.4906
vn -0.8158 -0.4694 -0.3379
vn -0.8660 -0.4694 -0.1723
vn 0.6244 -0.4694 -0.6244
vn 0.4906 -0.4694 -0.7342
vn 0.1723 -0.4694 0.8660
vn 0.3379 -0.4694 0.8158
vn -0.8830 -0.4694 -0.0000
vn -0.8660 -0.4694 0.1723
vn 0.3379 -0.4694 -0.8158
vn 0.1723 -0.4694 -0.8660
vn 0.4906 -0.4694 0.7342
vn 0.6244 -0.4694 0.6244
vn -0.8158 -0.4694 0.3379
vn 0.7342 -0.4694 0.4906
vn 0.0974 -0.1083 -0.9893
vn 0.2886 -0.1083 -0.9513
vn 0.4686 -0.1083 -0.8767
vn 0.6307 -0.1083 -0.7685
vn 0.7685 -0.1083 -0.6307
vn 0.8767 -0.1083 -0.4686
vn 0.9513 -0.1083 -0.2886
vn 0.9893 -0.1083 -0.0974
vn 0.9893 -0.1083 0.0974
vn 0.9513 -0.1083 0.2886
vn 0.8767 -0.1083 0.4686
vn 0.7685 -0.1083 0.6307
vn 0.6307 -0.1083 0.7685
vn 0.4686 -0.1083 0.8767
vn 0.2886 -0.1083 0.9513
vn 0.0974 -0.1083 0.9893
vn -0.0974 -0.1083 0.9893
vn -0.2886 -0.1083 0.9513
vn -0.4686 -0.1083 0.8767
vn -0.6307 -0.1083 0.7685
vn -0.7685 -0.1083 0.6307
vn -0.8767 -0.1083 0.4686
vn -0.9513 -0.1083 0.2886
vn -0.9893 -0.1083 0.0974
vn -0.9893 -0.1083 -0.0974
vn -0.9513 -0.1083 -0.2886
vn -0.8767 -0.1083 -0.4686
vn -0.7685 -0.1083 -0.6307
vn -0.6307 -0.1083 -0.7685
vn -0.4686 -0.1083 -0.8767
vn -0.2886 -0.1083 -0.9513
vn -0.0974 -0.1083 -0.9893
vn -0.9563 -0.2221 0.1902
vn -0.9008 -0.2221 0.3731
vn 0.1902 -0.2221 -0.9563
vn -0.0000 -0.2221 -0.9750
vn 0.6895 -0.2221 0.6895
vn 0.8107 -0.2221 0.5417
vn -0.1902 -0.2221 -0.9563
vn -0.8107 -0.2221 0.5417
vn -0.6895 -0.2221 0.6895
vn 0.9008 -0.2221 0.3731
vn 0.9563 -0.2221 0.1902
vn -0.3731 -0.2221 -0.9008
vn -0.5417 -0.2221 -0.8107
vn -0.5417 -0.2221 0.8107
vn -0.3731 -0.2221 0.9008
vn 0.9750 -0.2221 -0.0000
vn 0.9563 -0.2221 -0.1902
vn -0.6895 -0.2221 -0.6895
vn -0.8107 -0.2221 -0.5417
vn -0.1902 -0.2221 0.9563
vn -0.0000 -0.2221 0.9750
vn 0.9008 -0.2221 -0.3731
vn 0.8107 -0.2221 -0.5417
vn -0.9008 -0.2221 -0.3731
vn -0.9563 -0.2221 -0.1902
vn 0.6895 -0.2221 -0.6895
vn 0.5417 -0.2221 -0.8107
vn 0.1902 -0.2221 0.9563
vn 0.3731 -0.2221 0.9008
vn -0.9750 -0.2221 -0.0000
vn 0.3731 -0.2221 -0.9008
vn 0.5417 -0.2221 0.8107
vn 0.0979 0.0564 -0.9936
vn 0.2898 0.0564 -0.9554
vn 0.4706 0.0564 -0.8805
vn 0.6334 0.0564 -0.7718
vn 0.7718 0.0564 -0.6334
vn 0.8805 0.0564 -0.4706
vn 0.9554 0.0564 -0.2898
vn 0.9936 0.0564 -0.0979
vn 0.9936 0.0564 0.0979
vn 0.9554 0.0564 0.2898
vn 0.8805 0.0564 0.4706
vn 0.7718 0.0564 0.6334
vn 0.6334 0.0564 0.7718
vn 0.4706 0.0564 0.8805
vn 0.2898 0.0564 0.9554
vn 0.0979 0.0564 0.9936
vn -0.0979 0.0564 0.9936
vn -0.2898 0.0564 0.9554
vn -0.4706 0.0564 0.8805
vn -0.6334 0.0564 0.7718
vn -0.7718 0.0564 0.6334
vn -0.8805 0.0564 0.4706
vn -0.9554 0.0564 0.2898
vn -0.9936 0.0564 0.0979
vn -0.9936 0.0564 -0.0979
vn -0.9554 0.0564 -0.2898
vn -0.8805 0.0564 -0.4706
vn -0.7718 0.0564 -0.6334
vn -0.6334 0.0564 -0.7718
vn -0.4706 0.0564 -0.8805
vn -0.2898 0.0564 -0.9554
vn -0.0979 0.0564 -0.9936
vn -0.9807 -0.0118 -0.1951
vn -0.9999 -0.0118 -0.0000
vn 0.5555 -0.0118 -0.8314
vn 0.3827 -0.0118 -0.9238
vn 0.3827 -0.0118 0.9238
vn 0.5555 -0.0118 0.8314
vn -0.9807 -0.0118 0.1951
vn -0.9238 -0.0118 0.3827
vn 0.1951 -0.0118 -0.9807
vn -0.0000 -0.0118 -0.9999
vn 0.7071 -0.0118 0.7071
vn 0.8314 -0.0118 0.5555
vn -0.1951 -0.0118 -0.9807
vn -0.8314 -0.0118 0.5555
vn -0.7071 -0.0118 0.7071
vn 0.9238 -0.0118 0.3827
vn 0.9807 -0.0118 0.1951
vn -0.3827 -0.0118 -0.9238
vn -0.5555 -0.0118 -0.8314
vn -0.5555 -0.0118 0.8314
vn -0.3827 -0.0118 0.9238
vn 0.9999 -0.0118 -0.0000
vn 0.9807 -0.0118 -0.1951
vn -0.7071 -0.0118 -0.7071
vn -0.8314 -0.0118 -0.5555
vn -0.1951 -0.0118 0.9807
vn -0.0000 -0.0118 0.9999
vn 0.9238 -0.0118 -0.3827
vn 0.8314 -0.0118 -0.5555
vn -0.9238 -0.0118 -0.3827
vn 0.7071 -0.0118 -0.7071
vn 0.1951 -0.0118 0.9807
vn 0.0966 0.1673 -0.9812
vn 0.2862 0.1673 -0.9434
vn 0.4648 0.1673 -0.8695
vn 0.6254 0.1673 -0.7621
vn 0.7621 0.1673 -0.6254
vn 0.8695 0.1673 -0.4648
vn 0.9434 0.1673 -0.2862
vn 0.9812 0.1673 -0.0966
vn 0.9812 0.1673 0.0966
vn 0.9434 0.1673 0.2862
vn 0.8695 0.1673 0.4648
vn 0.7621 0.1673 0.6254
vn 0.6254 0.1673 0.7621
vn 0.4648 0.1673 0.8695
vn 0.2862 0.1673 0.9434
vn 0.0966 0.1673 0.9812
vn -0.0966 0.1673 0.9812
vn -0.2862 0.1673 0.9434
vn -0.4648 0.1673 0.8695
vn -0.6254 0.1673 0.7621
vn -0.7621 0.1673 0.6254
vn -0.8695 0.1673 0.4648
vn -0.9434 0.1673 0.2862
vn -0.9812 0.1673 0.0966
vn -0.9812 0.1673 -0.0966
vn -0.9434 0.1673 -0.2862
vn -0.8695 0.1673 -0.4648
vn -0.7621 0.1673 -0.6255
vn -0.6254 0.1673 -0.7621
vn -0.4647 0.1673 -0.8695
vn -0.2862 0.1673 -0.9434
vn -0.0966 0.1673 -0.9812
vn -0.8263 0.1108 -0.5521
vn -0.9182 0.1108 -0.3803
vn 0.8263 0.1108 -0.5521
vn 0.7027 0.1108 -0.7028
vn -0.0000 0.1108 0.9938
vn 0.1939 0.1108 0.9747
vn -0.9747 0.1108 -0.1939
vn -0.9938 0.1108 -0.0000
vn 0.5521 0.1108 -0.8263
vn 0.3803 0.1108 -0.9182
vn 0.3803 0.1108 0.9182
vn 0.5521 0.1108 0.8263
vn -0.9747 0.1108 0.1939
vn -0.9182 0.1108 0.3803
vn 0.1939 0.1108 -0.9747
vn -0.0000 0.1108 -0.9938
vn 0.7027 0.1108 0.7028
vn 0.8263 0.1108 0.5521
vn -0.1939 0.1108 -0.9747
vn -0.8263 0.1108 0.5521
vn -0.7028 0.1108 0.7027
vn 0.9182 0.1108 0.3803
vn 0.9747 0.1108 0.1939
vn -0.3803 0.1108 -0.9182
vn -0.5521 0.1108 -0.8263
vn -0.5521 0.1108 0.8263
vn -0.3803 0.1108 0.9182
vn 0.9938 0.1108 -0.0000
vn 0.9747 0.1108 -0.1939
vn -0.7027 0.1108 -0.7028
vn -0.1939 0.1108 0.9747
vn 0.9182 0.1108 -0.3803
vn 0.0949 0.2487 -0.9639
vn 0.2812 0.2487 -0.9269
vn 0.4566 0.2487 -0.8542
vn 0.6145 0.2487 -0.7487
vn 0.7487 0.2487 -0.6145
vn 0.8542 0.2487 -0.4566
vn 0.9269 0.2487 -0.2812
vn 0.9639 0.2487 -0.0949
vn 0.9639 0.2487 0.0949
vn 0.9269 0.2487 0.2812
vn 0.8542 0.2487 0.4566
vn 0.7487 0.2487 0.6145
vn 0.6145 0.2487 0.7487
vn 0.4566 0.2487 0.8542
vn 0.2812 0.2487 0.9269
vn 0.0949 0.2487 0.9639
vn -0.0949 0.2487 0.9639
vn -0.2812 0.2487 0.9269
vn -0.4566 0.2487 0.8542
vn -0.6145 0.2487 0.7487
vn -0.7487 0.2487 0.6145
vn -0.8542 0.2487 0.4566
vn -0.9269 0.2487 0.2812
vn -0.9639 0.2487 0.0949
vn -0.9639 0.2487 -0.0949
vn -0.9269 0.2487 -0.2812
vn -0.8542 0.2487 -0.4566
vn -0.7487 0.2487 -0.6145
vn -0.6145 0.2487 -0.7487
vn -0.4566 0.2487 -0.8542
vn -0.2812 0.2487 -0.9269
vn -0.0949 0.2487 -0.9639
vn -0.5420 0.2198 -0.8111
vn -0.6898 0.2198 -0.6898
vn -0.3733 0.2198 0.9013
vn -0.1903 0.2198 0.9568
vn 0.9568 0.2198 -0.1903
vn 0.9013 0.2198 -0.3733
vn -0.8111 0.2198 -0.5420
vn -0.9013 0.2198 -0.3733
vn 0.8111 0.2198 -0.5420
vn 0.6898 0.2198 -0.6898
vn -0.0000 0.2198 0.9755
vn 0.1903 0.2198 0.9568
vn -0.9568 0.2198 -0.1903
vn -0.9755 0.2198 -0.0000
vn 0.5420 0.2198 -0.8111
vn 0.3733 0.2198 -0.9013
vn 0.3733 0.2198 0.9013
vn 0.5420 0.2198 0.8111
vn -0.9568 0.2198 0.1903
vn -0.9013 0.2198 0.3733
vn 0.1903 0.2198 -0.9568
vn -0.0000 0.2198 -0.9755
vn 0.6898 0.2198 0.6898
vn 0.8111 0.2198 0.5420
vn -0.1903 0.2198 -0.9568
vn -0.8111 0.2198 0.5420
vn -0.6898 0.2198 0.6898
vn 0.9013 0.2198 0.3733
vn 0.9568 0.2198 0.1903
vn -0.3733 0.2198 -0.9013
vn -0.5420 0.2198 0.8111
vn 0.9755 0.2198 -0.0000
vn 0.0944 0.2709 -0.9580
vn 0.2794 0.2709 -0.9211
vn 0.4538 0.2709 -0.8489
vn 0.6107 0.2709 -0.7441
vn 0.7441 0.2709 -0.6107
vn 0.8489 0.2709 -0.4538
vn 0.9211 0.2709 -0.2794
vn 0.9580 0.2709 -0.0944
vn 0.9580 0.2709 0.0943
vn 0.9211 0.2709 0.2794
vn 0.8489 0.2709 0.4538
vn 0.7441 0.2709 0.6107
vn 0.6107 0.2709 0.7441
vn 0.4538 0.2709 0.8489
vn 0.2794 0.2709 0.9211
vn 0.0944 0.2709 0.9580
vn -0.0944 0.2709 0.9580
vn -0.2794 0.2709 0.9211
vn -0.4538 0.2709 0.8489
vn -0.6107 0.2709 0.7441
vn -0.7441 0.2709 0.6107
vn -0.8489 0.2709 0.4538
vn -0.9211 0.2709 0.2794
vn -0.9580 0.2709 0.0944
vn -0.9580 0.2709 -0.0944
vn -0.9211 0.2709 -0.2794
vn -0.8489 0.2709 -0.4538
vn -0.7441 0.2709 -0.6107
vn -0.6107 0.2709 -0.7441
vn -0.4538 0.2709 -0.8489
vn -0.2794 0.2709 -0.9211
vn -0.0944 0.2709 -0.9580
vn -0.1884 0.2602 -0.9470
vn -0.3695 0.2603 -0.8920
vn -0.6827 0.2603 0.6827
vn -0.5364 0.2603 0.8028
vn 0.9470 0.2602 0.1884
vn 0.9655 0.2603 -0.0000
vn -0.5364 0.2602 -0.8028
vn -0.6827 0.2602 -0.6827
vn -0.3695 0.2602 0.8920
vn -0.1884 0.2603 0.9470
vn 0.9470 0.2602 -0.1884
vn 0.8920 0.2603 -0.3695
vn -0.8028 0.2602 -0.5364
vn -0.8920 0.2603 -0.3695
vn 0.8028 0.2602 -0.5364
vn 0.6827 0.2602 -0.6827
vn -0.0000 0.2603 0.9655
vn 0.1884 0.2602 0.9470
vn -0.9470 0.2602 -0.1884
vn -0.9655 0.2603 -0.0000
vn 0.5364 0.2602 -0.8028
vn 0.3695 0.2603 -0.8920
vn 0.3695 0.2603 0.8920
vn 0.5364 0.2603 0.8028
vn -0.9470 0.2603 0.1884
vn -0.8920 0.2603 0.3695
vn 0.1884 0.2603 -0.9470
vn -0.0000 0.2602 -0.9655
vn 0.6827 0.2602 0.6827
vn 0.8028 0.2602 0.5364
vn -0.8028 0.2603 0.5364
vn 0.8920 0.2603 0.3695
vn 0.0955 0.2251 -0.9696
vn 0.2828 0.2251 -0.9324
vn 0.4593 0.2251 -0.8593
vn 0.6181 0.2251 -0.7532
vn 0.7532 0.2251 -0.6181
vn 0.8593 0.2251 -0.4593
vn 0.9324 0.2251 -0.2828
vn 0.9696 0.2251 -0.0955
vn 0.9696 0.2251 0.0955
vn 0.9324 0.2251 0.2828
vn 0.8593 0.2251 0.4593
vn 0.7532 0.2251 0.6181
vn 0.6181 0.2251 0.7532
vn 0.4593 0.2251 0.8593
vn 0.2828 0.2251 0.9324
vn 0.0955 0.2251 0.9696
vn -0.0955 0.2251 0.9696
vn -0.2828 0.2251 0.9324
vn -0.4593 0.2251 0.8593
vn -0.6181 0.2251 0.7532
vn -0.7532 0.2251 0.6181
vn -0.8593 0.2251 0.4593
vn -0.9324 0.2251 0.2828
vn -0.9696 0.2251 0.0955
vn -0.9696 0.2251 -0.0955
vn -0.9324 0.2251 -0.2828
vn -0.8593 0.2251 -0.4593
vn -0.7532 0.2251 -0.6181
vn -0.6181 0.2251 -0.7532
vn -0.4593 0.2251 -0.8593
vn -0.2828 0.2251 -0.9324
vn -0.0955 0.2251 -0.9696
vn -0.8885 0.2742 0.3680
vn -0.7996 0.2742 0.5343
vn 0.7996 0.2742 0.5343
vn 0.8885 0.2742 0.3680
vn -0.1876 0.2742 -0.9432
vn -0.3680 0.2742 -0.8885
vn -0.6800 0.2742 0.6800
vn -0.5343 0.2742 0.7996
vn 0.9432 0.2742 0.1876
vn 0.9617 0.2742 -0.0000
vn -0.5343 0.2742 -0.7996
vn -0.6800 0.2742 -0.6800
vn -0.3680 0.2742 0.8885
vn -0.1876 0.2742 0.9432
vn 0.9432 0.2742 -0.1876
vn 0.8885 0.2742 -0.3680
vn -0.7996 0.2742 -0.5343
vn -0.8885 0.2742 -0.3680
vn 0.7996 0.2742 -0.5343
vn 0.6800 0.2742 -0.6800
vn -0.0000 0.2742 0.9617
vn 0.1876 0.2742 0.9432
vn -0.9432 0.2742 -0.1876
vn -0.9617 0.2742 -0.0000
vn 0.5343 0.2742 -0.7996
vn 0.3680 0.2742 -0.8885
vn 0.3680 0.2742 0.8885
vn 0.5343 0.2742 0.7996
vn -0.9432 0.2742 0.1876
vn 0.1876 0.2742 -0.9432
vn -0.0000 0.2742 -0.9617
vn 0.6800 0.2742 0.6800
vn 0.0943 0.2731 -0.9574
vn 0.2792 0.2731 -0.9206
vn 0.4535 0.2731 -0.8484
vn 0.6103 0.2731 -0.7436
vn 0.7436 0.2731 -0.6103
vn 0.8484 0.2731 -0.4535
vn 0.9206 0.2731 -0.2793
vn 0.9574 0.2731 -0.0943
vn 0.9574 0.2731 0.0943
vn 0.9206 0.2731 0.2793
vn 0.8484 0.2731 0.4535
vn 0.7436 0.2731 0.6103
vn 0.6103 0.2731 0.7436
vn 0.4535 0.2731 0.8484
vn 0.2793 0.2731 0.9206
vn 0.0943 0.2731 0.9574
vn -0.0943 0.2731 0.9574
vn -0.2792 0.2731 0.9206
vn -0.4535 0.2731 0.8484
vn -0.6103 0.2731 0.7436
vn -0.7436 0.2731 0.6103
vn -0.8484 0.2731 0.4535
vn -0.9206 0.2731 0.2792
vn -0.9574 0.2731 0.0943
vn -0.9574 0.2731 -0.0943
vn -0.9206 0.2731 -0.2793
vn -0.8484 0.2731 -0.4535
vn -0.7436 0.2731 -0.6103
vn -0.6103 0.2731 -0.7436
vn -0.4535 0.2731 -0.8484
vn -0.2792 0.2731 -0.9206
vn -0.0943 0.2731 -0.9574
vn -0.9998 0.0182 -0.0000
vn -0.9806 0.0182 0.1951
vn 0.3826 0.0182 -0.9237
vn 0.1951 0.0182 -0.9806
vn 0.5555 0.0182 0.8313
vn 0.7070 0.0182 0.7070
vn -0.9237 0.0182 0.3826
vn -0.8313 0.0182 0.5555
vn 0.8313 0.0182 0.5555
vn 0.9237 0.0182 0.3826
vn -0.1951 0.0182 -0.9806
vn -0.3826 0.0182 -0.9237
vn -0.7070 0.0182 0.7070
vn -0.5555 0.0182 0.8313
vn 0.9806 0.0182 0.1951
vn 0.9998 0.0182 -0.0000
vn -0.5555 0.0182 -0.8313
vn -0.7070 0.0182 -0.7070
vn -0.3826 0.0182 0.9237
vn -0.1951 0.0182 0.9806
vn 0.9806 0.0182 -0.1951
vn 0.9237 0.0182 -0.3826
vn -0.8313 0.0182 -0.5555
vn -0.9237 0.0182 -0.3826
vn 0.8313 0.0182 -0.5555
vn 0.7070 0.0182 -0.7070
vn -0.0000 0.0182 0.9998
vn 0.1951 0.0182 0.9806
vn -0.9806 0.0182 -0.1951
vn 0.5555 0.0182 -0.8313
vn 0.3826 0.0182 0.9237
vn -0.0000 0.0182 -0.9998
vn 0.0137 0.9902 -0.1391
vn 0.0406 0.9902 -0.1338
vn 0.0659 0.9902 -0.1233
vn 0.0887 0.9902 -0.1081
vn 0.1081 0.9902 -0.0887
vn 0.1233 0.9902 -0.0659
vn 0.1338 0.9902 -0.0406
vn 0.1391 0.9902 -0.0137
vn 0.1391 0.9902 0.0137
vn 0.1338 0.9902 0.0406
vn 0.1233 0.9902 0.0659
vn 0.1080 0.9902 0.0887
vn 0.0887 0.9902 0.1081
vn 0.0659 0.9902 0.1233
vn 0.0406 0.9902 0.1338
vn 0.0137 0.9902 0.1391
vn -0.0137 0.9902 0.1391
vn -0.0406 0.9902 0.1338
vn -0.0659 0.9902 0.1233
vn -0.0887 0.9902 0.1081
vn -0.1081 0.9902 0.0887
vn -0.1233 0.9902 0.0659
vn -0.1338 0.9902 0.0406
vn -0.1391 0.9902 0.0137
vn -0.1391 0.9902 -0.0137
vn -0.1338 0.9902 -0.0406
vn -0.1233 0.9902 -0.0659
vn -0.1081 0.9902 -0.0887
vn -0.0887 0.9902 -0.1081
vn -0.0659 0.9902 -0.1233
vn -0.0406 0.9902 -0.1338
vn -0.0137 0.9902 -0.1391
vn -0.5441 0.8082 -0.2254
vn -0.5776 0.8082 -0.1149
vn 0.4164 0.8082 -0.4164
vn 0.3272 0.8082 -0.4897
vn 0.1149 0.8082 0.5776
vn 0.2254 0.8082 0.5441
vn -0.5889 0.8082 -0.0000
vn -0.5776 0.8082 0.1149
vn 0.2254 0.8082 -0.5441
vn 0.1149 0.8082 -0.5776
vn 0.3272 0.8082 0.4897
vn 0.4164 0.8082 0.4164
vn -0.5441 0.8082 0.2254
vn -0.4897 0.8082 0.3272
vn 0.4897 0.8082 0.3272
vn 0.5441 0.8082 0.2254
vn -0.1149 0.8082 -0.5776
vn -0.2254 0.8082 -0.5441
vn -0.4164 0.8082 0.4164
vn -0.3272 0.8082 0.4897
vn 0.5776 0.8082 0.1149
vn 0.5890 0.8082 -0.0000
vn -0.3272 0.8082 -0.4897
vn -0.4165 0.8082 -0.4164
vn -0.2254 0.8082 0.5441
vn -0.1149 0.8082 0.5776
vn 0.5776 0.8082 -0.1149
vn 0.5441 0.8082 -0.2254
vn -0.4897 0.8082 -0.3272
vn 0.4897 0.8082 -0.3272
vn -0.0000 0.8082 0.5889
vn -0.0000 0.8082 -0.5889
vn -0.0870 0.4607 0.8833
vn -0.2577 0.4607 0.8493
vn -0.4184 0.4607 0.7828
vn -0.5631 0.4607 0.6861
vn -0.6861 0.4607 0.5631
vn -0.7828 0.4607 0.4184
vn -0.8493 0.4607 0.2577
vn -0.8833 0.4607 0.0870
vn -0.8833 0.4607 -0.0870
vn -0.8493 0.4607 -0.2576
vn -0.7828 0.4607 -0.4184
vn -0.6861 0.4607 -0.5631
vn -0.5631 0.4607 -0.6861
vn -0.4184 0.4607 -0.7828
vn -0.2577 0.4607 -0.8493
vn -0.0870 0.4607 -0.8833
vn 0.0870 0.4607 -0.8833
vn 0.2577 0.4607 -0.8494
vn 0.4184 0.4607 -0.7828
vn 0.5631 0.4607 -0.6861
vn 0.6861 0.4607 -0.5631
vn 0.7828 0.4607 -0.4184
vn 0.8493 0.4607 -0.2576
vn 0.8833 0.4607 -0.0870
vn 0.8833 0.4607 0.0870
vn 0.8493 0.4607 0.2576
vn 0.7828 0.4607 0.4184
vn 0.6861 0.4607 0.5631
vn 0.5631 0.4607 0.6861
vn 0.4184 0.4607 0.7828
vn 0.2577 0.4607 0.8494
vn 0.0870 0.4607 0.8833
vn 0.2515 0.9346 0.2515
vn 0.2958 0.9346 0.1976
vn 0.0694 0.9346 -0.3489
vn -0.0000 0.9346 -0.3557
vn -0.3286 0.9346 0.1361
vn -0.2958 0.9346 0.1976
vn 0.3286 0.9346 0.1361
vn 0.3489 0.9346 0.0694
vn -0.2515 0.9346 0.2515
vn -0.1976 0.9346 0.2958
vn -0.0694 0.9346 -0.3489
vn -0.1361 0.9346 -0.3286
vn 0.3557 0.9346 -0.0000
vn 0.3489 0.9346 -0.0694
vn -0.1361 0.9346 0.3286
vn -0.0694 0.9346 0.3489
vn -0.1976 0.9346 -0.2958
vn -0.2515 0.9346 -0.2515
vn 0.3286 0.9346 -0.1361
vn 0.2958 0.9346 -0.1976
vn -0.2958 0.9346 -0.1976
vn -0.3286 0.9346 -0.1361
vn 0.0694 0.9346 0.3489
vn 0.1361 0.9346 0.3286
vn 0.2515 0.9346 -0.2515
vn 0.1976 0.9346 -0.2958
vn -0.3489 0.9346 -0.0694
vn -0.3557 0.9346 -0.0000
vn 0.1976 0.9346 0.2958
vn 0.1361 0.9346 -0.3286
vn -0.3489 0.9346 0.0694
vn -0.0000 0.9346 0.3557
vn -0.0922 -0.3388 0.9363
vn -0.2731 -0.3388 0.9003
vn -0.4435 -0.3388 0.8298
vn -0.5969 -0.3388 0.7273
vn -0.7273 -0.3388 0.5969
vn -0.8298 -0.3388 0.4435
vn -0.9003 -0.3388 0.2731
vn -0.9363 -0.3388 0.0922
vn -0.9363 -0.3388 -0.0922
vn -0.9003 -0.3388 -0.2731
vn -0.8298 -0.3388 -0.4435
vn -0.7273 -0.3388 -0.5969
vn -0.5969 -0.3388 -0.7273
vn -0.4435 -0.3388 -0.8298
vn -0.2731 -0.3388 -0.9003
vn -0.0922 -0.3388 -0.9363
vn 0.0922 -0.3388 -0.9363
vn 0.2731 -0.3388 -0.9003
vn 0.4435 -0.3388 -0.8298
vn 0.5969 -0.3388 -0.7273
vn 0.7273 -0.3388 -0.5969
vn 0.8298 -0.3388 -0.4435
vn 0.9003 -0.3388 -0.2731
vn 0.9363 -0.3388 -0.0922
vn 0.9363 -0.3388 0.0922
vn 0.9003 -0.3388 0.2731
vn 0.8298 -0.3388 0.4435
vn 0.7273 -0.3388 0.5969
vn 0.5969 -0.3388 0.7273
vn 0.4435 -0.3388 0.8298
vn 0.2731 -0.3388 0.9003
vn 0.0922 -0.3388 0.9363
vn 0.3770 -0.1717 0.9102
vn 0.5473 -0.1717 0.8191
vn 0.5473 -0.1717 -0.8191
vn 0.3770 -0.1717 -0.9102
vn -0.9852 -0.1717 -0.0000
vn -0.9662 -0.1717 0.1922
vn 0.6966 -0.1717 0.6966
vn 0.8191 -0.1717 0.5473
vn 0.1922 -0.1717 -0.9662
vn -0.0000 -0.1717 -0.9852
vn -0.9102 -0.1717 0.3770
vn -0.8191 -0.1717 0.5473
vn 0.9102 -0.1717 0.3770
vn 0.9662 -0.1717 0.1922
vn -0.6966 -0.1717 0.6966
vn -0.5473 -0.1717 0.8191
vn -0.1922 -0.1717 -0.9662
vn -0.3770 -0.1717 -0.9102
vn 0.9852 -0.1717 -0.0000
vn 0.9662 -0.1717 -0.1922
vn -0.3770 -0.1717 0.9102
vn -0.1922 -0.1717 0.9662
vn -0.5473 -0.1717 -0.8191
vn -0.6966 -0.1717 -0.6966
vn 0.9102 -0.1717 -0.3770
vn 0.8191 -0.1717 -0.5473
vn -0.8191 -0.1717 -0.5473
vn -0.9102 -0.1717 -0.3770
vn 0.1922 -0.1717 0.9662
vn 0.6966 -0.1717 -0.6966
vn -0.9662 -0.1717 -0.1922
vn -0.0000 -0.1717 0.9852
vn -0.0936 -0.2961 0.9506
vn -0.2773 -0.2961 0.9140
vn -0.4503 -0.2961 0.8424
vn -0.6060 -0.2961 0.7384
vn -0.7384 -0.2961 0.6060
vn -0.8424 -0.2961 0.4503
vn -0.9140 -0.2961 0.2773
vn -0.9506 -0.2961 0.0936
vn -0.9506 -0.2961 -0.0936
vn -0.9140 -0.2961 -0.2773
vn -0.8424 -0.2961 -0.4503
vn -0.7384 -0.2961 -0.6060
vn -0.6060 -0.2961 -0.7384
vn -0.4503 -0.2961 -0.8424
vn -0.2773 -0.2961 -0.9140
vn -0.0936 -0.2961 -0.9506
vn 0.0936 -0.2961 -0.9506
vn 0.2773 -0.2961 -0.9140
vn 0.4503 -0.2961 -0.8424
vn 0.6060 -0.2961 -0.7384
vn 0.7384 -0.2961 -0.6060
vn 0.8424 -0.2961 -0.4503
vn 0.9140 -0.2961 -0.2773
vn 0.9506 -0.2961 -0.0936
vn 0.9506 -0.2961 0.0936
vn 0.9140 -0.2961 0.2773
vn 0.8424 -0.2961 0.4503
vn 0.7384 -0.2961 0.6060
vn 0.6060 -0.2961 0.7384
vn 0.4503 -0.2961 0.8424
vn 0.2773 -0.2961 0.9140
vn 0.0936 -0.2961 0.9506
vn 0.5263 -0.3201 0.7877
vn 0.6699 -0.3201 0.6699
vn 0.3625 -0.3201 -0.8753
vn 0.1848 -0.3201 -0.9292
vn -0.9292 -0.3201 0.1848
vn -0.8753 -0.3201 0.3625
vn 0.7877 -0.3201 0.5263
vn 0.8753 -0.3201 0.3625
vn -0.0000 -0.3201 -0.9474
vn -0.1848 -0.3201 -0.9292
vn 0.9292 -0.3201 0.1848
vn 0.9474 -0.3201 -0.0000
vn -0.3625 -0.3201 -0.8753
vn -0.5263 -0.3201 -0.7877
vn -0.7877 -0.3201 0.5263
vn 0.9292 -0.3201 -0.1848
vn 0.8753 -0.3201 -0.3625
vn -0.6699 -0.3201 -0.6699
vn -0.7877 -0.3201 -0.5263
vn -0.6699 -0.3201 0.6699
vn -0.5263 -0.3201 0.7877
vn -0.0000 -0.3201 0.9474
vn 0.1848 -0.3201 0.9292
vn 0.7877 -0.3201 -0.5263
vn 0.6699 -0.3201 -0.6699
vn -0.8753 -0.3201 -0.3625
vn -0.9292 -0.3201 -0.1848
vn -0.3625 -0.3201 0.8753
vn -0.1848 -0.3201 0.9292
vn 0.3625 -0.3201 0.8753
vn 0.5263 -0.3201 -0.7877
vn -0.9474 -0.3201 -0.0000
vn -0.0944 -0.2697 0.9583
vn -0.2795 -0.2697 0.9215
vn -0.4539 -0.2697 0.8492
vn -0.6109 -0.2697 0.7444
vn -0.7444 -0.2697 0.6109
vn -0.8492 -0.2697 0.4539
vn -0.9215 -0.2697 0.2795
vn -0.9583 -0.2697 0.0944
vn -0.9583 -0.2697 -0.0944
vn -0.9215 -0.2697 -0.2795
vn -0.8492 -0.2697 -0.4539
vn -0.7444 -0.2697 -0.6109
vn -0.6109 -0.2697 -0.7444
vn -0.4539 -0.2697 -0.8492
vn -0.2795 -0.2697 -0.9215
vn -0.0944 -0.2697 -0.9583
vn 0.0944 -0.2697 -0.9583
vn 0.2795 -0.2697 -0.9215
vn 0.4539 -0.2697 -0.8492
vn 0.6109 -0.2697 -0.7444
vn 0.7444 -0.2697 -0.6109
vn 0.8492 -0.2697 -0.4539
vn 0.9215 -0.2697 -0.2795
vn 0.9583 -0.2697 -0.0944
vn 0.9583 -0.2697 0.0944
vn 0.9215 -0.2697 0.2795
vn 0.8492 -0.2697 0.4539
vn 0.7444 -0.2697 0.6109
vn 0.6109 -0.2697 0.7444
vn 0.4539 -0.2697 0.8492
vn 0.2795 -0.2697 0.9215
vn 0.0944 -0.2697 0.9583
vn 0.1870 -0.2843 0.9403
vn 0.3669 -0.2843 0.8857
vn 0.6779 -0.2843 -0.6779
vn 0.5326 -0.2843 -0.7972
vn -0.9403 -0.2843 -0.1870
vn -0.9587 -0.2843 -0.0000
vn 0.5326 -0.2843 0.7972
vn 0.6779 -0.2843 0.6779
vn 0.3669 -0.2843 -0.8857
vn 0.1870 -0.2843 -0.9403
vn -0.9403 -0.2843 0.1870
vn -0.8857 -0.2843 0.3669
vn 0.7972 -0.2843 0.5326
vn 0.8857 -0.2843 0.3669
vn -0.7972 -0.2843 0.5326
vn -0.6779 -0.2843 0.6779
vn -0.0000 -0.2843 -0.9587
vn -0.1870 -0.2843 -0.9403
vn 0.9403 -0.2843 0.1870
vn 0.9587 -0.2843 -0.0000
vn -0.5326 -0.2843 0.7972
vn -0.3669 -0.2843 0.8857
vn -0.3669 -0.2843 -0.8857
vn -0.5326 -0.2843 -0.7972
vn 0.9403 -0.2843 -0.1870
vn 0.8857 -0.2843 -0.3669
vn -0.1870 -0.2843 0.9403
vn -0.0000 -0.2843 0.9587
vn -0.6779 -0.2843 -0.6779
vn -0.7972 -0.2843 -0.5326
vn 0.7972 -0.2843 -0.5326
vn -0.8857 -0.2843 -0.3669
vn -0.0955 -0.2257 0.9695
vn -0.2828 -0.2257 0.9323
vn -0.4592 -0.2257 0.8592
vn -0.6180 -0.2257 0.7531
vn -0.7531 -0.2257 0.6180
vn -0.8592 -0.2257 0.4592
vn -0.9323 -0.2257 0.2828
vn -0.9695 -0.2257 0.0955
vn -0.9695 -0.2257 -0.0955
vn -0.9323 -0.2257 -0.2828
vn -0.8592 -0.2257 -0.4592
vn -0.7531 -0.2257 -0.6180
vn -0.6180 -0.2257 -0.7531
vn -0.4592 -0.2257 -0.8592
vn -0.2828 -0.2257 -0.9323
vn -0.0955 -0.2257 -0.9695
vn 0.0955 -0.2257 -0.9695
vn 0.2828 -0.2257 -0.9323
vn 0.4592 -0.2257 -0.8592
vn 0.6180 -0.2257 -0.7531
vn 0.7531 -0.2257 -0.6180
vn 0.8592 -0.2257 -0.4592
vn 0.9323 -0.2257 -0.2828
vn 0.9695 -0.2257 -0.0955
vn 0.9695 -0.2257 0.0955
vn 0.9323 -0.2257 0.2828
vn 0.8592 -0.2257 0.4592
vn 0.7531 -0.2257 0.6180
vn 0.6180 -0.2257 0.7531
vn 0.4592 -0.2257 0.8592
vn 0.2828 -0.2257 0.9323
vn 0.0955 -0.2257 0.9695
vn 0.8941 -0.2517 -0.3704
vn 0.8047 -0.2517 -0.5377
vn -0.8047 -0.2517 -0.5377
vn -0.8941 -0.2517 -0.3704
vn 0.1888 -0.2517 0.9492
vn 0.3704 -0.2517 0.8941
vn 0.6843 -0.2517 -0.6843
vn 0.5377 -0.2517 -0.8047
vn -0.9492 -0.2517 -0.1888
vn -0.9678 -0.2517 -0.0000
vn 0.5377 -0.2517 0.8047
vn 0.6843 -0.2517 0.6843
vn 0.3704 -0.2517 -0.8941
vn 0.1888 -0.2517 -0.9492
vn -0.9492 -0.2517 0.1888
vn -0.8941 -0.2517 0.3704
vn 0.8047 -0.2517 0.5377
vn 0.8941 -0.2517 0.3704
vn -0.8047 -0.2517 0.5377
vn -0.6843 -0.2517 0.6843
vn -0.0000 -0.2517 -0.9678
vn -0.1888 -0.2517 -0.9492
vn 0.9492 -0.2517 0.1888
vn 0.9678 -0.2517 -0.0000
vn -0.5377 -0.2517 0.8047
vn -0.3704 -0.2517 0.8941
vn -0.3704 -0.2517 -0.8941
vn -0.5377 -0.2517 -0.8047
vn 0.9492 -0.2517 -0.1888
vn -0.1888 -0.2517 0.9492
vn -0.0000 -0.2517 0.9678
vn -0.6843 -0.2517 -0.6843
vn -0.0970 -0.1407 0.9853
vn -0.2874 -0.1407 0.9474
vn -0.4667 -0.1407 0.8731
vn -0.6281 -0.1407 0.7653
vn -0.7653 -0.1407 0.6281
vn -0.8731 -0.1407 0.4667
vn -0.9474 -0.1407 0.2874
vn -0.9853 -0.1407 0.0970
vn -0.9853 -0.1407 -0.0970
vn -0.9474 -0.1407 -0.2874
vn -0.8731 -0.1407 -0.4667
vn -0.7653 -0.1407 -0.6281
vn -0.6281 -0.1407 -0.7653
vn -0.4667 -0.1407 -0.8731
vn -0.2874 -0.1407 -0.9474
vn -0.0970 -0.1407 -0.9853
vn 0.0970 -0.1407 -0.9853
vn 0.2874 -0.1407 -0.9474
vn 0.4667 -0.1407 -0.8731
vn 0.6281 -0.1407 -0.7653
vn 0.7653 -0.1407 -0.6281
vn 0.8731 -0.1407 -0.4667
vn 0.9474 -0.1407 -0.2874
vn 0.9853 -0.1407 -0.0970
vn 0.9853 -0.1407 0.0970
vn 0.9474 -0.1407 0.2874
vn 0.8731 -0.1407 0.4667
vn 0.7653 -0.1407 0.6281
vn 0.6281 -0.1407 0.7653
vn 0.4667 -0.1407 0.8731
vn 0.2874 -0.1407 0.9474
vn 0.0970 -0.1407 0.9853
vn 0.9826 -0.1856 -0.0000
vn 0.9637 -0.1856 -0.1917
vn -0.3760 -0.1856 0.9078
vn -0.1917 -0.1856 0.9637
vn -0.5459 -0.1856 -0.8170
vn -0.6948 -0.1856 -0.6948
vn 0.9078 -0.1856 -0.3760
vn 0.8170 -0.1856 -0.5459
vn -0.8170 -0.1856 -0.5459
vn -0.9078 -0.1856 -0.3760
vn 0.1917 -0.1856 0.9637
vn 0.3760 -0.1856 0.9078
vn 0.6948 -0.1856 -0.6948
vn 0.5459 -0.1856 -0.8170
vn -0.9637 -0.1856 -0.1917
vn -0.9826 -0.1856 -0.0000
vn 0.5459 -0.1856 0.8170
vn 0.6948 -0.1856 0.6948
vn 0.3760 -0.1856 -0.9078
vn 0.1917 -0.1856 -0.9637
vn -0.9637 -0.1856 0.1917
vn -0.9078 -0.1856 0.3760
vn 0.8170 -0.1856 0.5459
vn 0.9078 -0.1856 0.3760
vn -0.8170 -0.1856 0.5459
vn -0.6948 -0.1856 0.6948
vn -0.0000 -0.1856 -0.9826
vn -0.1917 -0.1856 -0.9637
vn 0.9637 -0.1856 0.1917
vn -0.5459 -0.1856 0.8170
vn -0.3760 -0.1856 -0.9078
vn -0.0000 -0.1856 0.9826
vn -0.0980 -0.0362 0.9945
vn -0.2901 -0.0362 0.9563
vn -0.4711 -0.0362 0.8813
vn -0.6340 -0.0362 0.7725
vn -0.7725 -0.0362 0.6340
vn -0.8813 -0.0362 0.4711
vn -0.9563 -0.0362 0.2901
vn -0.9945 -0.0362 0.0980
vn -0.9945 -0.0362 -0.0980
vn -0.9563 -0.0362 -0.2901
vn -0.8813 -0.0362 -0.4711
vn -0.7725 -0.0362 -0.6340
vn -0.6340 -0.0362 -0.7725
vn -0.4711 -0.0362 -0.8813
vn -0.2901 -0.0362 -0.9563
vn -0.0980 -0.0362 -0.9945
vn 0.0980 -0.0362 -0.9945
vn 0.2901 -0.0362 -0.9563
vn 0.4711 -0.0362 -0.8813
vn 0.6340 -0.0362 -0.7725
vn 0.7725 -0.0362 -0.6340
vn 0.8813 -0.0362 -0.4711
vn 0.9563 -0.0362 -0.2901
vn 0.9945 -0.0362 -0.0980
vn 0.9945 -0.0362 0.0980
vn 0.9563 -0.0362 0.2901
vn 0.8813 -0.0362 0.4711
vn 0.7725 -0.0362 0.6340
vn 0.6340 -0.0362 0.7725
vn 0.4711 -0.0362 0.8813
vn 0.2901 -0.0362 0.9563
vn 0.0980 -0.0362 0.9945
vn 0.9197 -0.0947 0.3810
vn 0.9764 -0.0947 0.1942
vn -0.7039 -0.0947 0.7039
vn -0.5531 -0.0947 0.8277
vn -0.1942 -0.0947 -0.9764
vn -0.3810 -0.0947 -0.9197
vn 0.9955 -0.0947 -0.0000
vn 0.9764 -0.0947 -0.1942
vn -0.3810 -0.0947 0.9197
vn -0.1942 -0.0947 0.9764
vn -0.5531 -0.0947 -0.8277
vn -0.7039 -0.0947 -0.7039
vn 0.9197 -0.0947 -0.3810
vn 0.8277 -0.0947 -0.5531
vn -0.8277 -0.0947 -0.5531
vn -0.9197 -0.0947 -0.3810
vn 0.1942 -0.0947 0.9764
vn 0.3810 -0.0947 0.9197
vn 0.7039 -0.0947 -0.7039
vn 0.5531 -0.0947 -0.8277
vn -0.9764 -0.0947 -0.1942
vn -0.9955 -0.0947 -0.0000
vn 0.5531 -0.0947 0.8277
vn 0.7039 -0.0947 0.7039
vn 0.3810 -0.0947 -0.9197
vn 0.1942 -0.0947 -0.9764
vn -0.9764 -0.0947 0.1942
vn -0.9197 -0.0947 0.3810
vn 0.8277 -0.0947 0.5531
vn -0.8277 -0.0947 0.5531
vn -0.0000 -0.0947 -0.9955
vn -0.0000 -0.0947 0.9955
vn -0.0967 0.1649 0.9816
vn -0.2863 0.1649 0.9438
vn -0.4649 0.1649 0.8698
vn -0.6257 0.1649 0.7624
vn -0.7624 0.1649 0.6257
vn -0.8698 0.1649 0.4649
vn -0.9438 0.1649 0.2863
vn -0.9816 0.1649 0.0967
vn -0.9816 0.1649 -0.0967
vn -0.9438 0.1649 -0.2863
vn -0.8698 0.1649 -0.4649
vn -0.7624 0.1649 -0.6257
vn -0.6257 0.1649 -0.7624
vn -0.4649 0.1649 -0.8698
vn -0.2863 0.1649 -0.9438
vn -0.0967 0.1649 -0.9816
vn 0.0967 0.1649 -0.9816
vn 0.2863 0.1649 -0.9438
vn 0.4649 0.1649 -0.8698
vn 0.6257 0.1649 -0.7624
vn 0.7624 0.1649 -0.6257
vn 0.8698 0.1649 -0.4649
vn 0.9438 0.1649 -0.2863
vn 0.9816 0.1649 -0.0967
vn 0.9816 0.1649 0.0967
vn 0.9438 0.1649 0.2863
vn 0.8698 0.1649 0.4649
vn 0.7624 0.1649 0.6257
vn 0.6257 0.1649 0.7624
vn 0.4649 0.1649 0.8698
vn 0.2863 0.1649 0.9438
vn 0.0967 0.1649 0.9816
vn 0.7063 0.0469 0.7063
vn 0.8306 0.0469 0.5550
vn 0.1949 0.0469 -0.9797
vn -0.0000 0.0469 -0.9989
vn -0.9229 0.0469 0.3823
vn -0.8306 0.0469 0.5550
vn 0.9229 0.0469 0.3823
vn 0.9797 0.0469 0.1949
vn -0.7063 0.0469 0.7063
vn -0.5550 0.0469 0.8306
vn -0.1949 0.0469 -0.9797
vn -0.3823 0.0469 -0.9229
vn 0.9989 0.0469 -0.0000
vn 0.9797 0.0469 -0.1949
vn -0.3823 0.0469 0.9229
vn -0.1949 0.0469 0.9797
vn -0.5550 0.0469 -0.8306
vn -0.7063 0.0469 -0.7063
vn 0.9229 0.0469 -0.3823
vn 0.8306 0.0469 -0.5550
vn -0.8306 0.0469 -0.5550
vn -0.9229 0.0469 -0.3823
vn 0.1949 0.0469 0.9797
vn 0.3823 0.0469 0.9229
vn 0.7063 0.0469 -0.7063
vn 0.5550 0.0469 -0.8306
vn -0.9797 0.0469 -0.1949
vn -0.9989 0.0469 -0.0000
vn 0.5550 0.0469 0.8306
vn 0.3823 0.0469 -0.9229
vn -0.9797 0.0469 0.1949
vn -0.0000 0.0469 0.9989
vn -0.0885 0.4304 0.8983
vn -0.2620 0.4304 0.8638
vn -0.4255 0.4304 0.7961
vn -0.5726 0.4304 0.6978
vn -0.6978 0.4304 0.5726
vn -0.7961 0.4304 0.4255
vn -0.8638 0.4304 0.2620
vn -0.8983 0.4304 0.0885
vn -0.8983 0.4304 -0.0885
vn -0.8638 0.4304 -0.2620
vn -0.7961 0.4304 -0.4255
vn -0.6978 0.4304 -0.5726
vn -0.5726 0.4304 -0.6978
vn -0.4255 0.4304 -0.7961
vn -0.2620 0.4304 -0.8638
vn -0.0885 0.4304 -0.8983
vn 0.0885 0.4304 -0.8983
vn 0.2620 0.4304 -0.8638
vn 0.4255 0.4304 -0.7961
vn 0.5726 0.4304 -0.6978
vn 0.6978 0.4304 -0.5726
vn 0.7961 0.4304 -0.4255
vn 0.8638 0.4304 -0.2620
vn 0.8983 0.4304 -0.0885
vn 0.8983 0.4304 0.0885
vn 0.8638 0.4304 0.2620
vn 0.7961 0.4304 0.4255
vn 0.6978 0.4304 0.5726
vn 0.5726 0.4304 0.6978
vn 0.4255 0.4304 0.7961
vn 0.2620 0.4304 0.8638
vn 0.0885 0.4304 0.8983
vn 0.3647 0.3026 0.8806
vn 0.5295 0.3026 0.7925
vn 0.5295 0.3026 -0.7925
vn 0.3647 0.3026 -0.8806
vn -0.9531 0.3026 -0.0000
vn -0.9348 0.3026 0.1859
vn 0.6740 0.3026 0.6740
vn 0.7925 0.3026 0.5295
vn 0.1859 0.3026 -0.9348
vn -0.0000 0.3026 -0.9531
vn -0.8806 0.3026 0.3647
vn -0.7925 0.3026 0.5295
vn 0.8806 0.3026 0.3647
vn 0.9348 0.3026 0.1859
vn -0.6740 0.3026 0.6740
vn -0.5295 0.3026 0.7925
vn -0.1859 0.3026 -0.9348
vn -0.3647 0.3026 -0.8806
vn 0.9531 0.3026 -0.0000
vn 0.9348 0.3026 -0.1859
vn -0.3647 0.3026 0.8806
vn -0.1859 0.3026 0.9348
vn -0.5295 0.3026 -0.7925
vn -0.6740 0.3026 -0.6740
vn 0.8806 0.3026 -0.3647
vn 0.7925 0.3026 -0.5295
vn -0.7925 0.3026 -0.5295
vn -0.8806 0.3026 -0.3647
vn 0.1859 0.3026 0.9348
vn 0.6740 0.3026 -0.6740
vn -0.9348 0.3026 -0.1859
vn -0.0000 0.3026 0.9531
vn -0.0708 0.6920 0.7184
vn -0.2096 0.6920 0.6908
vn -0.3403 0.6920 0.6367
vn -0.4580 0.6920 0.5580
vn -0.5580 0.6920 0.4580
vn -0.6367 0.6920 0.3403
vn -0.6908 0.6920 0.2096
vn -0.7184 0.6920 0.0708
vn -0.7184 0.6920 -0.0708
vn -0.6908 0.6920 -0.2096
vn -0.6367 0.6920 -0.3403
vn -0.5580 0.6920 -0.4580
vn -0.4580 0.6920 -0.5580
vn -0.3403 0.6920 -0.6367
vn -0.2096 0.6920 -0.6908
vn -0.0708 0.6920 -0.7184
vn 0.0708 0.6920 -0.7184
vn 0.2096 0.6920 -0.6908
vn 0.3403 0.6920 -0.6367
vn 0.4580 0.6920 -0.5580
vn 0.5580 0.6920 -0.4580
vn 0.6367 0.6920 -0.3403
vn 0.6908 0.6920 -0.2096
vn 0.7184 0.6920 -0.0708
vn 0.7184 0.6920 0.0708
vn 0.6908 0.6920 0.2096
vn 0.6367 0.6920 0.3403
vn 0.5580 0.6920 0.4580
vn 0.4580 0.6920 0.5580
vn 0.3403 0.6920 0.6367
vn 0.2096 0.6920 0.6908
vn 0.0708 0.6920 0.7184
vn -0.0000 0.5593 0.8290
vn 0.1617 0.5592 0.8131
vn 0.6893 0.5592 -0.4606
vn 0.5862 0.5593 -0.5862
vn -0.7659 0.5592 -0.3172
vn -0.8131 0.5593 -0.1617
vn 0.3172 0.5593 0.7659
vn 0.4606 0.5593 0.6893
vn 0.4606 0.5593 -0.6893
vn 0.3172 0.5593 -0.7659
vn -0.8290 0.5593 -0.0000
vn -0.8131 0.5593 0.1617
vn 0.5862 0.5592 0.5862
vn 0.6893 0.5593 0.4606
vn 0.1617 0.5593 -0.8131
vn -0.0000 0.5593 -0.8290
vn -0.7659 0.5592 0.3172
vn -0.6893 0.5592 0.4606
vn 0.7659 0.5593 0.3172
vn 0.8131 0.5593 0.1617
vn -0.5862 0.5592 0.5862
vn -0.4606 0.5593 0.6893
vn -0.1617 0.5593 -0.8131
vn -0.3172 0.5593 -0.7659
vn 0.8290 0.5593 -0.0000
vn 0.8131 0.5593 -0.1617
vn -0.3172 0.5592 0.7659
vn -0.1617 0.5592 0.8131
vn -0.4606 0.5592 -0.6893
vn -0.5862 0.5592 -0.5862
vn 0.7659 0.5593 -0.3172
vn -0.6893 0.5592 -0.4606
vn -0.0481 0.8716 0.4879
vn -0.1423 0.8716 0.4691
vn -0.2311 0.8716 0.4324
vn -0.3110 0.8716 0.3790
vn -0.3790 0.8716 0.3110
vn -0.4324 0.8716 0.2311
vn -0.4691 0.8716 0.1423
vn -0.4879 0.8716 0.0481
vn -0.4879 0.8716 -0.0481
vn -0.4692 0.8716 -0.1423
vn -0.4324 0.8716 -0.2311
vn -0.3790 0.8716 -0.3110
vn -0.3110 0.8716 -0.3790
vn -0.2311 0.8716 -0.4324
vn -0.1423 0.8716 -0.4692
vn -0.0481 0.8716 -0.4879
vn 0.0481 0.8716 -0.4879
vn 0.1423 0.8716 -0.4691
vn 0.2311 0.8716 -0.4324
vn 0.3110 0.8716 -0.3790
vn 0.3790 0.8716 -0.3110
vn 0.4324 0.8716 -0.2311
vn 0.4692 0.8716 -0.1423
vn 0.4879 0.8716 -0.0481
vn 0.4879 0.8716 0.0481
vn 0.4691 0.8716 0.1423
vn 0.4324 0.8716 0.2311
vn 0.3790 0.8716 0.3110
vn 0.3110 0.8716 0.3790
vn 0.2311 0.8716 0.4324
vn 0.1423 0.8716 0.4692
vn 0.0481 0.8716 0.4879
vn 0.5897 0.7991 -0.1173
vn 0.5555 0.7991 -0.2301
vn -0.1173 0.7991 0.5897
vn -0.0000 0.7991 0.6012
vn -0.4251 0.7991 -0.4251
vn -0.4999 0.7991 -0.3340
vn 0.1173 0.7991 0.5897
vn 0.4999 0.7991 -0.3340
vn 0.4251 0.7991 -0.4251
vn -0.5555 0.7991 -0.2301
vn -0.5897 0.7991 -0.1173
vn 0.2301 0.7991 0.5555
vn 0.3340 0.7991 0.4999
vn 0.3340 0.7991 -0.4999
vn 0.2301 0.7991 -0.5555
vn -0.6012 0.7991 -0.0000
vn -0.5897 0.7991 0.1173
vn 0.4251 0.7991 0.4251
vn 0.4999 0.7991 0.3340
vn 0.1173 0.7991 -0.5897
vn -0.0000 0.7991 -0.6012
vn -0.5555 0.7991 0.2301
vn -0.4999 0.7991 0.3340
vn 0.5555 0.7991 0.2301
vn 0.5897 0.7991 0.1173
vn -0.4251 0.7991 0.4251
vn -0.3340 0.7991 0.4999
vn -0.1173 0.7991 -0.5897
vn -0.2301 0.7991 -0.5555
vn 0.6012 0.7991 -0.0000
vn -0.2301 0.7991 0.5555
vn -0.3340 0.7991 -0.4999
vn -0.0298 0.9527 0.3025
vn -0.0882 0.9527 0.2909
vn -0.1433 0.9527 0.2681
vn -0.1928 0.9527 0.2350
vn -0.2350 0.9527 0.1928
vn -0.2681 0.9527 0.1433
vn -0.2909 0.9527 0.0882
vn -0.3025 0.9527 0.0298
vn -0.3025 0.9527 -0.0298
vn -0.2909 0.9527 -0.0882
vn -0.2681 0.9527 -0.1433
vn -0.2350 0.9527 -0.1928
vn -0.1928 0.9527 -0.2350
vn -0.1433 0.9527 -0.2681
vn -0.0882 0.9527 -0.2909
vn -0.0298 0.9527 -0.3025
vn 0.0298 0.9527 -0.3025
vn 0.0882 0.9527 -0.2909
vn 0.1433 0.9527 -0.2681
vn 0.1928 0.9527 -0.2350
vn 0.2350 0.9527 -0.1928
vn 0.2681 0.9527 -0.1433
vn 0.2909 0.9527 -0.0882
vn 0.3025 0.9527 -0.0298
vn 0.3025 0.9527 0.0298
vn 0.2909 0.9527 0.0882
vn 0.2681 0.9527 0.1433
vn 0.2350 0.9527 0.1928
vn 0.1928 0.9527 0.2350
vn 0.1433 0.9527 0.2681
vn 0.0882 0.9527 0.2909
vn 0.0298 0.9527 0.3025
vn 0.3960 0.9149 0.0788
vn 0.4038 0.9149 -0.0000
vn -0.2243 0.9149 0.3357
vn -0.1545 0.9149 0.3730
vn -0.1545 0.9149 -0.3730
vn -0.2243 0.9149 -0.3357
vn 0.3960 0.9149 -0.0788
vn 0.3730 0.9149 -0.1545
vn -0.0788 0.9149 0.3960
vn -0.0000 0.9149 0.4038
vn -0.2855 0.9149 -0.2855
vn -0.3357 0.9149 -0.2243
vn 0.0788 0.9149 0.3960
vn 0.3357 0.9149 -0.2243
vn 0.2855 0.9149 -0.2855
vn -0.3730 0.9149 -0.1545
vn -0.3960 0.9149 -0.0788
vn 0.1545 0.9149 0.3730
vn 0.2243 0.9149 0.3357
vn 0.2243 0.9149 -0.3357
vn 0.1545 0.9149 -0.3730
vn -0.4038 0.9149 -0.0000
vn -0.3960 0.9149 0.0788
vn 0.2855 0.9149 0.2855
vn 0.3357 0.9149 0.2243
vn 0.0788 0.9149 -0.3960
vn -0.0000 0.9149 -0.4038
vn -0.3730 0.9149 0.1545
vn -0.3357 0.9149 0.2243
vn 0.3730 0.9149 0.1545
vn -0.2855 0.9149 0.2855
vn -0.0788 0.9149 -0.3960
vn 0.1012 0.9926 0.0676
vn 0.1125 0.9926 0.0466
vn -0.1012 0.9926 0.0676
vn -0.0861 0.9926 0.0861
vn -0.0000 0.9926 -0.1217
vn -0.0237 0.9926 -0.1194
vn 0.1194 0.9926 0.0238
vn 0.1217 0.9926 -0.0000
vn -0.0676 0.9926 0.1012
vn -0.0466 0.9926 0.1125
vn -0.0466 0.9926 -0.1125
vn -0.0676 0.9926 -0.1012
vn 0.1194 0.9926 -0.0237
vn 0.1125 0.9926 -0.0466
vn -0.0237 0.9926 0.1194
vn -0.0000 0.9926 0.1217
vn -0.0861 0.9926 -0.0861
vn -0.1012 0.9926 -0.0676
vn 0.0237 0.9926 0.1194
vn 0.1012 0.9926 -0.0676
vn 0.0861 0.9926 -0.0861
vn -0.1125 0.9926 -0.0466
vn -0.1194 0.9926 -0.0238
vn 0.0466 0.9926 0.1125
vn 0.0676 0.9926 0.1012
vn 0.0676 0.9926 -0.1012
vn 0.0466 0.9926 -0.1125
vn -0.1217 0.9926 -0.0000
vn -0.1194 0.9926 0.0237
vn 0.0861 0.9926 0.0861
vn 0.0237 0.9926 -0.1194
vn -0.1125 0.9926 0.0466
vn -0.2715 -0.7048 -0.6554
vn -0.3613 -0.7596 -0.5408
vn -0.3941 -0.7048 0.5898
vn -0.2489 -0.7596 0.6009
vn 0.7094 -0.7048 -0.0000
vn 0.6379 -0.7596 -0.1269
vn -0.5016 -0.7048 -0.5016
vn -0.5408 -0.7596 -0.3613
vn -0.1384 -0.7048 0.6957
vn -0.0000 -0.7596 0.6504
vn 0.6554 -0.7048 -0.2715
vn 0.5408 -0.7596 -0.3613
vn -0.6554 -0.7048 -0.2715
vn -0.6379 -0.7596 -0.1269
vn 0.5016 -0.7048 -0.5016
vn 0.3613 -0.7596 -0.5408
vn 0.1384 -0.7048 0.6957
vn 0.2489 -0.7596 0.6009
vn -0.7094 -0.7048 -0.0000
vn -0.6379 -0.7596 0.1269
vn 0.2715 -0.7048 -0.6554
vn 0.1269 -0.7596 -0.6379
vn 0.3941 -0.7048 0.5898
vn 0.4599 -0.7596 0.4599
vn -0.6554 -0.7048 0.2715
vn -0.5408 -0.7596 0.3613
vn 0.5898 -0.7048 0.3941
vn 0.6009 -0.7596 0.2489
vn -0.1384 -0.7048 -0.6957
vn -0.5016 -0.7048 0.5016
vn 0.6957 -0.7048 0.1384
vn -0.0000 -0.7596 -0.6504
vn 0.6446 -0.7391 0.1955
vn -0.5207 -0.7391 0.4273
vn -0.0660 -0.7391 -0.6703
vn 0.5207 -0.7391 0.4273
vn 0.0660 -0.7391 -0.6703
vn -0.6446 -0.7391 0.1955
vn 0.3175 -0.7391 0.5940
vn 0.3175 -0.7391 -0.5940
vn -0.6703 -0.7391 -0.0660
vn 0.0660 -0.7391 0.6703
vn 0.5207 -0.7391 -0.4273
vn -0.5940 -0.7391 -0.3175
vn 0.6446 -0.7391 -0.1955
vn -0.1955 -0.7391 0.6446
vn -0.4273 -0.7391 -0.5207
vn 0.6703 -0.7391 0.0660
vn -0.4273 -0.7391 0.5207
vn -0.1955 -0.7391 -0.6446
vn 0.5940 -0.7391 0.3175
vn -0.5940 -0.7391 0.3175
vn 0.4273 -0.7391 0.5207
vn 0.1955 -0.7391 -0.6446
vn -0.6703 -0.7391 0.0660
vn 0.1955 -0.7391 0.6446
vn 0.4273 -0.7391 -0.5207
vn -0.6446 -0.7391 -0.1955
vn 0.5940 -0.7391 -0.3175
vn -0.0660 -0.7391 0.6703
vn -0.5207 -0.7391 -0.4273
vn 0.6703 -0.7391 -0.0660
vn -0.3175 -0.7391 0.5940
vn -0.3175 -0.7391 -0.5940
vn -0.0041 -0.9991 0.0418
vn -0.0122 -0.9991 0.0402
vn -0.0198 -0.9991 0.0371
vn -0.0267 -0.9991 0.0325
vn -0.0325 -0.9991 0.0267
vn -0.0371 -0.9991 0.0198
vn -0.0402 -0.9991 0.0122
vn -0.0418 -0.9991 0.0041
vn -0.0418 -0.9991 -0.0041
vn -0.0402 -0.9991 -0.0122
vn -0.0371 -0.9991 -0.0198
vn -0.0325 -0.9991 -0.0267
vn -0.0267 -0.9991 -0.0325
vn -0.0198 -0.9991 -0.0371
vn -0.0122 -0.9991 -0.0402
vn -0.0041 -0.9991 -0.0418
vn 0.0041 -0.9991 -0.0418
vn 0.0122 -0.9991 -0.0402
vn 0.0198 -0.9991 -0.0371
vn 0.0267 -0.9991 -0.0325
vn 0.0325 -0.9991 -0.0267
vn 0.0371 -0.9991 -0.0198
vn 0.0402 -0.9991 -0.0122
vn 0.0418 -0.9991 -0.0041
vn 0.0418 -0.9991 0.0041
vn 0.0402 -0.9991 0.0122
vn 0.0371 -0.9991 0.0198
vn 0.0325 -0.9991 0.0267
vn 0.0267 -0.9991 0.0325
vn 0.0198 -0.9991 0.0371
vn 0.0122 -0.9991 0.0402
vn 0.0041 -0.9991 0.0418
vn -0.0056 -0.9984 0.0567
vn -0.0165 -0.9984 0.0545
vn -0.0269 -0.9984 0.0503
vn -0.0362 -0.9984 0.0441
vn -0.0441 -0.9984 0.0362
vn -0.0503 -0.9984 0.0269
vn -0.0545 -0.9984 0.0165
vn -0.0567 -0.9984 0.0056
vn -0.0567 -0.9984 -0.0056
vn -0.0545 -0.9984 -0.0165
vn -0.0503 -0.9984 -0.0269
vn -0.0441 -0.9984 -0.0362
vn -0.0362 -0.9984 -0.0441
vn -0.0269 -0.9984 -0.0503
vn -0.0165 -0.9984 -0.0545
vn -0.0056 -0.9984 -0.0567
vn 0.0056 -0.9984 -0.0567
vn 0.0165 -0.9984 -0.0545
vn 0.0269 -0.9984 -0.0503
vn 0.0362 -0.9984 -0.0441
vn 0.0441 -0.9984 -0.0362
vn 0.0503 -0.9984 -0.0269
vn 0.0545 -0.9984 -0.0165
vn 0.0567 -0.9984 -0.0056
vn 0.0567 -0.9984 0.0056
vn 0.0545 -0.9984 0.0165
vn 0.0503 -0.9984 0.0269
vn 0.0441 -0.9984 0.0362
vn 0.0362 -0.9984 0.0441
vn 0.0269 -0.9984 0.0503
vn 0.0165 -0.9984 0.0545
vn 0.0056 -0.9984 0.0567
vn 0.0637 -0.9971 0.0426
vn 0.0609 -0.9963 0.0609
vn -0.0000 -0.9971 -0.0767
vn 0.0168 -0.9963 -0.0845
vn -0.0637 -0.9971 0.0426
vn -0.0796 -0.9963 0.0330
vn 0.0752 -0.9971 0.0150
vn 0.0796 -0.9963 0.0330
vn -0.0426 -0.9971 0.0637
vn -0.0609 -0.9963 0.0609
vn -0.0293 -0.9971 -0.0708
vn -0.0168 -0.9963 -0.0845
vn 0.0752 -0.9971 -0.0150
vn 0.0861 -0.9963 -0.0000
vn -0.0150 -0.9971 0.0752
vn -0.0330 -0.9963 0.0796
vn -0.0542 -0.9971 -0.0542
vn -0.0479 -0.9963 -0.0716
vn 0.0637 -0.9971 -0.0426
vn 0.0796 -0.9963 -0.0330
vn -0.0708 -0.9971 -0.0293
vn -0.0716 -0.9963 -0.0479
vn 0.0293 -0.9971 0.0708
vn 0.0168 -0.9963 0.0845
vn 0.0426 -0.9971 -0.0637
vn 0.0609 -0.9963 -0.0609
vn -0.0767 -0.9971 -0.0000
vn -0.0845 -0.9963 -0.0168
vn 0.0479 -0.9963 0.0716
vn 0.0330 -0.9963 -0.0796
vn -0.0845 -0.9963 0.0168
vn -0.0000 -0.9971 0.0767
vn -0.0012 -0.9999 0.0123
vn -0.0036 -0.9999 0.0118
vn -0.0058 -0.9999 0.0109
vn -0.0078 -0.9999 0.0095
vn -0.0095 -0.9999 0.0078
vn -0.0109 -0.9999 0.0058
vn -0.0118 -0.9999 0.0036
vn -0.0123 -0.9999 0.0012
vn -0.0123 -0.9999 -0.0012
vn -0.0118 -0.9999 -0.0036
vn -0.0109 -0.9999 -0.0058
vn -0.0095 -0.9999 -0.0078
vn -0.0078 -0.9999 -0.0095
vn -0.0058 -0.9999 -0.0109
vn -0.0036 -0.9999 -0.0118
vn -0.0012 -0.9999 -0.0123
vn 0.0012 -0.9999 -0.0123
vn 0.0036 -0.9999 -0.0118
vn 0.0058 -0.9999 -0.0109
vn 0.0078 -0.9999 -0.0095
vn 0.0095 -0.9999 -0.0078
vn 0.0109 -0.9999 -0.0058
vn 0.0118 -0.9999 -0.0036
vn 0.0123 -0.9999 -0.0012
vn 0.0123 -0.9999 0.0012
vn 0.0118 -0.9999 0.0036
vn 0.0109 -0.9999 0.0058
vn 0.0095 -0.9999 0.0078
vn 0.0078 -0.9999 0.0095
vn 0.0058 -0.9999 0.0109
vn 0.0036 -0.9999 0.0118
vn 0.0012 -0.9999 0.0123
vn 0.0146 -0.9997 0.0218
vn 0.0100 -0.9997 0.0242
vn 0.0100 -0.9997 -0.0242
vn 0.0146 -0.9997 -0.0218
vn -0.0257 -0.9997 0.0051
vn -0.0262 -0.9997 -0.0000
vn 0.0218 -0.9997 0.0146
vn 0.0186 -0.9997 0.0186
vn -0.0000 -0.9997 -0.0262
vn 0.0051 -0.9997 -0.0257
vn -0.0218 -0.9997 0.0146
vn -0.0242 -0.9997 0.0100
vn 0.0257 -0.9997 0.0051
vn 0.0242 -0.9997 0.0100
vn -0.0146 -0.9997 0.0218
vn -0.0186 -0.9997 0.0186
vn -0.0100 -0.9997 -0.0242
vn -0.0051 -0.9997 -0.0257
vn 0.0257 -0.9997 -0.0051
vn 0.0262 -0.9997 -0.0000
vn -0.0051 -0.9997 0.0257
vn -0.0100 -0.9997 0.0242
vn -0.0186 -0.9997 -0.0186
vn -0.0146 -0.9997 -0.0218
vn 0.0218 -0.9997 -0.0146
vn 0.0242 -0.9997 -0.0100
vn -0.0242 -0.9997 -0.0100
vn -0.0218 -0.9997 -0.0146
vn 0.0051 -0.9997 0.0257
vn 0.0186 -0.9997 -0.0186
vn -0.0257 -0.9997 -0.0051
vn -0.0000 -0.9997 0.0262
vn -0.3080 0.9289 -0.2058
vn -0.0000 0.9289 0.3704
vn 0.3080 0.9289 -0.2058
vn -0.3633 0.9289 -0.0723
vn 0.2058 0.9289 -0.3080
vn 0.1417 0.9289 0.3422
vn -0.3633 0.9289 0.0723
vn 0.0723 0.9289 -0.3633
vn 0.2619 0.9289 0.2619
vn -0.3080 0.9289 0.2058
vn 0.3422 0.9289 0.1417
vn -0.1417 0.9289 -0.3422
vn -0.2058 0.9289 0.3080
vn 0.3704 0.9289 -0.0000
vn -0.0000 0.9289 -0.3704
vn -0.3565 0.8636 -0.3565
vn -0.0984 0.8636 0.4945
vn 0.4658 0.8636 -0.1930
vn -0.4658 0.8636 -0.1930
vn 0.3565 0.8636 -0.3565
vn 0.0984 0.8636 0.4945
vn -0.5042 0.8636 -0.0000
vn 0.1930 0.8636 -0.4658
vn 0.2801 0.8636 0.4192
vn -0.4658 0.8636 0.1930
vn 0.4192 0.8636 0.2801
vn -0.0984 0.8636 -0.4945
vn -0.3565 0.8636 0.3565
vn 0.4945 0.8636 0.0984
vn -0.2801 0.8636 -0.4192
vn -0.1930 0.8636 0.4658
vn 0.4945 0.8636 -0.0984
vn -0.3390 0.8987 -0.2782
vn -0.0430 0.8987 0.4364
vn 0.3867 0.8987 -0.2067
vn -0.4196 0.8987 -0.1273
vn 0.2782 0.8987 -0.3390
vn 0.1273 0.8987 0.4196
vn -0.4364 0.8987 0.0430
vn 0.1273 0.8987 -0.4196
vn 0.2782 0.8987 0.3390
vn -0.3867 0.8987 0.2067
vn 0.3867 0.8987 0.2067
vn -0.1273 0.8987 -0.4196
vn -0.2782 0.8987 0.3390
vn 0.4364 0.8987 0.0430
vn -0.2782 0.8987 -0.3390
vn -0.1273 0.8987 0.4196
vn 0.4196 0.8987 -0.1273
vn -0.3867 0.8987 -0.2067
vn 0.3390 0.8987 -0.2782
vn 0.0430 0.8987 0.4364
vn -0.4364 0.8987 -0.0430
vn 0.2067 0.8987 -0.3867
vn 0.2067 0.8987 0.3867
vn -0.4196 0.8987 0.1273
vn 0.0430 0.8987 -0.4364
vn 0.3390 0.8987 0.2782
vn -0.0430 0.8987 -0.4364
vn -0.3390 0.8987 0.2782
vn 0.4196 0.8987 0.1273
vn -0.2067 0.8987 -0.3867
vn -0.2067 0.8987 0.3867
vn 0.4364 0.8987 -0.0430
vn -0.1771 0.9681 -0.1771
vn -0.0489 0.9681 0.2457
vn 0.2314 0.9681 -0.0959
vn -0.2314 0.9681 -0.0959
vn 0.1771 0.9681 -0.1771
vn 0.0489 0.9681 0.2457
vn -0.2505 0.9681 -0.0000
vn 0.0959 0.9681 -0.2314
vn 0.1392 0.9681 0.2083
vn -0.2314 0.9681 0.0959
vn 0.2083 0.9681 0.1392
vn -0.0489 0.9681 -0.2457
vn -0.1771 0.9681 0.1771
vn 0.2457 0.9681 0.0489
vn -0.1392 0.9681 -0.2083
vn -0.0959 0.9681 0.2314
vn 0.2457 0.9681 -0.0489
vn 0.1871 0.9822 -0.0184
vn -0.0886 0.9822 0.1658
vn -0.0886 0.9822 -0.1658
vn 0.1799 0.9822 0.0546
vn -0.1453 0.9822 0.1193
vn -0.0184 0.9822 -0.1871
vn 0.1453 0.9822 0.1193
vn 0.0184 0.9822 -0.1871
vn -0.1799 0.9822 0.0546
vn 0.0886 0.9822 0.1658
vn 0.0886 0.9822 -0.1658
vn -0.1871 0.9822 -0.0184
vn 0.0184 0.9822 0.1871
vn 0.1453 0.9822 -0.1193
vn -0.1658 0.9822 -0.0886
vn 0.1799 0.9822 -0.0546
vn -0.0546 0.9822 0.1799
vn -0.1193 0.9822 -0.1453
vn 0.1871 0.9822 0.0184
vn -0.1193 0.9822 0.1453
vn -0.0546 0.9822 -0.1799
vn 0.1658 0.9822 0.0886
vn -0.1658 0.9822 0.0886
vn 0.1193 0.9822 0.1453
vn 0.0546 0.9822 -0.1799
vn -0.1871 0.9822 0.0184
vn 0.0546 0.9822 0.1799
vn 0.1193 0.9822 -0.1453
vn -0.1799 0.9822 -0.0546
vn 0.1658 0.9822 -0.0886
vn -0.0184 0.9822 0.1871
vn -0.1453 0.9822 -0.1193
vn -0.4924 -0.8461 -0.2040
vn -0.3365 -0.9393 -0.0669
vn 0.3769 -0.8461 -0.3769
vn 0.1906 -0.9393 -0.2853
vn 0.1040 -0.8461 0.5227
vn 0.1313 -0.9393 0.3170
vn -0.5330 -0.8461 -0.0000
vn -0.3365 -0.9393 0.0669
vn 0.2040 -0.8461 -0.4924
vn 0.0669 -0.9393 -0.3365
vn 0.2961 -0.8461 0.4431
vn 0.2426 -0.9393 0.2426
vn -0.4924 -0.8461 0.2040
vn -0.2853 -0.9393 0.1906
vn 0.4431 -0.8461 0.2961
vn 0.3170 -0.9393 0.1313
vn -0.1040 -0.8461 -0.5227
vn -0.1313 -0.9393 -0.3170
vn -0.3769 -0.8461 0.3769
vn -0.1906 -0.9393 0.2853
vn 0.5227 -0.8461 0.1040
vn 0.3431 -0.9393 -0.0000
vn -0.2961 -0.8461 -0.4431
vn -0.2426 -0.9393 -0.2426
vn -0.2040 -0.8461 0.4924
vn -0.0669 -0.9393 0.3365
vn 0.5227 -0.8461 -0.1040
vn 0.3170 -0.9393 -0.1313
vn -0.4431 -0.8461 -0.2961
vn 0.4431 -0.8461 -0.2961
vn -0.0000 -0.8461 0.5330
vn -0.0000 -0.9393 -0.3431
vn 0.3191 -0.9322 -0.1706
vn -0.0355 -0.9322 0.3601
vn -0.2797 -0.9322 -0.2295
vn 0.3601 -0.9322 -0.0355
vn -0.1706 -0.9323 0.3191
vn -0.1706 -0.9322 -0.3191
vn 0.3462 -0.9322 0.1050
vn -0.2797 -0.9322 0.2295
vn -0.0355 -0.9322 -0.3601
vn 0.2797 -0.9322 0.2295
vn 0.0355 -0.9322 -0.3601
vn -0.3462 -0.9322 0.1050
vn 0.1706 -0.9322 0.3191
vn 0.1706 -0.9322 -0.3191
vn -0.3601 -0.9322 -0.0355
vn 0.0355 -0.9322 0.3601
vn 0.2797 -0.9322 -0.2295
vn -0.3191 -0.9322 -0.1706
vn 0.3462 -0.9322 -0.1050
vn -0.1050 -0.9322 0.3462
vn -0.2295 -0.9322 -0.2797
vn 0.3601 -0.9322 0.0355
vn -0.2295 -0.9322 0.2797
vn -0.1050 -0.9322 -0.3462
vn 0.3191 -0.9322 0.1706
vn -0.3191 -0.9322 0.1706
vn 0.2295 -0.9322 0.2797
vn 0.1050 -0.9322 -0.3462
vn -0.3601 -0.9322 0.0355
vn 0.1050 -0.9322 0.3462
vn 0.2295 -0.9322 -0.2797
vn -0.3462 -0.9322 -0.1050
vn -0.0000 0.9139 -0.4059
vn 0.0139 0.9898 -0.1416
vn 0.0792 0.9139 -0.3981
vn 0.0722 0.6767 -0.7327
vn -0.0000 0.4153 -0.9097
vn 0.1775 0.4153 -0.8922
vn 0.0959 0.2050 -0.9741
vn 0.0413 0.9898 -0.1361
vn 0.1553 0.9139 -0.3750
vn 0.2137 0.6767 -0.7046
vn 0.3481 0.4153 -0.8405
vn 0.2841 0.2050 -0.9366
vn 0.0671 0.9898 -0.1255
vn 0.2255 0.9139 -0.3375
vn 0.3471 0.6767 -0.6493
vn 0.5054 0.4153 -0.7564
vn 0.4614 0.2050 -0.8632
vn 0.0902 0.9898 -0.1100
vn 0.2870 0.9139 -0.2870
vn 0.4671 0.6767 -0.5692
vn 0.6433 0.4153 -0.6433
vn 0.6209 0.2050 -0.7566
vn 0.1100 0.9898 -0.0902
vn 0.3375 0.9139 -0.2255
vn 0.5692 0.6767 -0.4671
vn 0.7564 0.4153 -0.5054
vn 0.7566 0.2050 -0.6209
vn 0.1255 0.9898 -0.0671
vn 0.3750 0.9139 -0.1553
vn 0.6494 0.6767 -0.3471
vn 0.8405 0.4153 -0.3481
vn 0.8632 0.2050 -0.4614
vn 0.1361 0.9898 -0.0413
vn 0.3981 0.9139 -0.0792
vn 0.7046 0.6767 -0.2137
vn 0.8922 0.4153 -0.1775
vn 0.9366 0.2050 -0.2841
vn 0.1416 0.9898 -0.0139
vn 0.4059 0.9139 -0.0000
vn 0.7328 0.6767 -0.0722
vn 0.9097 0.4153 -0.0000
vn 0.9741 0.2050 -0.0959
vn 0.1416 0.9898 0.0139
vn 0.3981 0.9139 0.0792
vn 0.7327 0.6767 0.0722
vn 0.8922 0.4153 0.1775
vn 0.9741 0.2050 0.0959
vn 0.1361 0.9898 0.0413
vn 0.3750 0.9139 0.1553
vn 0.7046 0.6767 0.2137
vn 0.8405 0.4153 0.3481
vn 0.9366 0.2050 0.2841
vn 0.1255 0.9898 0.0671
vn 0.3375 0.9139 0.2255
vn 0.6494 0.6767 0.3471
vn 0.7564 0.4153 0.5054
vn 0.8632 0.2050 0.4614
vn 0.1100 0.9898 0.0902
vn 0.2870 0.9139 0.2870
vn 0.5692 0.6767 0.4671
vn 0.6433 0.4153 0.6433
vn 0.7566 0.2050 0.6209
vn 0.0902 0.9898 0.1100
vn 0.2255 0.9139 0.3375
vn 0.4671 0.6767 0.5692
vn 0.5054 0.4153 0.7564
vn 0.6209 0.2050 0.7566
vn 0.0671 0.9898 0.1255
vn 0.1553 0.9139 0.3750
vn 0.3471 0.6767 0.6494
vn 0.3481 0.4153 0.8405
vn 0.4614 0.2050 0.8632
vn 0.0413 0.9898 0.1361
vn 0.0792 0.9139 0.3981
vn 0.2137 0.6767 0.7046
vn 0.1775 0.4153 0.8922
vn 0.2841 0.2050 0.9366
vn 0.0139 0.9898 0.1416
vn -0.0000 0.9139 0.4059
vn 0.0722 0.6767 0.7327
vn -0.0000 0.4153 0.9097
vn 0.0959 0.2050 0.9741
vn -0.0139 0.9898 0.1416
vn -0.0792 0.9139 0.3981
vn -0.0722 0.6767 0.7328
vn -0.1775 0.4153 0.8922
vn -0.0959 0.2050 0.9741
vn -0.0413 0.9898 0.1361
vn -0.1553 0.9139 0.3750
vn -0.2137 0.6767 0.7046
vn -0.3481 0.4153 0.8405
vn -0.2841 0.2050 0.9366
vn -0.0671 0.9898 0.1255
vn -0.2255 0.9139 0.3375
vn -0.3471 0.6767 0.6493
vn -0.5054 0.4152 0.7564
vn -0.4614 0.2050 0.8632
vn -0.0902 0.9898 0.1100
vn -0.2870 0.9139 0.2870
vn -0.4671 0.6767 0.5692
vn -0.6433 0.4153 0.6433
vn -0.6209 0.2050 0.7566
vn -0.1100 0.9898 0.0902
vn -0.3375 0.9139 0.2255
vn -0.5692 0.6767 0.4671
vn -0.7564 0.4153 0.5054
vn -0.7566 0.2050 0.6209
vn -0.1255 0.9898 0.0671
vn -0.3750 0.9139 0.1553
vn -0.6494 0.6767 0.3471
vn -0.8405 0.4153 0.3481
vn -0.8632 0.2050 0.4614
vn -0.1361 0.9898 0.0413
vn -0.3981 0.9139 0.0792
vn -0.7046 0.6767 0.2137
vn -0.8922 0.4153 0.1775
vn -0.9366 0.2050 0.2841
vn -0.1416 0.9898 0.0139
vn -0.4059 0.9139 -0.0000
vn -0.7328 0.6767 0.0722
vn -0.9097 0.4153 -0.0000
vn -0.9741 0.2050 0.0959
vn -0.1416 0.9898 -0.0139
vn -0.3981 0.9139 -0.0792
vn -0.7327 0.6767 -0.0722
vn -0.8922 0.4153 -0.1775
vn -0.9741 0.2050 -0.0959
vn -0.1361 0.9898 -0.0413
vn -0.3750 0.9139 -0.1553
vn -0.7046 0.6767 -0.2137
vn -0.8405 0.4153 -0.3481
vn -0.9366 0.2050 -0.2841
vn -0.1255 0.9898 -0.0671
vn -0.3375 0.9139 -0.2255
vn -0.6494 0.6767 -0.3471
vn -0.7564 0.4153 -0.5054
vn -0.8632 0.2050 -0.4614
vn -0.1100 0.9898 -0.0902
vn -0.2870 0.9139 -0.2870
vn -0.5692 0.6767 -0.4671
vn -0.6433 0.4153 -0.6433
vn -0.7566 0.2050 -0.6209
vn -0.0902 0.9898 -0.1100
vn -0.2255 0.9139 -0.3375
vn -0.4671 0.6767 -0.5692
vn -0.5054 0.4153 -0.7564
vn -0.6209 0.2050 -0.7566
vn -0.0671 0.9898 -0.1255
vn -0.1553 0.9139 -0.3750
vn -0.3471 0.6767 -0.6494
vn -0.3481 0.4153 -0.8405
vn -0.4614 0.2050 -0.8632
vn -0.0413 0.9898 -0.1361
vn -0.0792 0.9139 -0.3981
vn -0.2137 0.6767 -0.7046
vn -0.1775 0.4153 -0.8922
vn -0.2841 0.2050 -0.9366
vn -0.0139 0.9898 -0.1416
vn -0.0722 0.6767 -0.7327
vn -0.0959 0.2050 -0.9741
vn -0.0000 -0.4323 -0.9017
vn 0.0958 -0.2102 -0.9729
vn 0.1759 -0.4323 -0.8844
vn 0.0690 -0.7100 -0.7008
vn -0.0000 -0.9433 -0.3319
vn 0.0648 -0.9433 -0.3256
vn 0.0047 -0.9989 -0.0476
vn 0.2838 -0.2102 -0.9356
vn 0.3451 -0.4323 -0.8331
vn 0.2044 -0.7100 -0.6739
vn 0.1270 -0.9433 -0.3066
vn 0.0139 -0.9989 -0.0457
vn 0.4609 -0.2102 -0.8622
vn 0.5010 -0.4323 -0.7497
vn 0.3320 -0.7100 -0.6210
vn 0.1844 -0.9433 -0.2760
vn 0.0225 -0.9989 -0.0422
vn 0.6202 -0.2102 -0.7557
vn 0.6376 -0.4323 -0.6376
vn 0.4467 -0.7100 -0.5443
vn 0.2347 -0.9433 -0.2347
vn 0.0303 -0.9989 -0.0370
vn 0.7557 -0.2102 -0.6202
vn 0.7497 -0.4323 -0.5010
vn 0.5443 -0.7100 -0.4467
vn 0.2760 -0.9433 -0.1844
vn 0.0370 -0.9989 -0.0303
vn 0.8622 -0.2102 -0.4609
vn 0.8331 -0.4323 -0.3451
vn 0.6210 -0.7100 -0.3320
vn 0.3067 -0.9433 -0.1270
vn 0.0422 -0.9989 -0.0225
vn 0.9356 -0.2102 -0.2838
vn 0.8844 -0.4323 -0.1759
vn 0.6739 -0.7100 -0.2044
vn 0.3255 -0.9433 -0.0648
vn 0.0457 -0.9989 -0.0139
vn 0.9729 -0.2102 -0.0958
vn 0.9017 -0.4323 -0.0000
vn 0.7008 -0.7100 -0.0690
vn 0.3319 -0.9433 -0.0000
vn 0.0476 -0.9989 -0.0047
vn 0.9729 -0.2102 0.0958
vn 0.8844 -0.4323 0.1759
vn 0.7008 -0.7100 0.0690
vn 0.3256 -0.9433 0.0648
vn 0.0476 -0.9989 0.0047
vn 0.9356 -0.2102 0.2838
vn 0.8331 -0.4323 0.3451
vn 0.6739 -0.7100 0.2044
vn 0.3067 -0.9433 0.1270
vn 0.0457 -0.9989 0.0139
vn 0.8622 -0.2102 0.4609
vn 0.7497 -0.4323 0.5010
vn 0.6210 -0.7100 0.3320
vn 0.2760 -0.9433 0.1844
vn 0.0422 -0.9989 0.0225
vn 0.7557 -0.2102 0.6202
vn 0.6376 -0.4323 0.6376
vn 0.5443 -0.7100 0.4467
vn 0.2347 -0.9433 0.2347
vn 0.0370 -0.9989 0.0303
vn 0.6202 -0.2102 0.7557
vn 0.5010 -0.4323 0.7498
vn 0.4467 -0.7100 0.5443
vn 0.1844 -0.9433 0.2760
vn 0.0303 -0.9989 0.0370
vn 0.4609 -0.2102 0.8622
vn 0.3451 -0.4323 0.8331
vn 0.3320 -0.7100 0.6210
vn 0.1270 -0.9433 0.3067
vn 0.0225 -0.9989 0.0422
vn 0.2838 -0.2102 0.9356
vn 0.1759 -0.4323 0.8844
vn 0.2044 -0.7100 0.6739
vn 0.0648 -0.9433 0.3255
vn 0.0139 -0.9989 0.0457
vn 0.0958 -0.2102 0.9729
vn -0.0000 -0.4323 0.9017
vn 0.0690 -0.7100 0.7008
vn -0.0000 -0.9433 0.3319
vn 0.0047 -0.9989 0.0476
vn -0.0958 -0.2102 0.9729
vn -0.1759 -0.4323 0.8844
vn -0.0690 -0.7100 0.7008
vn -0.0648 -0.9433 0.3255
vn -0.0047 -0.9989 0.0476
vn -0.2838 -0.2102 0.9356
vn -0.3451 -0.4323 0.8331
vn -0.2044 -0.7100 0.6739
vn -0.1270 -0.9433 0.3067
vn -0.0139 -0.9989 0.0457
vn -0.4609 -0.2102 0.8622
vn -0.5010 -0.4323 0.7497
vn -0.3320 -0.7100 0.6210
vn -0.1844 -0.9433 0.2760
vn -0.0225 -0.9989 0.0422
vn -0.6202 -0.2102 0.7557
vn -0.6376 -0.4323 0.6376
vn -0.4467 -0.7100 0.5443
vn -0.2347 -0.9433 0.2347
vn -0.0303 -0.9989 0.0370
vn -0.7557 -0.2102 0.6202
vn -0.7497 -0.4323 0.5010
vn -0.5443 -0.7100 0.4467
vn -0.2760 -0.9433 0.1844
vn -0.0370 -0.9989 0.0303
vn -0.8622 -0.2102 0.4609
vn -0.8331 -0.4323 0.3451
vn -0.6210 -0.7100 0.3320
vn -0.3067 -0.9433 0.1270
vn -0.0422 -0.9989 0.0225
vn -0.9356 -0.2103 0.2838
vn -0.8844 -0.4323 0.1759
vn -0.6739 -0.7100 0.2044
vn -0.3256 -0.9433 0.0648
vn -0.0457 -0.9989 0.0139
vn -0.9729 -0.2102 0.0958
vn -0.9017 -0.4323 -0.0000
vn -0.7008 -0.7100 0.0690
vn -0.3319 -0.9433 -0.0000
vn -0.0476 -0.9989 0.0047
vn -0.9729 -0.2102 -0.0958
vn -0.8844 -0.4323 -0.1759
vn -0.7008 -0.7100 -0.0690
vn -0.3255 -0.9433 -0.0648
vn -0.0476 -0.9989 -0.0047
vn -0.9356 -0.2102 -0.2838
vn -0.8331 -0.4323 -0.3451
vn -0.6739 -0.7100 -0.2044
vn -0.3067 -0.9433 -0.1270
vn -0.0457 -0.9989 -0.0139
vn -0.8622 -0.2102 -0.4609
vn -0.7497 -0.4323 -0.5010
vn -0.6210 -0.7100 -0.3320
vn -0.2760 -0.9433 -0.1844
vn -0.0422 -0.9989 -0.0225
vn -0.7557 -0.2102 -0.6202
vn -0.6376 -0.4323 -0.6376
vn -0.5443 -0.7100 -0.4467
vn -0.2347 -0.9433 -0.2347
vn -0.0370 -0.9989 -0.0303
vn -0.6202 -0.2102 -0.7557
vn -0.5010 -0.4323 -0.7497
vn -0.4467 -0.7100 -0.5443
vn -0.1844 -0.9433 -0.2760
vn -0.0303 -0.9989 -0.0370
vn -0.4609 -0.2102 -0.8622
vn -0.3451 -0.4323 -0.8331
vn -0.3320 -0.7100 -0.6210
vn -0.1270 -0.9433 -0.3066
vn -0.0225 -0.9989 -0.0422
vn -0.2838 -0.2102 -0.9356
vn -0.1759 -0.4323 -0.8844
vn -0.2044 -0.7100 -0.6739
vn -0.0648 -0.9433 -0.3255
vn -0.0139 -0.9989 -0.0457
vn -0.0958 -0.2102 -0.9729
vn -0.0690 -0.7100 -0.7008
vn -0.0047 -0.9989 -0.0476
vn -0.0000 -0.0007 -1.0000
vn 0.1951 -0.0007 -0.9808
vn -0.0234 0.9928 -0.1176
vn -0.0000 0.9928 -0.1199
vn -0.1951 -0.0007 -0.9808
vn 0.0234 0.9928 -0.1176
vn 0.3827 -0.0007 -0.9239
vn 0.0459 0.9928 -0.1107
vn 0.5556 -0.0007 -0.8315
vn 0.0666 0.9928 -0.0997
vn 0.7071 -0.0007 -0.7071
vn 0.0848 0.9928 -0.0848
vn 0.8315 -0.0007 -0.5556
vn 0.0997 0.9928 -0.0666
vn 0.9239 -0.0007 -0.3827
vn 0.1107 0.9928 -0.0459
vn 0.9808 -0.0007 -0.1951
vn 0.1176 0.9928 -0.0234
vn 1.0000 -0.0008 -0.0000
vn 0.1199 0.9928 -0.0000
vn 0.9808 -0.0007 0.1951
vn 0.1176 0.9928 0.0234
vn 0.9239 -0.0007 0.3827
vn 0.1107 0.9928 0.0459
vn 0.8315 -0.0007 0.5556
vn 0.0997 0.9928 0.0666
vn 0.7071 -0.0008 0.7071
vn 0.0848 0.9928 0.0848
vn 0.5556 -0.0007 0.8315
vn 0.0666 0.9928 0.0997
vn 0.3827 -0.0008 0.9239
vn 0.0459 0.9928 0.1107
vn 0.1951 -0.0007 0.9808
vn 0.0234 0.9928 0.1176
vn -0.0000 -0.0007 1.0000
vn -0.0000 0.9928 0.1199
vn -0.1951 -0.0007 0.9808
vn -0.0234 0.9928 0.1176
vn -0.3827 -0.0007 0.9239
vn -0.0459 0.9928 0.1107
vn -0.5556 -0.0007 0.8315
vn -0.0666 0.9928 0.0997
vn -0.7071 -0.0007 0.7071
vn -0.0848 0.9928 0.0848
vn -0.8315 -0.0007 0.5556
vn -0.0997 0.9928 0.0666
vn -0.9239 -0.0007 0.3827
vn -0.1107 0.9928 0.0459
vn -0.9808 -0.0007 0.1951
vn -0.1176 0.9928 0.0234
vn -1.0000 -0.0007 -0.0000
vn -0.1199 0.9928 -0.0000
vn -0.9808 -0.0007 -0.1951
vn -0.1176 0.9928 -0.0234
vn -0.9239 -0.0008 -0.3827
vn -0.1107 0.9928 -0.0459
vn -0.8315 -0.0008 -0.5556
vn -0.0997 0.9928 -0.0666
vn -0.7071 -0.0007 -0.7071
vn -0.0848 0.9928 -0.0848
vn -0.5556 -0.0007 -0.8315
vn -0.0666 0.9928 -0.0997
vn -0.3827 -0.0008 -0.9239
vn -0.0459 0.9928 -0.1107
vn -0.0000 -0.9999 0.0132
vn -0.0026 -0.9999 0.0129
vn 0.0026 -0.9999 0.0129
vn -0.0050 -0.9999 0.0122
vn -0.0073 -0.9999 0.0110
vn -0.0093 -0.9999 0.0093
vn -0.0110 -0.9999 0.0073
vn -0.0122 -0.9999 0.0050
vn -0.0129 -0.9999 0.0026
vn -0.0132 -0.9999 -0.0000
vn -0.0129 -0.9999 -0.0026
vn -0.0122 -0.9999 -0.0050
vn -0.0110 -0.9999 -0.0073
vn -0.0093 -0.9999 -0.0093
vn -0.0073 -0.9999 -0.0110
vn -0.0050 -0.9999 -0.0122
vn -0.0026 -0.9999 -0.0129
vn -0.0000 -0.9999 -0.0132
vn 0.0026 -0.9999 -0.0129
vn 0.0050 -0.9999 -0.0122
vn 0.0073 -0.9999 -0.0110
vn 0.0093 -0.9999 -0.0093
vn 0.0110 -0.9999 -0.0073
vn 0.0122 -0.9999 -0.0050
vn 0.0129 -0.9999 -0.0026
vn 0.0132 -0.9999 -0.0000
vn 0.0129 -0.9999 0.0026
vn 0.0122 -0.9999 0.0050
vn 0.0110 -0.9999 0.0073
vn 0.0093 -0.9999 0.0093
vn 0.0073 -0.9999 0.0110
vn 0.0050 -0.9999 0.0122
vn 0.0716 -0.9963 0.0479
vn 0.0542 -0.9971 0.0542
vn -0.0000 -0.9963 -0.0861
vn 0.0150 -0.9971 -0.0752
vn -0.0716 -0.9963 0.0479
vn -0.0708 -0.9971 0.0293
vn 0.0845 -0.9963 0.0168
vn 0.0708 -0.9971 0.0293
vn -0.0479 -0.9963 0.0716
vn -0.0542 -0.9971 0.0542
vn -0.0330 -0.9963 -0.0796
vn -0.0150 -0.9971 -0.0752
vn 0.0845 -0.9963 -0.0168
vn 0.0767 -0.9971 -0.0000
vn -0.0168 -0.9963 0.0845
vn -0.0293 -0.9971 0.0708
vn -0.0609 -0.9963 -0.0609
vn -0.0426 -0.9971 -0.0637
vn 0.0716 -0.9963 -0.0479
vn 0.0708 -0.9971 -0.0293
vn -0.0796 -0.9963 -0.0330
vn -0.0637 -0.9971 -0.0426
vn 0.0330 -0.9963 0.0796
vn 0.0150 -0.9971 0.0752
vn 0.0479 -0.9963 -0.0716
vn 0.0542 -0.9971 -0.0542
vn -0.0861 -0.9963 -0.0000
vn -0.0752 -0.9971 -0.0150
vn 0.0426 -0.9971 0.0637
vn 0.0293 -0.9971 -0.0708
vn -0.0752 -0.9971 0.0150
vn -0.0000 -0.9963 0.0861
vn -0.0950 -0.9954 0.0094
vn 0.0450 -0.9954 -0.0842
vn 0.0450 -0.9954 0.0842
vn -0.0914 -0.9954 -0.0277
vn 0.0738 -0.9954 -0.0606
vn 0.0094 -0.9954 0.0950
vn -0.0738 -0.9954 -0.0606
vn -0.0094 -0.9954 0.0950
vn 0.0914 -0.9954 -0.0277
vn -0.0450 -0.9954 -0.0842
vn -0.0450 -0.9954 0.0842
vn 0.0950 -0.9954 0.0094
vn -0.0094 -0.9954 -0.0950
vn -0.0738 -0.9954 0.0606
vn 0.0842 -0.9954 0.0450
vn -0.0914 -0.9954 0.0277
vn 0.0277 -0.9954 -0.0914
vn 0.0606 -0.9954 0.0738
vn -0.0950 -0.9954 -0.0094
vn 0.0606 -0.9954 -0.0738
vn 0.0277 -0.9954 0.0914
vn -0.0842 -0.9954 -0.0450
vn 0.0842 -0.9954 -0.0450
vn -0.0606 -0.9954 -0.0738
vn -0.0277 -0.9954 0.0914
vn 0.0950 -0.9954 -0.0094
vn -0.0277 -0.9954 -0.0914
vn -0.0606 -0.9954 0.0738
vn 0.0914 -0.9954 0.0277
vn -0.0842 -0.9954 0.0450
vn 0.0094 -0.9954 -0.0950
vn 0.0738 -0.9954 0.0606
vn -0.0000 0.0439 -0.9990
vn -0.0000 0.0081 -1.0000
vn 0.1949 0.0439 -0.9798
vn 0.1951 0.0081 -0.9808
vn 0.3823 0.0439 -0.9230
vn 0.3827 0.0081 -0.9239
vn 0.5550 0.0439 -0.8307
vn 0.5555 0.0081 -0.8314
vn 0.7064 0.0439 -0.7064
vn 0.7071 0.0081 -0.7071
vn 0.8307 0.0439 -0.5550
vn 0.8314 0.0081 -0.5555
vn 0.9230 0.0439 -0.3823
vn 0.9239 0.0081 -0.3827
vn 0.9798 0.0439 -0.1949
vn 0.9808 0.0081 -0.1951
vn 0.9990 0.0439 -0.0000
vn 1.0000 0.0081 -0.0000
vn 0.9798 0.0439 0.1949
vn 0.9808 0.0081 0.1951
vn 0.9230 0.0439 0.3823
vn 0.9239 0.0081 0.3827
vn 0.8307 0.0439 0.5550
vn 0.8314 0.0081 0.5555
vn 0.7064 0.0439 0.7064
vn 0.7071 0.0081 0.7071
vn 0.5550 0.0439 0.8307
vn 0.5556 0.0081 0.8314
vn 0.3823 0.0439 0.9230
vn 0.3827 0.0081 0.9239
vn 0.1949 0.0439 0.9798
vn 0.1951 0.0081 0.9808
vn -0.0000 0.0439 0.9990
vn -0.0000 0.0081 1.0000
vn -0.1949 0.0439 0.9798
vn -0.1951 0.0081 0.9808
vn -0.3823 0.0439 0.9230
vn -0.3827 0.0081 0.9239
vn -0.5550 0.0439 0.8307
vn -0.5556 0.0081 0.8314
vn -0.7064 0.0439 0.7064
vn -0.7071 0.0081 0.7071
vn -0.8307 0.0439 0.5550
vn -0.8314 0.0081 0.5555
vn -0.9230 0.0439 0.3823
vn -0.9239 0.0081 0.3827
vn -0.9798 0.0439 0.1949
vn -0.9808 0.0081 0.1951
vn -0.9990 0.0439 -0.0000
vn -1.0000 0.0081 -0.0000
vn -0.9798 0.0439 -0.1949
vn -0.9808 0.0081 -0.1951
vn -0.9230 0.0439 -0.3823
vn -0.9239 0.0081 -0.3827
vn -0.8307 0.0439 -0.5550
vn -0.8314 0.0081 -0.5555
vn -0.7064 0.0439 -0.7064
vn -0.7071 0.0081 -0.7071
vn -0.5550 0.0439 -0.8307
vn -0.5555 0.0081 -0.8314
vn -0.3823 0.0439 -0.9230
vn -0.3827 0.0081 -0.9239
vn -0.1949 0.0439 -0.9798
vn -0.1951 0.0081 -0.9808
vn -0.0000 0.4583 -0.8888
vn 0.1734 0.4583 -0.8717
vn 0.3401 0.4583 -0.8211
vn 0.4938 0.4583 -0.7390
vn 0.6285 0.4583 -0.6285
vn 0.7390 0.4583 -0.4938
vn 0.8211 0.4583 -0.3401
vn 0.8717 0.4583 -0.1734
vn 0.8888 0.4583 -0.0000
vn 0.8717 0.4583 0.1734
vn 0.8211 0.4583 0.3401
vn 0.7390 0.4583 0.4938
vn 0.6285 0.4583 0.6285
vn 0.4938 0.4583 0.7390
vn 0.3401 0.4583 0.8211
vn 0.1734 0.4583 0.8717
vn -0.0000 0.4583 0.8888
vn -0.1734 0.4583 0.8717
vn -0.3401 0.4583 0.8211
vn -0.4938 0.4583 0.7390
vn -0.6285 0.4583 0.6285
vn -0.7390 0.4583 0.4938
vn -0.8211 0.4583 0.3401
vn -0.8717 0.4583 0.1734
vn -0.8888 0.4583 -0.0000
vn -0.8717 0.4583 -0.1734
vn -0.8211 0.4583 -0.3401
vn -0.7390 0.4583 -0.4938
vn -0.6285 0.4583 -0.6285
vn -0.4938 0.4583 -0.7390
vn -0.3401 0.4583 -0.8211
vn -0.1734 0.4583 -0.8717
vn -0.0000 0.8046 -0.5938
vn 0.1158 0.8046 -0.5824
vn 0.2272 0.8046 -0.5486
vn 0.3299 0.8046 -0.4937
vn 0.4199 0.8046 -0.4199
vn 0.4937 0.8046 -0.3299
vn 0.5486 0.8046 -0.2272
vn 0.5824 0.8046 -0.1159
vn 0.5938 0.8046 -0.0000
vn 0.5824 0.8046 0.1159
vn 0.5486 0.8046 0.2272
vn 0.4937 0.8046 0.3299
vn 0.4199 0.8046 0.4199
vn 0.3299 0.8046 0.4937
vn 0.2272 0.8046 0.5486
vn 0.1158 0.8046 0.5824
vn -0.0000 0.8046 0.5938
vn -0.1159 0.8046 0.5824
vn -0.2272 0.8046 0.5486
vn -0.3299 0.8046 0.4937
vn -0.4199 0.8046 0.4199
vn -0.4937 0.8046 0.3299
vn -0.5486 0.8046 0.2272
vn -0.5824 0.8046 0.1158
vn -0.5938 0.8046 -0.0000
vn -0.5824 0.8046 -0.1158
vn -0.5486 0.8046 -0.2272
vn -0.4937 0.8046 -0.3299
vn -0.4199 0.8046 -0.4199
vn -0.3299 0.8046 -0.4937
vn -0.2272 0.8046 -0.5486
vn -0.1158 0.8046 -0.5824
vn -0.2496 0.9539 -0.1668
vn -0.2123 0.9539 -0.2123
vn -0.0000 0.9539 0.3002
vn -0.0586 0.9539 0.2945
vn 0.2496 0.9539 -0.1668
vn 0.2774 0.9539 -0.1149
vn -0.2945 0.9539 -0.0586
vn -0.2774 0.9539 -0.1149
vn 0.1668 0.9539 -0.2496
vn 0.2123 0.9539 -0.2123
vn 0.1149 0.9539 0.2774
vn 0.0586 0.9539 0.2945
vn -0.2945 0.9539 0.0586
vn -0.3002 0.9539 -0.0000
vn 0.0586 0.9539 -0.2945
vn 0.1149 0.9539 -0.2774
vn 0.2123 0.9539 0.2123
vn 0.1668 0.9539 0.2496
vn -0.2496 0.9539 0.1668
vn -0.2774 0.9539 0.1149
vn 0.2774 0.9539 0.1149
vn 0.2496 0.9539 0.1668
vn -0.1149 0.9539 -0.2774
vn -0.0586 0.9539 -0.2945
vn -0.1668 0.9539 0.2496
vn -0.2123 0.9539 0.2123
vn 0.3002 0.9539 -0.0000
vn 0.2945 0.9539 0.0586
vn -0.1668 0.9539 -0.2496
vn -0.1149 0.9539 0.2774
vn 0.2945 0.9539 -0.0586
vn -0.0000 0.9539 -0.3002
vn -0.7574 0.6353 -0.1507
vn -0.7135 0.6353 -0.2955
vn 0.4290 0.6353 -0.6421
vn 0.5461 0.6353 -0.5461
vn 0.2955 0.6353 0.7135
vn 0.1507 0.6353 0.7574
vn -0.7574 0.6353 0.1507
vn -0.7722 0.6353 -0.0000
vn 0.1507 0.6353 -0.7574
vn 0.2955 0.6353 -0.7135
vn 0.5461 0.6353 0.5461
vn 0.4290 0.6353 0.6421
vn -0.6421 0.6353 0.4290
vn -0.7135 0.6353 0.2955
vn 0.7135 0.6353 0.2955
vn 0.6421 0.6353 0.4290
vn -0.2955 0.6353 -0.7135
vn -0.1507 0.6353 -0.7574
vn -0.4290 0.6353 0.6421
vn -0.5461 0.6353 0.5461
vn 0.7722 0.6353 -0.0000
vn 0.7574 0.6353 0.1507
vn -0.5461 0.6353 -0.5461
vn -0.4290 0.6353 -0.6421
vn -0.1507 0.6353 0.7574
vn -0.2955 0.6353 0.7135
vn 0.7135 0.6353 -0.2955
vn 0.7574 0.6353 -0.1507
vn -0.6421 0.6353 -0.4290
vn 0.6421 0.6353 -0.4290
vn -0.0000 0.6353 0.7722
vn -0.0000 0.6353 -0.7722
vn -0.5348 0.2708 -0.8004
vn -0.3684 0.2708 -0.8894
vn -0.3684 0.2708 0.8894
vn -0.5348 0.2708 0.8004
vn -0.0000 0.2708 -0.9626
vn 0.1878 0.2708 -0.9442
vn 0.9442 0.2708 -0.1878
vn 0.9626 0.2708 -0.0000
vn -0.8004 0.2708 0.5348
vn -0.8894 0.2708 0.3684
vn 0.8894 0.2708 0.3684
vn 0.8004 0.2708 0.5348
vn -0.9626 0.2708 -0.0000
vn -0.9442 0.2708 -0.1878
vn 0.3684 0.2708 -0.8894
vn 0.5348 0.2708 -0.8004
vn 0.5348 0.2708 0.8004
vn 0.3684 0.2708 0.8894
vn -0.8004 0.2708 -0.5348
vn -0.6807 0.2708 -0.6807
vn -0.0000 0.2708 0.9626
vn -0.1878 0.2708 0.9442
vn 0.8004 0.2708 -0.5348
vn 0.8894 0.2708 -0.3684
vn -0.1878 0.2708 -0.9442
vn -0.6807 0.2708 0.6807
vn 0.9442 0.2708 0.1878
vn -0.9442 0.2708 0.1878
vn 0.6807 0.2708 0.6807
vn -0.8894 0.2708 -0.3684
vn 0.6807 0.2708 -0.6807
vn 0.1878 0.2708 0.9442
vn -0.0000 -0.0530 -0.9986
vn 0.1948 -0.0530 -0.9794
vn 0.3821 -0.0530 -0.9226
vn 0.5548 -0.0530 -0.8303
vn 0.7061 -0.0530 -0.7061
vn 0.8303 -0.0530 -0.5548
vn 0.9226 -0.0530 -0.3821
vn 0.9794 -0.0530 -0.1948
vn 0.9986 -0.0530 -0.0000
vn 0.9794 -0.0530 0.1948
vn 0.9226 -0.0530 0.3821
vn 0.8303 -0.0530 0.5548
vn 0.7061 -0.0530 0.7061
vn 0.5548 -0.0530 0.8303
vn 0.3821 -0.0530 0.9226
vn 0.1948 -0.0530 0.9794
vn -0.0000 -0.0530 0.9986
vn -0.1948 -0.0530 0.9794
vn -0.3821 -0.0530 0.9226
vn -0.5548 -0.0530 0.8303
vn -0.7061 -0.0530 0.7061
vn -0.8303 -0.0530 0.5548
vn -0.9226 -0.0530 0.3821
vn -0.9794 -0.0530 0.1948
vn -0.9986 -0.0530 -0.0000
vn -0.9794 -0.0530 -0.1948
vn -0.9226 -0.0530 -0.3821
vn -0.8303 -0.0530 -0.5548
vn -0.7061 -0.0530 -0.7061
vn -0.5548 -0.0530 -0.8303
vn -0.3821 -0.0530 -0.9226
vn -0.1948 -0.0530 -0.9794
vn -0.0000 -0.3011 -0.9536
vn 0.1860 -0.3011 -0.9353
vn 0.3649 -0.3011 -0.8810
vn 0.5298 -0.3011 -0.7929
vn 0.6743 -0.3011 -0.6743
vn 0.7929 -0.3011 -0.5298
vn 0.8810 -0.3011 -0.3649
vn 0.9353 -0.3011 -0.1860
vn 0.9536 -0.3011 -0.0000
vn 0.9353 -0.3011 0.1860
vn 0.8810 -0.3011 0.3649
vn 0.7929 -0.3011 0.5298
vn 0.6743 -0.3011 0.6743
vn 0.5298 -0.3011 0.7929
vn 0.3649 -0.3011 0.8810
vn 0.1860 -0.3011 0.9353
vn -0.0000 -0.3011 0.9536
vn -0.1860 -0.3011 0.9353
vn -0.3649 -0.3011 0.8810
vn -0.5298 -0.3011 0.7929
vn -0.6743 -0.3011 0.6743
vn -0.7929 -0.3011 0.5298
vn -0.8810 -0.3011 0.3649
vn -0.9353 -0.3011 0.1860
vn -0.9536 -0.3011 -0.0000
vn -0.9353 -0.3011 -0.1860
vn -0.8810 -0.3011 -0.3649
vn -0.7929 -0.3011 -0.5298
vn -0.6743 -0.3011 -0.6743
vn -0.5298 -0.3011 -0.7929
vn -0.3649 -0.3011 -0.8810
vn -0.1860 -0.3011 -0.9353
vn -0.0000 -0.3965 -0.9180
vn 0.1791 -0.3965 -0.9004
vn 0.3513 -0.3965 -0.8482
vn 0.5100 -0.3965 -0.7633
vn 0.6492 -0.3965 -0.6492
vn 0.7633 -0.3965 -0.5100
vn 0.8482 -0.3965 -0.3513
vn 0.9004 -0.3965 -0.1791
vn 0.9180 -0.3965 -0.0000
vn 0.9004 -0.3965 0.1791
vn 0.8482 -0.3965 0.3513
vn 0.7633 -0.3965 0.5100
vn 0.6492 -0.3965 0.6492
vn 0.5100 -0.3965 0.7633
vn 0.3513 -0.3965 0.8482
vn 0.1791 -0.3965 0.9004
vn -0.0000 -0.3965 0.9180
vn -0.1791 -0.3965 0.9004
vn -0.3513 -0.3965 0.8482
vn -0.5100 -0.3965 0.7633
vn -0.6492 -0.3965 0.6492
vn -0.7633 -0.3965 0.5100
vn -0.8482 -0.3965 0.3513
vn -0.9004 -0.3965 0.1791
vn -0.9180 -0.3965 -0.0000
vn -0.9004 -0.3965 -0.1791
vn -0.8482 -0.3965 -0.3513
vn -0.7633 -0.3965 -0.5100
vn -0.6492 -0.3965 -0.6492
vn -0.5100 -0.3965 -0.7633
vn -0.3513 -0.3965 -0.8482
vn -0.1791 -0.3965 -0.9004
vn -0.0000 -0.6590 -0.7522
vn 0.1467 -0.6590 -0.7377
vn 0.2878 -0.6590 -0.6949
vn 0.4179 -0.6590 -0.6254
vn 0.5319 -0.6590 -0.5319
vn 0.6254 -0.6590 -0.4179
vn 0.6949 -0.6590 -0.2878
vn 0.7377 -0.6590 -0.1467
vn 0.7521 -0.6590 -0.0000
vn 0.7377 -0.6590 0.1467
vn 0.6949 -0.6590 0.2878
vn 0.6254 -0.6590 0.4179
vn 0.5319 -0.6590 0.5319
vn 0.4179 -0.6590 0.6254
vn 0.2878 -0.6590 0.6949
vn 0.1467 -0.6590 0.7377
vn -0.0000 -0.6590 0.7522
vn -0.1467 -0.6590 0.7377
vn -0.2878 -0.6590 0.6949
vn -0.4179 -0.6590 0.6254
vn -0.5319 -0.6590 0.5319
vn -0.6254 -0.6590 0.4179
vn -0.6949 -0.6590 0.2878
vn -0.7377 -0.6590 0.1467
vn -0.7522 -0.6590 -0.0000
vn -0.7377 -0.6590 -0.1467
vn -0.6949 -0.6590 -0.2878
vn -0.6254 -0.6590 -0.4179
vn -0.5319 -0.6590 -0.5319
vn -0.4179 -0.6590 -0.6254
vn -0.2878 -0.6590 -0.6949
vn -0.1467 -0.6590 -0.7377
vn -0.0000 -0.8089 -0.5880
vn 0.1147 -0.8089 -0.5767
vn 0.2250 -0.8089 -0.5432
vn 0.3267 -0.8089 -0.4889
vn 0.4158 -0.8089 -0.4158
vn 0.4889 -0.8089 -0.3267
vn 0.5432 -0.8089 -0.2250
vn 0.5767 -0.8089 -0.1147
vn 0.5880 -0.8089 -0.0000
vn 0.5767 -0.8089 0.1147
vn 0.5432 -0.8089 0.2250
vn 0.4889 -0.8089 0.3267
vn 0.4158 -0.8089 0.4158
vn 0.3267 -0.8089 0.4889
vn 0.2250 -0.8089 0.5432
vn 0.1147 -0.8089 0.5767
vn -0.0000 -0.8089 0.5880
vn -0.1147 -0.8089 0.5767
vn -0.2250 -0.8089 0.5432
vn -0.3267 -0.8089 0.4889
vn -0.4158 -0.8089 0.4158
vn -0.4889 -0.8089 0.3267
vn -0.5432 -0.8089 0.2250
vn -0.5767 -0.8089 0.1147
vn -0.5880 -0.8089 -0.0000
vn -0.5767 -0.8089 -0.1147
vn -0.5432 -0.8089 -0.2250
vn -0.4889 -0.8089 -0.3267
vn -0.4158 -0.8089 -0.4158
vn -0.3267 -0.8089 -0.4889
vn -0.2250 -0.8089 -0.5432
vn -0.1147 -0.8089 -0.5767
vn -0.0000 -0.7846 -0.6199
vn 0.1209 -0.7846 -0.6080
vn 0.2372 -0.7846 -0.5728
vn 0.3444 -0.7846 -0.5155
vn 0.4384 -0.7846 -0.4384
vn 0.5155 -0.7846 -0.3444
vn 0.5728 -0.7846 -0.2372
vn 0.6080 -0.7846 -0.1209
vn 0.6199 -0.7846 -0.0000
vn 0.6080 -0.7846 0.1209
vn 0.5728 -0.7846 0.2372
vn 0.5155 -0.7846 0.3444
vn 0.4384 -0.7846 0.4384
vn 0.3444 -0.7846 0.5155
vn 0.2372 -0.7846 0.5728
vn 0.1209 -0.7846 0.6080
vn -0.0000 -0.7846 0.6199
vn -0.1209 -0.7846 0.6080
vn -0.2372 -0.7846 0.5728
vn -0.3444 -0.7846 0.5155
vn -0.4384 -0.7846 0.4384
vn -0.5155 -0.7846 0.3444
vn -0.5728 -0.7846 0.2372
vn -0.6080 -0.7846 0.1209
vn -0.6199 -0.7846 -0.0000
vn -0.6080 -0.7846 -0.1209
vn -0.5728 -0.7846 -0.2372
vn -0.5155 -0.7846 -0.3444
vn -0.4384 -0.7846 -0.4384
vn -0.3444 -0.7846 -0.5155
vn -0.2372 -0.7846 -0.5728
vn -0.1209 -0.7846 -0.6080
vn -0.0000 -0.6150 -0.7885
vn 0.1538 -0.6150 -0.7734
vn 0.3017 -0.6150 -0.7285
vn 0.4381 -0.6150 -0.6556
vn 0.5576 -0.6150 -0.5576
vn 0.6556 -0.6150 -0.4381
vn 0.7285 -0.6150 -0.3017
vn 0.7734 -0.6150 -0.1538
vn 0.7885 -0.6150 -0.0000
vn 0.7734 -0.6150 0.1538
vn 0.7285 -0.6150 0.3017
vn 0.6556 -0.6150 0.4381
vn 0.5576 -0.6150 0.5576
vn 0.4381 -0.6150 0.6556
vn 0.3017 -0.6150 0.7285
vn 0.1538 -0.6150 0.7734
vn -0.0000 -0.6150 0.7885
vn -0.1538 -0.6150 0.7734
vn -0.3017 -0.6150 0.7285
vn -0.4381 -0.6150 0.6556
vn -0.5576 -0.6150 0.5576
vn -0.6556 -0.6150 0.4381
vn -0.7285 -0.6150 0.3017
vn -0.7734 -0.6150 0.1538
vn -0.7885 -0.6150 -0.0000
vn -0.7734 -0.6150 -0.1538
vn -0.7285 -0.6150 -0.3017
vn -0.6556 -0.6150 -0.4381
vn -0.5576 -0.6150 -0.5576
vn -0.4381 -0.6150 -0.6556
vn -0.3017 -0.6150 -0.7285
vn -0.1538 -0.6150 -0.7734
vn -0.0000 -0.3338 -0.9426
vn 0.1839 -0.3338 -0.9245
vn 0.3607 -0.3338 -0.8709
vn 0.5237 -0.3338 -0.7838
vn 0.6665 -0.3338 -0.6665
vn 0.7838 -0.3338 -0.5237
vn 0.8709 -0.3338 -0.3607
vn 0.9245 -0.3338 -0.1839
vn 0.9426 -0.3338 -0.0000
vn 0.9245 -0.3338 0.1839
vn 0.8709 -0.3338 0.3607
vn 0.7838 -0.3338 0.5237
vn 0.6665 -0.3338 0.6665
vn 0.5237 -0.3338 0.7838
vn 0.3607 -0.3338 0.8709
vn 0.1839 -0.3338 0.9245
vn -0.0000 -0.3338 0.9426
vn -0.1839 -0.3338 0.9245
vn -0.3607 -0.3338 0.8709
vn -0.5237 -0.3338 0.7838
vn -0.6665 -0.3338 0.6665
vn -0.7838 -0.3338 0.5237
vn -0.8709 -0.3338 0.3607
vn -0.9245 -0.3338 0.1839
vn -0.9426 -0.3338 -0.0000
vn -0.9245 -0.3338 -0.1839
vn -0.8709 -0.3338 -0.3607
vn -0.7838 -0.3338 -0.5237
vn -0.6665 -0.3338 -0.6665
vn -0.5237 -0.3338 -0.7838
vn -0.3607 -0.3338 -0.8709
vn -0.1839 -0.3338 -0.9245
vn -0.0000 -0.1083 -0.9941
vn 0.1939 -0.1083 -0.9750
vn 0.3804 -0.1083 -0.9184
vn 0.5523 -0.1083 -0.8266
vn 0.7029 -0.1083 -0.7029
vn 0.8266 -0.1083 -0.5523
vn 0.9184 -0.1083 -0.3804
vn 0.9750 -0.1083 -0.1939
vn 0.9941 -0.1083 -0.0000
vn 0.9750 -0.1083 0.1939
vn 0.9184 -0.1083 0.3804
vn 0.8266 -0.1083 0.5523
vn 0.7029 -0.1083 0.7029
vn 0.5523 -0.1083 0.8266
vn 0.3804 -0.1083 0.9184
vn 0.1939 -0.1083 0.9750
vn -0.0000 -0.1083 0.9941
vn -0.1939 -0.1083 0.9750
vn -0.3804 -0.1083 0.9184
vn -0.5523 -0.1083 0.8266
vn -0.7029 -0.1083 0.7029
vn -0.8266 -0.1083 0.5523
vn -0.9184 -0.1083 0.3804
vn -0.9750 -0.1083 0.1939
vn -0.9941 -0.1083 -0.0000
vn -0.9750 -0.1083 -0.1939
vn -0.9184 -0.1083 -0.3804
vn -0.8266 -0.1083 -0.5523
vn -0.7029 -0.1083 -0.7029
vn -0.5523 -0.1083 -0.8266
vn -0.3804 -0.1083 -0.9184
vn -0.1939 -0.1083 -0.9750
vn -0.0000 0.0564 -0.9984
vn 0.1948 0.0564 -0.9792
vn 0.3821 0.0564 -0.9224
vn 0.5547 0.0564 -0.8301
vn 0.7060 0.0564 -0.7060
vn 0.8301 0.0564 -0.5547
vn 0.9224 0.0564 -0.3821
vn 0.9792 0.0564 -0.1948
vn 0.9984 0.0564 -0.0000
vn 0.9792 0.0564 0.1948
vn 0.9224 0.0564 0.3821
vn 0.8301 0.0564 0.5547
vn 0.7060 0.0564 0.7060
vn 0.5547 0.0564 0.8301
vn 0.3821 0.0564 0.9224
vn 0.1948 0.0564 0.9792
vn -0.0000 0.0564 0.9984
vn -0.1948 0.0564 0.9792
vn -0.3821 0.0564 0.9224
vn -0.5547 0.0564 0.8301
vn -0.7060 0.0564 0.7060
vn -0.8301 0.0564 0.5547
vn -0.9224 0.0564 0.3821
vn -0.9792 0.0564 0.1948
vn -0.9984 0.0564 -0.0000
vn -0.9792 0.0564 -0.1948
vn -0.9224 0.0564 -0.3821
vn -0.8301 0.0564 -0.5547
vn -0.7060 0.0564 -0.7060
vn -0.5547 0.0564 -0.8301
vn -0.3821 0.0564 -0.9224
vn -0.1948 0.0564 -0.9792
vn -0.0000 0.1673 -0.9859
vn 0.1923 0.1673 -0.9670
vn 0.3773 0.1673 -0.9109
vn 0.5477 0.1673 -0.8197
vn 0.6971 0.1673 -0.6971
vn 0.8197 0.1673 -0.5477
vn 0.9109 0.1673 -0.3773
vn 0.9670 0.1673 -0.1923
vn 0.9859 0.1673 -0.0000
vn 0.9670 0.1673 0.1923
vn 0.9109 0.1673 0.3773
vn 0.8197 0.1673 0.5477
vn 0.6971 0.1673 0.6971
vn 0.5477 0.1673 0.8197
vn 0.3773 0.1673 0.9109
vn 0.1923 0.1673 0.9670
vn -0.0000 0.1673 0.9859
vn -0.1923 0.1673 0.9670
vn -0.3773 0.1673 0.9109
vn -0.5477 0.1673 0.8197
vn -0.6971 0.1673 0.6971
vn -0.8197 0.1673 0.5477
vn -0.9109 0.1673 0.3773
vn -0.9670 0.1673 0.1923
vn -0.9859 0.1673 -0.0000
vn -0.9670 0.1673 -0.1923
vn -0.9109 0.1673 -0.3773
vn -0.8197 0.1673 -0.5477
vn -0.6971 0.1673 -0.6971
vn -0.5477 0.1673 -0.8197
vn -0.3773 0.1673 -0.9109
vn -0.1923 0.1673 -0.9670
vn -0.0000 0.2487 -0.9686
vn 0.1890 0.2487 -0.9500
vn 0.3707 0.2487 -0.8948
vn 0.5381 0.2487 -0.8053
vn 0.6849 0.2487 -0.6849
vn 0.8053 0.2487 -0.5381
vn 0.8948 0.2487 -0.3707
vn 0.9500 0.2487 -0.1890
vn 0.9686 0.2487 -0.0000
vn 0.9500 0.2487 0.1890
vn 0.8948 0.2487 0.3707
vn 0.8053 0.2487 0.5381
vn 0.6849 0.2487 0.6849
vn 0.5381 0.2487 0.8053
vn 0.3707 0.2487 0.8948
vn 0.1890 0.2487 0.9500
vn -0.0000 0.2487 0.9686
vn -0.1890 0.2487 0.9500
vn -0.3707 0.2487 0.8948
vn -0.5381 0.2487 0.8053
vn -0.6849 0.2487 0.6849
vn -0.8053 0.2487 0.5381
vn -0.8948 0.2487 0.3707
vn -0.9500 0.2487 0.1890
vn -0.9686 0.2487 -0.0000
vn -0.9500 0.2487 -0.1890
vn -0.8948 0.2487 -0.3707
vn -0.8053 0.2487 -0.5381
vn -0.6849 0.2487 -0.6849
vn -0.5381 0.2487 -0.8053
vn -0.3707 0.2487 -0.8948
vn -0.1890 0.2487 -0.9500
vn -0.0000 0.2709 -0.9626
vn 0.1878 0.2709 -0.9441
vn 0.3684 0.2709 -0.8893
vn 0.5348 0.2709 -0.8004
vn 0.6807 0.2709 -0.6807
vn 0.8004 0.2709 -0.5348
vn 0.8893 0.2709 -0.3684
vn 0.9441 0.2709 -0.1878
vn 0.9626 0.2709 -0.0000
vn 0.9441 0.2709 0.1878
vn 0.8893 0.2709 0.3684
vn 0.8004 0.2709 0.5348
vn 0.6807 0.2709 0.6807
vn 0.5348 0.2709 0.8004
vn 0.3684 0.2709 0.8893
vn 0.1878 0.2709 0.9441
vn -0.0000 0.2709 0.9626
vn -0.1878 0.2709 0.9441
vn -0.3684 0.2709 0.8893
vn -0.5348 0.2709 0.8004
vn -0.6807 0.2709 0.6807
vn -0.8004 0.2709 0.5348
vn -0.8893 0.2709 0.3684
vn -0.9441 0.2709 0.1878
vn -0.9626 0.2709 -0.0000
vn -0.9441 0.2709 -0.1878
vn -0.8893 0.2709 -0.3684
vn -0.8004 0.2709 -0.5348
vn -0.6807 0.2709 -0.6807
vn -0.5348 0.2709 -0.8004
vn -0.3684 0.2709 -0.8893
vn -0.1878 0.2709 -0.9441
vn -0.0000 0.2251 -0.9743
vn 0.1901 0.2251 -0.9556
vn 0.3729 0.2251 -0.9002
vn 0.5413 0.2251 -0.8101
vn 0.6890 0.2251 -0.6890
vn 0.8101 0.2251 -0.5413
vn 0.9002 0.2251 -0.3729
vn 0.9556 0.2251 -0.1901
vn 0.9743 0.2251 -0.0000
vn 0.9556 0.2251 0.1901
vn 0.9002 0.2251 0.3729
vn 0.8101 0.2251 0.5413
vn 0.6890 0.2251 0.6890
vn 0.5413 0.2251 0.8101
vn 0.3729 0.2251 0.9002
vn 0.1901 0.2251 0.9556
vn -0.0000 0.2251 0.9743
vn -0.1901 0.2251 0.9556
vn -0.3729 0.2251 0.9002
vn -0.5413 0.2251 0.8101
vn -0.6890 0.2251 0.6890
vn -0.8101 0.2251 0.5413
vn -0.9002 0.2251 0.3729
vn -0.9556 0.2251 0.1901
vn -0.9743 0.2251 -0.0000
vn -0.9556 0.2251 -0.1901
vn -0.9002 0.2251 -0.3729
vn -0.8101 0.2251 -0.5413
vn -0.6890 0.2251 -0.6890
vn -0.5413 0.2251 -0.8101
vn -0.3729 0.2251 -0.9002
vn -0.1901 0.2251 -0.9556
vn -0.0000 0.2731 -0.9620
vn 0.1877 0.2731 -0.9435
vn 0.3681 0.2731 -0.8888
vn 0.5345 0.2731 -0.7999
vn 0.6802 0.2731 -0.6802
vn 0.7999 0.2731 -0.5345
vn 0.8888 0.2731 -0.3681
vn 0.9435 0.2731 -0.1877
vn 0.9620 0.2731 -0.0000
vn 0.9435 0.2731 0.1877
vn 0.8888 0.2731 0.3681
vn 0.7999 0.2731 0.5345
vn 0.6802 0.2731 0.6802
vn 0.5344 0.2731 0.7999
vn 0.3681 0.2731 0.8888
vn 0.1877 0.2731 0.9435
vn -0.0000 0.2731 0.9620
vn -0.1877 0.2731 0.9435
vn -0.3681 0.2731 0.8888
vn -0.5345 0.2731 0.7999
vn -0.6802 0.2731 0.6802
vn -0.7999 0.2731 0.5344
vn -0.8888 0.2731 0.3681
vn -0.9435 0.2731 0.1877
vn -0.9620 0.2731 -0.0000
vn -0.9435 0.2731 -0.1877
vn -0.8888 0.2731 -0.3681
vn -0.7999 0.2731 -0.5345
vn -0.6802 0.2731 -0.6802
vn -0.5345 0.2731 -0.7999
vn -0.3681 0.2731 -0.8888
vn -0.1877 0.2731 -0.9435
vn -0.0000 0.9902 -0.1398
vn 0.0273 0.9902 -0.1371
vn 0.0535 0.9902 -0.1292
vn 0.0777 0.9902 -0.1163
vn 0.0989 0.9902 -0.0989
vn 0.1163 0.9902 -0.0777
vn 0.1292 0.9902 -0.0535
vn 0.1371 0.9902 -0.0273
vn 0.1398 0.9902 -0.0000
vn 0.1371 0.9902 0.0273
vn 0.1292 0.9902 0.0535
vn 0.1162 0.9902 0.0777
vn 0.0989 0.9902 0.0989
vn 0.0777 0.9902 0.1163
vn 0.0535 0.9902 0.1292
vn 0.0273 0.9902 0.1371
vn -0.0000 0.9902 0.1398
vn -0.0273 0.9902 0.1371
vn -0.0535 0.9902 0.1292
vn -0.0777 0.9902 0.1163
vn -0.0989 0.9902 0.0989
vn -0.1163 0.9902 0.0777
vn -0.1292 0.9902 0.0535
vn -0.1371 0.9902 0.0273
vn -0.1398 0.9902 -0.0000
vn -0.1371 0.9902 -0.0273
vn -0.1292 0.9902 -0.0535
vn -0.1163 0.9902 -0.0777
vn -0.0989 0.9902 -0.0989
vn -0.0777 0.9902 -0.1163
vn -0.0535 0.9902 -0.1292
vn -0.0273 0.9902 -0.1371
vn -0.0000 0.4607 0.8876
vn -0.1732 0.4607 0.8705
vn -0.3397 0.4607 0.8200
vn -0.4931 0.4607 0.7380
vn -0.6276 0.4607 0.6276
vn -0.7380 0.4607 0.4931
vn -0.8200 0.4607 0.3397
vn -0.8705 0.4607 0.1732
vn -0.8875 0.4607 -0.0000
vn -0.8705 0.4607 -0.1732
vn -0.8200 0.4607 -0.3397
vn -0.7380 0.4607 -0.4931
vn -0.6276 0.4607 -0.6276
vn -0.4931 0.4607 -0.7380
vn -0.3396 0.4607 -0.8200
vn -0.1732 0.4607 -0.8705
vn -0.0000 0.4607 -0.8876
vn 0.1732 0.4607 -0.8705
vn 0.3397 0.4607 -0.8200
vn 0.4931 0.4607 -0.7380
vn 0.6276 0.4607 -0.6276
vn 0.7380 0.4607 -0.4931
vn 0.8200 0.4607 -0.3396
vn 0.8705 0.4607 -0.1732
vn 0.8875 0.4607 -0.0000
vn 0.8705 0.4607 0.1732
vn 0.8200 0.4607 0.3396
vn 0.7380 0.4607 0.4931
vn 0.6276 0.4607 0.6276
vn 0.4931 0.4607 0.7380
vn 0.3397 0.4607 0.8200
vn 0.1732 0.4607 0.8705
vn -0.0000 -0.3388 0.9409
vn -0.1836 -0.3388 0.9228
vn -0.3600 -0.3388 0.8692
vn -0.5227 -0.3388 0.7823
vn -0.6653 -0.3388 0.6653
vn -0.7823 -0.3388 0.5227
vn -0.8692 -0.3388 0.3601
vn -0.9228 -0.3388 0.1835
vn -0.9408 -0.3388 -0.0000
vn -0.9228 -0.3388 -0.1835
vn -0.8692 -0.3388 -0.3600
vn -0.7823 -0.3388 -0.5227
vn -0.6653 -0.3388 -0.6653
vn -0.5227 -0.3388 -0.7823
vn -0.3600 -0.3388 -0.8692
vn -0.1836 -0.3388 -0.9228
vn -0.0000 -0.3388 -0.9409
vn 0.1836 -0.3388 -0.9228
vn 0.3600 -0.3388 -0.8692
vn 0.5227 -0.3388 -0.7823
vn 0.6653 -0.3388 -0.6653
vn 0.7823 -0.3388 -0.5227
vn 0.8692 -0.3388 -0.3601
vn 0.9228 -0.3388 -0.1835
vn 0.9408 -0.3388 -0.0000
vn 0.9228 -0.3388 0.1836
vn 0.8692 -0.3388 0.3601
vn 0.7823 -0.3388 0.5227
vn 0.6653 -0.3388 0.6653
vn 0.5227 -0.3388 0.7823
vn 0.3600 -0.3388 0.8692
vn 0.1835 -0.3388 0.9228
vn -0.0000 -0.2961 0.9552
vn -0.1863 -0.2961 0.9368
vn -0.3655 -0.2961 0.8825
vn -0.5307 -0.2961 0.7942
vn -0.6754 -0.2961 0.6754
vn -0.7942 -0.2961 0.5307
vn -0.8825 -0.2961 0.3655
vn -0.9368 -0.2961 0.1863
vn -0.9552 -0.2961 -0.0000
vn -0.9368 -0.2961 -0.1863
vn -0.8825 -0.2961 -0.3655
vn -0.7942 -0.2961 -0.5307
vn -0.6754 -0.2961 -0.6754
vn -0.5307 -0.2961 -0.7942
vn -0.3655 -0.2961 -0.8825
vn -0.1863 -0.2961 -0.9368
vn -0.0000 -0.2961 -0.9552
vn 0.1863 -0.2961 -0.9368
vn 0.3655 -0.2961 -0.8825
vn 0.5307 -0.2961 -0.7942
vn 0.6754 -0.2961 -0.6754
vn 0.7942 -0.2961 -0.5307
vn 0.8825 -0.2961 -0.3655
vn 0.9368 -0.2961 -0.1863
vn 0.9552 -0.2961 -0.0000
vn 0.9368 -0.2961 0.1863
vn 0.8825 -0.2961 0.3655
vn 0.7942 -0.2961 0.5307
vn 0.6754 -0.2961 0.6754
vn 0.5307 -0.2961 0.7942
vn 0.3655 -0.2961 0.8825
vn 0.1863 -0.2961 0.9368
vn -0.0000 -0.2697 0.9629
vn -0.1879 -0.2697 0.9444
vn -0.3685 -0.2697 0.8896
vn -0.5350 -0.2697 0.8007
vn -0.6809 -0.2697 0.6809
vn -0.8007 -0.2697 0.5350
vn -0.8896 -0.2697 0.3685
vn -0.9444 -0.2697 0.1879
vn -0.9629 -0.2697 -0.0000
vn -0.9444 -0.2697 -0.1879
vn -0.8896 -0.2697 -0.3685
vn -0.8007 -0.2697 -0.5350
vn -0.6809 -0.2697 -0.6809
vn -0.5350 -0.2697 -0.8007
vn -0.3685 -0.2697 -0.8896
vn -0.1879 -0.2697 -0.9444
vn -0.0000 -0.2697 -0.9629
vn 0.1879 -0.2697 -0.9444
vn 0.3685 -0.2697 -0.8896
vn 0.5350 -0.2697 -0.8007
vn 0.6809 -0.2697 -0.6809
vn 0.8007 -0.2697 -0.5350
vn 0.8896 -0.2697 -0.3685
vn 0.9444 -0.2697 -0.1879
vn 0.9629 -0.2697 -0.0000
vn 0.9444 -0.2697 0.1879
vn 0.8896 -0.2697 0.3685
vn 0.8007 -0.2697 0.5350
vn 0.6809 -0.2697 0.6809
vn 0.5350 -0.2697 0.8007
vn 0.3685 -0.2697 0.8896
vn 0.1879 -0.2697 0.9444
vn -0.0000 -0.2257 0.9742
vn -0.1901 -0.2257 0.9555
vn -0.3728 -0.2257 0.9000
vn -0.5412 -0.2257 0.8100
vn -0.6889 -0.2257 0.6889
vn -0.8100 -0.2257 0.5412
vn -0.9000 -0.2257 0.3728
vn -0.9555 -0.2257 0.1901
vn -0.9742 -0.2257 -0.0000
vn -0.9555 -0.2257 -0.1901
vn -0.9000 -0.2257 -0.3728
vn -0.8100 -0.2257 -0.5412
vn -0.6889 -0.2257 -0.6889
vn -0.5412 -0.2257 -0.8100
vn -0.3728 -0.2257 -0.9000
vn -0.1901 -0.2257 -0.9555
vn -0.0000 -0.2257 -0.9742
vn 0.1901 -0.2257 -0.9555
vn 0.3728 -0.2257 -0.9000
vn 0.5412 -0.2257 -0.8100
vn 0.6889 -0.2257 -0.6889
vn 0.8100 -0.2257 -0.5412
vn 0.9000 -0.2257 -0.3728
vn 0.9555 -0.2257 -0.1901
vn 0.9742 -0.2257 -0.0000
vn 0.9555 -0.2257 0.1901
vn 0.9000 -0.2257 0.3728
vn 0.8100 -0.2257 0.5412
vn 0.6889 -0.2257 0.6889
vn 0.5412 -0.2257 0.8100
vn 0.3728 -0.2257 0.9000
vn 0.1901 -0.2257 0.9555
vn -0.0000 -0.1407 0.9901
vn -0.1932 -0.1407 0.9710
vn -0.3789 -0.1407 0.9147
vn -0.5500 -0.1407 0.8232
vn -0.7001 -0.1407 0.7001
vn -0.8232 -0.1407 0.5500
vn -0.9147 -0.1407 0.3789
vn -0.9710 -0.1407 0.1931
vn -0.9901 -0.1407 -0.0000
vn -0.9710 -0.1407 -0.1932
vn -0.9147 -0.1407 -0.3789
vn -0.8232 -0.1407 -0.5500
vn -0.7001 -0.1407 -0.7001
vn -0.5500 -0.1407 -0.8232
vn -0.3789 -0.1407 -0.9147
vn -0.1931 -0.1407 -0.9710
vn -0.0000 -0.1407 -0.9901
vn 0.1931 -0.1407 -0.9710
vn 0.3789 -0.1407 -0.9147
vn 0.5500 -0.1407 -0.8232
vn 0.7001 -0.1407 -0.7001
vn 0.8232 -0.1407 -0.5500
vn 0.9147 -0.1407 -0.3789
vn 0.9710 -0.1407 -0.1931
vn 0.9901 -0.1407 -0.0000
vn 0.9710 -0.1407 0.1932
vn 0.9147 -0.1407 0.3789
vn 0.8232 -0.1407 0.5500
vn 0.7001 -0.1407 0.7001
vn 0.5500 -0.1407 0.8232
vn 0.3789 -0.1407 0.9147
vn 0.1931 -0.1407 0.9710
vn -0.0000 -0.0362 0.9993
vn -0.1950 -0.0362 0.9801
vn -0.3824 -0.0362 0.9233
vn -0.5552 -0.0362 0.8309
vn -0.7066 -0.0362 0.7066
vn -0.8309 -0.0362 0.5552
vn -0.9233 -0.0362 0.3824
vn -0.9801 -0.0362 0.1950
vn -0.9993 -0.0362 -0.0000
vn -0.9801 -0.0362 -0.1950
vn -0.9233 -0.0362 -0.3824
vn -0.8309 -0.0362 -0.5552
vn -0.7066 -0.0362 -0.7066
vn -0.5552 -0.0362 -0.8309
vn -0.3824 -0.0362 -0.9233
vn -0.1950 -0.0362 -0.9801
vn -0.0000 -0.0362 -0.9993
vn 0.1950 -0.0362 -0.9801
vn 0.3824 -0.0362 -0.9233
vn 0.5552 -0.0362 -0.8309
vn 0.7066 -0.0362 -0.7066
vn 0.8309 -0.0362 -0.5552
vn 0.9233 -0.0362 -0.3824
vn 0.9801 -0.0362 -0.1950
vn 0.9993 -0.0362 -0.0000
vn 0.9801 -0.0362 0.1950
vn 0.9233 -0.0362 0.3824
vn 0.8309 -0.0362 0.5552
vn 0.7066 -0.0362 0.7066
vn 0.5552 -0.0362 0.8309
vn 0.3824 -0.0362 0.9233
vn 0.1950 -0.0362 0.9801
vn -0.0000 0.1649 0.9863
vn -0.1924 0.1649 0.9674
vn -0.3774 0.1649 0.9112
vn -0.5480 0.1649 0.8201
vn -0.6974 0.1649 0.6974
vn -0.8201 0.1649 0.5480
vn -0.9112 0.1649 0.3774
vn -0.9674 0.1649 0.1924
vn -0.9863 0.1649 -0.0000
vn -0.9674 0.1649 -0.1924
vn -0.9112 0.1649 -0.3774
vn -0.8201 0.1649 -0.5480
vn -0.6974 0.1649 -0.6974
vn -0.5480 0.1649 -0.8201
vn -0.3774 0.1649 -0.9112
vn -0.1924 0.1649 -0.9674
vn -0.0000 0.1649 -0.9863
vn 0.1924 0.1649 -0.9674
vn 0.3774 0.1649 -0.9112
vn 0.5480 0.1649 -0.8201
vn 0.6974 0.1649 -0.6974
vn 0.8201 0.1649 -0.5480
vn 0.9112 0.1649 -0.3774
vn 0.9674 0.1649 -0.1924
vn 0.9863 0.1649 -0.0000
vn 0.9674 0.1649 0.1924
vn 0.9112 0.1649 0.3774
vn 0.8201 0.1649 0.5480
vn 0.6974 0.1649 0.6974
vn 0.5480 0.1649 0.8201
vn 0.3774 0.1649 0.9112
vn 0.1924 0.1649 0.9674
vn -0.0000 0.4304 0.9027
vn -0.1761 0.4304 0.8853
vn -0.3454 0.4304 0.8339
vn -0.5015 0.4304 0.7505
vn -0.6383 0.4304 0.6383
vn -0.7505 0.4304 0.5015
vn -0.8339 0.4304 0.3454
vn -0.8853 0.4304 0.1761
vn -0.9027 0.4304 -0.0000
vn -0.8853 0.4304 -0.1761
vn -0.8339 0.4304 -0.3454
vn -0.7505 0.4304 -0.5015
vn -0.6383 0.4304 -0.6383
vn -0.5015 0.4304 -0.7505
vn -0.3454 0.4304 -0.8339
vn -0.1761 0.4304 -0.8853
vn -0.0000 0.4304 -0.9027
vn 0.1761 0.4304 -0.8853
vn 0.3454 0.4304 -0.8339
vn 0.5015 0.4304 -0.7505
vn 0.6383 0.4304 -0.6383
vn 0.7505 0.4304 -0.5015
vn 0.8339 0.4304 -0.3454
vn 0.8853 0.4304 -0.1761
vn 0.9027 0.4304 -0.0000
vn 0.8853 0.4304 0.1761
vn 0.8339 0.4304 0.3454
vn 0.7505 0.4304 0.5015
vn 0.6383 0.4304 0.6383
vn 0.5015 0.4304 0.7505
vn 0.3454 0.4304 0.8339
vn 0.1761 0.4304 0.8853
vn -0.0000 0.6920 0.7219
vn -0.1408 0.6920 0.7080
vn -0.2763 0.6920 0.6670
vn -0.4011 0.6920 0.6003
vn -0.5105 0.6920 0.5105
vn -0.6003 0.6920 0.4011
vn -0.6670 0.6920 0.2763
vn -0.7080 0.6920 0.1408
vn -0.7219 0.6920 -0.0000
vn -0.7080 0.6920 -0.1408
vn -0.6670 0.6920 -0.2763
vn -0.6003 0.6920 -0.4011
vn -0.5105 0.6920 -0.5105
vn -0.4011 0.6920 -0.6003
vn -0.2763 0.6920 -0.6670
vn -0.1408 0.6920 -0.7080
vn -0.0000 0.6920 -0.7219
vn 0.1408 0.6920 -0.7080
vn 0.2763 0.6920 -0.6670
vn 0.4011 0.6920 -0.6003
vn 0.5105 0.6920 -0.5105
vn 0.6003 0.6920 -0.4011
vn 0.6670 0.6920 -0.2763
vn 0.7080 0.6920 -0.1408
vn 0.7219 0.6920 -0.0000
vn 0.7080 0.6920 0.1408
vn 0.6670 0.6920 0.2763
vn 0.6003 0.6920 0.4011
vn 0.5105 0.6920 0.5105
vn 0.4011 0.6920 0.6003
vn 0.2763 0.6920 0.6670
vn 0.1408 0.6920 0.7080
vn -0.0000 0.8716 0.4903
vn -0.0956 0.8716 0.4808
vn -0.1876 0.8716 0.4529
vn -0.2724 0.8716 0.4076
vn -0.3467 0.8716 0.3467
vn -0.4076 0.8716 0.2724
vn -0.4529 0.8716 0.1876
vn -0.4808 0.8716 0.0956
vn -0.4903 0.8716 -0.0000
vn -0.4808 0.8716 -0.0956
vn -0.4529 0.8716 -0.1876
vn -0.4076 0.8716 -0.2724
vn -0.3467 0.8716 -0.3467
vn -0.2724 0.8716 -0.4076
vn -0.1876 0.8716 -0.4529
vn -0.0956 0.8716 -0.4808
vn -0.0000 0.8716 -0.4903
vn 0.0956 0.8716 -0.4808
vn 0.1876 0.8716 -0.4529
vn 0.2724 0.8716 -0.4076
vn 0.3467 0.8716 -0.3467
vn 0.4076 0.8716 -0.2724
vn 0.4529 0.8716 -0.1876
vn 0.4808 0.8716 -0.0956
vn 0.4903 0.8716 -0.0000
vn 0.4808 0.8716 0.0956
vn 0.4529 0.8716 0.1876
vn 0.4076 0.8716 0.2724
vn 0.3467 0.8716 0.3467
vn 0.2724 0.8716 0.4076
vn 0.1876 0.8716 0.4529
vn 0.0956 0.8716 0.4808
vn -0.0000 0.9527 0.3040
vn -0.0593 0.9527 0.2981
vn -0.1163 0.9527 0.2808
vn -0.1689 0.9527 0.2527
vn -0.2149 0.9527 0.2149
vn -0.2527 0.9527 0.1689
vn -0.2808 0.9527 0.1163
vn -0.2981 0.9527 0.0593
vn -0.3040 0.9527 -0.0000
vn -0.2981 0.9527 -0.0593
vn -0.2808 0.9527 -0.1163
vn -0.2527 0.9527 -0.1689
vn -0.2149 0.9527 -0.2149
vn -0.1689 0.9527 -0.2527
vn -0.1163 0.9527 -0.2808
vn -0.0593 0.9527 -0.2981
vn -0.0000 0.9527 -0.3040
vn 0.0593 0.9527 -0.2981
vn 0.1163 0.9527 -0.2808
vn 0.1689 0.9527 -0.2527
vn 0.2149 0.9527 -0.2149
vn 0.2527 0.9527 -0.1689
vn 0.2808 0.9527 -0.1163
vn 0.2981 0.9527 -0.0593
vn 0.3040 0.9527 -0.0000
vn 0.2981 0.9527 0.0593
vn 0.2808 0.9527 0.1163
vn 0.2527 0.9527 0.1689
vn 0.2149 0.9527 0.2149
vn 0.1689 0.9527 0.2527
vn 0.1163 0.9527 0.2808
vn 0.0593 0.9527 0.2981
vn -0.2578 -0.7391 -0.6223
vn -0.3742 -0.7391 -0.5601
vn -0.3742 -0.7391 0.5601
vn -0.2578 -0.7391 0.6223
vn 0.6736 -0.7391 -0.0000
vn 0.6606 -0.7391 -0.1314
vn -0.4763 -0.7391 -0.4763
vn -0.5600 -0.7391 -0.3742
vn -0.1314 -0.7391 0.6606
vn -0.0000 -0.7391 0.6736
vn 0.6223 -0.7391 -0.2578
vn 0.5601 -0.7391 -0.3742
vn -0.6223 -0.7391 -0.2578
vn -0.6606 -0.7391 -0.1314
vn 0.4763 -0.7391 -0.4763
vn 0.3742 -0.7391 -0.5601
vn 0.1314 -0.7391 0.6606
vn 0.2578 -0.7391 0.6223
vn -0.6736 -0.7391 -0.0000
vn -0.6606 -0.7391 0.1314
vn 0.2578 -0.7391 -0.6223
vn 0.1314 -0.7391 -0.6606
vn 0.3742 -0.7391 0.5601
vn 0.4763 -0.7391 0.4763
vn -0.6223 -0.7391 0.2578
vn -0.5601 -0.7391 0.3742
vn 0.5601 -0.7391 0.3742
vn 0.6223 -0.7391 0.2578
vn -0.1314 -0.7391 -0.6606
vn -0.4763 -0.7391 0.4763
vn 0.6606 -0.7391 0.1314
vn -0.0000 -0.7391 -0.6736
vn -0.0000 -0.9991 0.0420
vn -0.0082 -0.9991 0.0412
vn -0.0161 -0.9991 0.0388
vn -0.0233 -0.9991 0.0349
vn -0.0297 -0.9991 0.0297
vn -0.0349 -0.9991 0.0233
vn -0.0388 -0.9991 0.0161
vn -0.0412 -0.9991 0.0082
vn -0.0420 -0.9991 -0.0000
vn -0.0412 -0.9991 -0.0082
vn -0.0388 -0.9991 -0.0161
vn -0.0349 -0.9991 -0.0233
vn -0.0297 -0.9991 -0.0297
vn -0.0233 -0.9991 -0.0349
vn -0.0161 -0.9991 -0.0388
vn -0.0082 -0.9991 -0.0412
vn -0.0000 -0.9991 -0.0420
vn 0.0082 -0.9991 -0.0412
vn 0.0161 -0.9991 -0.0388
vn 0.0233 -0.9991 -0.0349
vn 0.0297 -0.9991 -0.0297
vn 0.0349 -0.9991 -0.0233
vn 0.0388 -0.9991 -0.0161
vn 0.0412 -0.9991 -0.0082
vn 0.0420 -0.9991 -0.0000
vn 0.0412 -0.9991 0.0082
vn 0.0388 -0.9991 0.0161
vn 0.0349 -0.9991 0.0233
vn 0.0297 -0.9991 0.0297
vn 0.0233 -0.9991 0.0349
vn 0.0161 -0.9991 0.0388
vn 0.0082 -0.9991 0.0412
vn -0.0000 -0.9984 0.0570
vn -0.0111 -0.9984 0.0559
vn -0.0218 -0.9984 0.0527
vn -0.0317 -0.9984 0.0474
vn -0.0403 -0.9984 0.0403
vn -0.0474 -0.9984 0.0317
vn -0.0527 -0.9984 0.0218
vn -0.0559 -0.9984 0.0111
vn -0.0570 -0.9984 -0.0000
vn -0.0559 -0.9984 -0.0111
vn -0.0527 -0.9984 -0.0218
vn -0.0474 -0.9984 -0.0317
vn -0.0403 -0.9984 -0.0403
vn -0.0317 -0.9984 -0.0474
vn -0.0218 -0.9984 -0.0527
vn -0.0111 -0.9984 -0.0559
vn -0.0000 -0.9984 -0.0570
vn 0.0111 -0.9984 -0.0559
vn 0.0218 -0.9984 -0.0527
vn 0.0317 -0.9984 -0.0474
vn 0.0403 -0.9984 -0.0403
vn 0.0474 -0.9984 -0.0317
vn 0.0527 -0.9984 -0.0218
vn 0.0559 -0.9984 -0.0111
vn 0.0570 -0.9984 -0.0000
vn 0.0559 -0.9984 0.0111
vn 0.0527 -0.9984 0.0218
vn 0.0474 -0.9984 0.0317
vn 0.0403 -0.9984 0.0403
vn 0.0317 -0.9984 0.0474
vn 0.0218 -0.9984 0.0527
vn 0.0111 -0.9984 0.0559
vn -0.0000 -0.9999 0.0151
vn -0.0030 -0.9999 0.0148
vn -0.0058 -0.9999 0.0140
vn -0.0084 -0.9999 0.0126
vn -0.0107 -0.9999 0.0107
vn -0.0126 -0.9999 0.0084
vn -0.0140 -0.9999 0.0058
vn -0.0148 -0.9999 0.0029
vn -0.0151 -0.9999 -0.0000
vn -0.0148 -0.9999 -0.0029
vn -0.0140 -0.9999 -0.0058
vn -0.0126 -0.9999 -0.0084
vn -0.0107 -0.9999 -0.0107
vn -0.0084 -0.9999 -0.0126
vn -0.0058 -0.9999 -0.0140
vn -0.0030 -0.9999 -0.0148
vn -0.0000 -0.9999 -0.0151
vn 0.0030 -0.9999 -0.0148
vn 0.0058 -0.9999 -0.0140
vn 0.0084 -0.9999 -0.0126
vn 0.0107 -0.9999 -0.0107
vn 0.0126 -0.9999 -0.0084
vn 0.0140 -0.9999 -0.0058
vn 0.0148 -0.9999 -0.0030
vn 0.0151 -0.9999 -0.0000
vn 0.0148 -0.9999 0.0030
vn 0.0140 -0.9999 0.0058
vn 0.0126 -0.9999 0.0084
vn 0.0107 -0.9999 0.0107
vn 0.0084 -0.9999 0.0126
vn 0.0058 -0.9999 0.0140
vn 0.0030 -0.9999 0.0148
vn -0.3646 0.8987 -0.2436
vn -0.0000 0.8987 0.4385
vn 0.3646 0.8987 -0.2436
vn -0.4301 0.8987 -0.0855
vn 0.2436 0.8987 -0.3646
vn 0.1678 0.8987 0.4051
vn -0.4301 0.8987 0.0855
vn 0.0855 0.8987 -0.4301
vn 0.3101 0.8987 0.3101
vn -0.3646 0.8987 0.2436
vn 0.4051 0.8987 0.1678
vn -0.1678 0.8987 -0.4051
vn -0.2436 0.8987 0.3646
vn 0.4385 0.8987 -0.0000
vn -0.0000 0.8987 -0.4385
vn -0.3101 0.8987 -0.3101
vn -0.0855 0.8987 0.4301
vn 0.4051 0.8987 -0.1678
vn -0.4051 0.8987 -0.1678
vn 0.3101 0.8987 -0.3101
vn 0.0855 0.8987 0.4301
vn -0.4385 0.8987 -0.0000
vn 0.1678 0.8987 -0.4051
vn 0.2436 0.8987 0.3646
vn -0.4051 0.8987 0.1678
vn 0.3646 0.8987 0.2436
vn -0.0855 0.8987 -0.4301
vn -0.3101 0.8987 0.3101
vn 0.4301 0.8987 0.0855
vn -0.2436 0.8987 -0.3646
vn -0.1678 0.8987 0.4051
vn 0.4301 0.8987 -0.0855
vn -0.1329 0.9822 -0.1329
vn -0.0367 0.9822 0.1844
vn 0.1737 0.9822 -0.0719
vn -0.1737 0.9822 -0.0719
vn 0.1329 0.9822 -0.1329
vn 0.0367 0.9822 0.1844
vn -0.1880 0.9822 -0.0000
vn 0.0719 0.9822 -0.1737
vn 0.1044 0.9822 0.1563
vn -0.1737 0.9822 0.0719
vn 0.1563 0.9822 0.1044
vn -0.0367 0.9822 -0.1844
vn -0.1329 0.9822 0.1329
vn 0.1844 0.9822 0.0367
vn -0.1044 0.9822 -0.1563
vn -0.0719 0.9822 0.1737
vn 0.1844 0.9822 -0.0367
vn -0.1563 0.9822 -0.1044
vn -0.0000 0.9822 0.1880
vn 0.1563 0.9822 -0.1044
vn -0.1844 0.9822 -0.0367
vn 0.1044 0.9822 -0.1563
vn 0.0719 0.9822 0.1737
vn -0.1844 0.9822 0.0367
vn 0.0367 0.9822 -0.1844
vn 0.1329 0.9822 0.1329
vn -0.1563 0.9822 0.1044
vn 0.1737 0.9822 0.0719
vn -0.0719 0.9822 -0.1737
vn -0.1044 0.9822 0.1563
vn 0.1880 0.9822 -0.0000
vn -0.0000 0.9822 -0.1880
vn -0.3343 -0.9322 -0.1385
vn -0.3549 -0.9322 -0.0706
vn 0.2559 -0.9322 -0.2559
vn 0.2010 -0.9322 -0.3009
vn 0.0706 -0.9322 0.3549
vn 0.1385 -0.9322 0.3343
vn -0.3618 -0.9322 -0.0000
vn -0.3549 -0.9322 0.0706
vn 0.1385 -0.9322 -0.3343
vn 0.0706 -0.9322 -0.3549
vn 0.2010 -0.9322 0.3009
vn 0.2559 -0.9322 0.2559
vn -0.3343 -0.9322 0.1385
vn -0.3009 -0.9322 0.2010
vn 0.3009 -0.9322 0.2010
vn 0.3343 -0.9322 0.1385
vn -0.0706 -0.9322 -0.3549
vn -0.1385 -0.9322 -0.3343
vn -0.2559 -0.9322 0.2559
vn -0.2010 -0.9322 0.3009
vn 0.3549 -0.9322 0.0706
vn 0.3618 -0.9322 -0.0000
vn -0.2010 -0.9322 -0.3009
vn -0.2559 -0.9322 -0.2559
vn -0.1385 -0.9322 0.3343
vn -0.0706 -0.9322 0.3549
vn 0.3549 -0.9322 -0.0706
vn 0.3343 -0.9322 -0.1385
vn -0.3009 -0.9322 -0.2010
vn 0.3009 -0.9322 -0.2010
vn -0.0000 -0.9322 0.3618
vn -0.0000 -0.9322 -0.3618
vn -0.0000 0.9898 -0.1423
vn -0.0000 0.2050 -0.9788
vn -0.0000 0.6767 -0.7363
vn 0.1910 0.2050 -0.9600
vn 0.0278 0.9898 -0.1395
vn 0.1436 0.6766 -0.7222
vn 0.3746 0.2050 -0.9043
vn 0.0544 0.9898 -0.1314
vn 0.2818 0.6767 -0.6803
vn 0.5438 0.2050 -0.8138
vn 0.0790 0.9898 -0.1183
vn 0.4091 0.6767 -0.6122
vn 0.6921 0.2050 -0.6921
vn 0.1006 0.9898 -0.1006
vn 0.5206 0.6766 -0.5206
vn 0.8138 0.2050 -0.5438
vn 0.1183 0.9898 -0.0790
vn 0.6122 0.6767 -0.4091
vn 0.9043 0.2050 -0.3746
vn 0.1314 0.9898 -0.0544
vn 0.6803 0.6766 -0.2818
vn 0.9600 0.2050 -0.1909
vn 0.1395 0.9898 -0.0278
vn 0.7222 0.6767 -0.1436
vn 0.9788 0.2050 -0.0000
vn 0.1423 0.9898 -0.0000
vn 0.7363 0.6766 -0.0000
vn 0.9600 0.2050 0.1909
vn 0.1395 0.9898 0.0278
vn 0.7222 0.6767 0.1436
vn 0.9043 0.2050 0.3746
vn 0.1314 0.9898 0.0544
vn 0.6803 0.6766 0.2818
vn 0.8138 0.2050 0.5438
vn 0.1183 0.9898 0.0790
vn 0.6122 0.6767 0.4091
vn 0.6921 0.2050 0.6921
vn 0.1006 0.9898 0.1006
vn 0.5206 0.6767 0.5206
vn 0.5438 0.2050 0.8138
vn 0.0790 0.9898 0.1183
vn 0.4091 0.6767 0.6122
vn 0.3746 0.2050 0.9043
vn 0.0544 0.9898 0.1314
vn 0.2818 0.6766 0.6803
vn 0.1909 0.2050 0.9600
vn 0.0278 0.9898 0.1395
vn 0.1436 0.6766 0.7222
vn -0.0000 0.2050 0.9788
vn -0.0000 0.9898 0.1423
vn -0.0000 0.6767 0.7363
vn -0.1909 0.2050 0.9600
vn -0.0278 0.9898 0.1395
vn -0.1436 0.6766 0.7222
vn -0.3746 0.2050 0.9043
vn -0.0544 0.9898 0.1314
vn -0.2818 0.6767 0.6803
vn -0.5438 0.2050 0.8138
vn -0.0790 0.9898 0.1183
vn -0.4091 0.6767 0.6122
vn -0.6921 0.2050 0.6921
vn -0.1006 0.9898 0.1006
vn -0.5206 0.6767 0.5206
vn -0.8138 0.2050 0.5438
vn -0.1183 0.9898 0.0790
vn -0.6122 0.6767 0.4091
vn -0.9043 0.2050 0.3746
vn -0.1314 0.9898 0.0544
vn -0.6802 0.6767 0.2818
vn -0.9600 0.2050 0.1909
vn -0.1395 0.9898 0.0278
vn -0.7222 0.6767 0.1436
vn -0.9788 0.2050 -0.0000
vn -0.1423 0.9898 -0.0000
vn -0.7363 0.6766 -0.0000
vn -0.9600 0.2050 -0.1909
vn -0.1395 0.9898 -0.0278
vn -0.7222 0.6767 -0.1436
vn -0.9043 0.2050 -0.3746
vn -0.1314 0.9898 -0.0544
vn -0.6803 0.6767 -0.2818
vn -0.8138 0.2050 -0.5438
vn -0.1183 0.9898 -0.0790
vn -0.6122 0.6766 -0.4091
vn -0.6921 0.2050 -0.6921
vn -0.1006 0.9898 -0.1006
vn -0.5206 0.6766 -0.5206
vn -0.5438 0.2050 -0.8138
vn -0.0790 0.9898 -0.1183
vn -0.4091 0.6767 -0.6122
vn -0.3746 0.2050 -0.9043
vn -0.0544 0.9898 -0.1314
vn -0.2818 0.6767 -0.6803
vn -0.1909 0.2050 -0.9600
vn -0.0278 0.9898 -0.1395
vn -0.1436 0.6767 -0.7222
vn -0.0000 -0.2102 -0.9777
vn -0.0000 -0.9989 -0.0478
vn -0.0000 -0.7100 -0.7042
vn 0.0093 -0.9989 -0.0469
vn 0.1907 -0.2102 -0.9589
vn 0.1374 -0.7100 -0.6907
vn 0.0183 -0.9989 -0.0442
vn 0.3741 -0.2102 -0.9032
vn 0.2695 -0.7100 -0.6506
vn 0.0266 -0.9989 -0.0398
vn 0.5432 -0.2102 -0.8129
vn 0.3912 -0.7100 -0.5855
vn 0.0338 -0.9989 -0.0338
vn 0.6913 -0.2102 -0.6913
vn 0.4979 -0.7100 -0.4979
vn 0.0398 -0.9989 -0.0266
vn 0.8129 -0.2102 -0.5432
vn 0.5855 -0.7100 -0.3912
vn 0.0442 -0.9989 -0.0183
vn 0.9032 -0.2102 -0.3741
vn 0.6506 -0.7100 -0.2695
vn 0.0469 -0.9989 -0.0093
vn 0.9589 -0.2102 -0.1907
vn 0.6907 -0.7100 -0.1374
vn 0.0478 -0.9989 -0.0000
vn 0.9777 -0.2102 -0.0000
vn 0.7042 -0.7100 -0.0000
vn 0.0469 -0.9989 0.0093
vn 0.9589 -0.2102 0.1907
vn 0.6907 -0.7100 0.1374
vn 0.0442 -0.9989 0.0183
vn 0.9032 -0.2102 0.3741
vn 0.6506 -0.7100 0.2695
vn 0.0398 -0.9989 0.0266
vn 0.8129 -0.2102 0.5432
vn 0.5855 -0.7100 0.3912
vn 0.0338 -0.9989 0.0338
vn 0.6913 -0.2102 0.6913
vn 0.4979 -0.7100 0.4979
vn 0.0266 -0.9989 0.0398
vn 0.5432 -0.2102 0.8129
vn 0.3912 -0.7100 0.5855
vn 0.0183 -0.9989 0.0442
vn 0.3741 -0.2102 0.9032
vn 0.2695 -0.7100 0.6506
vn 0.0093 -0.9989 0.0469
vn 0.1907 -0.2102 0.9589
vn 0.1374 -0.7100 0.6907
vn -0.0000 -0.9989 0.0478
vn -0.0000 -0.2102 0.9776
vn -0.0000 -0.7100 0.7042
vn -0.0093 -0.9989 0.0469
vn -0.1907 -0.2102 0.9589
vn -0.1374 -0.7100 0.6907
vn -0.0183 -0.9989 0.0442
vn -0.3741 -0.2102 0.9032
vn -0.2695 -0.7100 0.6506
vn -0.0266 -0.9989 0.0398
vn -0.5432 -0.2102 0.8129
vn -0.3912 -0.7100 0.5855
vn -0.0338 -0.9989 0.0338
vn -0.6913 -0.2102 0.6913
vn -0.4979 -0.7100 0.4979
vn -0.0398 -0.9989 0.0266
vn -0.8129 -0.2102 0.5431
vn -0.5855 -0.7100 0.3912
vn -0.0442 -0.9989 0.0183
vn -0.9032 -0.2103 0.3741
vn -0.6506 -0.7100 0.2695
vn -0.0469 -0.9989 0.0093
vn -0.9589 -0.2102 0.1907
vn -0.6907 -0.7100 0.1374
vn -0.0478 -0.9989 -0.0000
vn -0.9777 -0.2102 -0.0000
vn -0.7042 -0.7100 -0.0000
vn -0.0469 -0.9989 -0.0093
vn -0.9589 -0.2102 -0.1907
vn -0.6907 -0.7100 -0.1374
vn -0.0442 -0.9989 -0.0183
vn -0.9032 -0.2102 -0.3741
vn -0.6506 -0.7100 -0.2695
vn -0.0398 -0.9989 -0.0266
vn -0.8129 -0.2102 -0.5432
vn -0.5855 -0.7100 -0.3912
vn -0.0338 -0.9989 -0.0338
vn -0.6913 -0.2102 -0.6913
vn -0.4979 -0.7100 -0.4979
vn -0.0266 -0.9989 -0.0398
vn -0.5432 -0.2102 -0.8129
vn -0.3912 -0.7100 -0.5855
vn -0.0183 -0.9989 -0.0442
vn -0.3741 -0.2102 -0.9032
vn -0.2695 -0.7100 -0.6506
vn -0.0093 -0.9989 -0.0469
vn -0.1907 -0.2102 -0.9589
vn -0.1374 -0.7100 -0.6907
vn 0.0794 -0.9954 0.0530
vn 0.0675 -0.9954 0.0675
vn -0.0000 -0.9954 -0.0955
vn 0.0186 -0.9954 -0.0936
vn -0.0794 -0.9954 0.0530
vn -0.0882 -0.9954 0.0365
vn 0.0936 -0.9954 0.0186
vn 0.0882 -0.9954 0.0365
vn -0.0530 -0.9954 0.0794
vn -0.0675 -0.9954 0.0675
vn -0.0365 -0.9954 -0.0882
vn -0.0186 -0.9954 -0.0936
vn 0.0936 -0.9954 -0.0186
vn 0.0955 -0.9954 -0.0000
vn -0.0186 -0.9954 0.0936
vn -0.0365 -0.9954 0.0882
vn -0.0675 -0.9954 -0.0675
vn -0.0530 -0.9954 -0.0794
vn 0.0794 -0.9954 -0.0530
vn 0.0882 -0.9954 -0.0365
vn -0.0882 -0.9954 -0.0365
vn -0.0794 -0.9954 -0.0530
vn 0.0365 -0.9954 0.0882
vn 0.0186 -0.9954 0.0936
vn 0.0530 -0.9954 -0.0794
vn 0.0675 -0.9954 -0.0675
vn -0.0955 -0.9954 -0.0000
vn -0.0936 -0.9954 -0.0186
vn 0.0530 -0.9954 0.0794
vn 0.0365 -0.9954 -0.0882
vn -0.0936 -0.9954 0.0186
vn -0.0000 -0.9954 0.0955
s 1
f 1//1 1603//1571 4835//4707 1605//1573
f 1//1 1605//1573 4836//4708 1604//1572
f 1//1 1604//1572 4838//4710 1606//1574
f 1//1 1606//1574 4837//4709 1603//1571
f 2//2 1607//1575 4837//4709 1606//1574
f 2//2 1606//1574 4838//4710 1608//1576
f 2//2 1608//1576 4840//4712 1609//1577
f 2//2 1609//1577 4839//4711 1607//1575
f 3//3 1610//1578 4839//4711 1609//1577
f 3//3 1609//1577 4840//4712 1611//1579
f 3//3 1611//1579 4842//4714 1612//1580
f 3//3 1612//1580 4841//4713 1610//1578
f 4//4 1613//1581 4841//4713 1612//1580
f 4//4 1612//1580 4842//4714 1614//1582
f 4//4 1614//1582 4844//4716 1615//1583
f 4//4 1615//1583 4843//4715 1613//1581
f 5//5 1616//1584 4843//4715 1615//1583
f 5//5 1615//1583 4844//4716 1617//1585
f 5//5 1617//1585 4846//4718 1618//1586
f 5//5 1618//1586 4845//4717 1616//1584
f 6//6 1619//1587 4845//4717 1618//1586
f 6//6 1618//1586 4846//4718 1620//1588
f 6//6 1620//1588 4848//4720 1621//1589
f 6//6 1621//1589 4847//4719 1619//1587
f 7//7 1622//1590 4847//4719 1621//1589
f 7//7 1621//1589 4848//4720 1623//1591
f 7//7 1623//1591 4850//4722 1624//1592
f 7//7 1624//1592 4849//4721 1622//1590
f 8//8 1625//1593 4849//4721 1624//1592
f 8//8 1624//1592 4850//4722 1626//1594
f 8//8 1626//1594 4852//4724 1627//1595
f 8//8 1627//1595 4851//4723 1625//1593
f 9//9 1628//1596 4851//4723 1627//1595
f 9//9 1627//1595 4852//4724 1629//1597
f 9//9 1629//1597 4854//4726 1630//1598
f 9//9 1630//1598 4853//4725 1628//1596
f 10//10 1631//1599 4853//4725 1630//1598
f 10//10 1630//1598 4854//4726 1632//1600
f 10//10 1632//1600 4856//4728 1633//1601
f 10//10 1633//1601 4855//4727 1631//1599
f 11//11 1634//1602 4855//4727 1633//1601
f 11//11 1633//1601 4856//4728 1635//1603
f 11//11 1635//1603 4858//4730 1636//1604
f 11//11 1636//1604 4857//4729 1634//1602
f 12//12 1637//1605 4857//4729 1636//1604
f 12//12 1636//1604 4858//4730 1638//1606
f 12//12 1638//1606 4860//4732 1639//1607
f 12//12 1639//1607 4859//4731 1637//1605
f 13//13 1640//1608 4859//4731 1639//1607
f 13//13 1639//1607 4860//4732 1641//1609
f 13//13 1641//1609 4862//4734 1642//1610
f 13//13 1642//1610 4861//4733 1640//1608
f 14//14 1643//1611 4861//4733 1642//1610
f 14//14 1642//1610 4862//4734 1644//1612
f 14//14 1644//1612 4864//4736 1645//1613
f 14//14 1645//1613 4863//4735 1643//1611
f 15//15 1646//1614 4863//4735 1645//1613
f 15//15 1645//1613 4864//4736 1647//1615
f 15//15 1647//1615 4866//4738 1648//1616
f 15//15 1648//1616 4865//4737 1646//1614
f 16//16 1649//1617 4865//4737 1648//1616
f 16//16 1648//1616 4866//4738 1650//1618
f 16//16 1650//1618 4868//4740 1651//1619
f 16//16 1651//1619 4867//4739 1649//1617
f 17//17 1652//1620 4867//4739 1651//1619
f 17//17 1651//1619 4868//4740 1653//1621
f 17//17 1653//1621 4870//4742 1654//1622
f 17//17 1654//1622 4869//4741 1652//1620
f 18//18 1655//1623 4869//4741 1654//1622
f 18//18 1654//1622 4870//4742 1656//1624
f 18//18 1656//1624 4872//4744 1657//1625
f 18//18 1657//1625 4871//4743 1655//1623
f 19//19 1658//1626 4871//4743 1657//1625
f 19//19 1657//1625 4872//4744 1659//1627
f 19//19 1659//1627 4874//4746 1660//1628
f 19//19 1660//1628 4873//4745 1658//1626
f 20//20 1661//1629 4873//4745 1660//1628
f 20//20 1660//1628 4874//4746 1662//1630
f 20//20 1662//1630 4876//4748 1663//1631
f 20//20 1663//1631 4875//4747 1661//1629
f 21//21 1664//1632 4875//4747 1663//1631
f 21//21 1663//1631 4876//4748 1665//1633
f 21//21 1665//1633 4878//4750 1666//1634
f 21//21 1666//1634 4877//4749 1664//1632
f 22//22 1667//1635 4877//4749 1666//1634
f 22//22 1666//1634 4878//4750 1668//1636
f 22//22 1668//1636 4880//4752 1669//1637
f 22//22 1669//1637 4879//4751 1667//1635
f 23//23 1670//1638 4879//4751 1669//1637
f 23//23 1669//1637 4880//4752 1671//1639
f 23//23 1671//1639 4882//4754 1672//1640
f 23//23 1672//1640 4881//4753 1670//1638
f 24//24 1673//1641 4881//4753 1672//1640
f 24//24 1672//1640 4882//4754 1674//1642
f 24//24 1674//1642 4884//4756 1675//1643
f 24//24 1675//1643 4883//4755 1673//1641
f 25//25 1676//1644 4883//4755 1675//1643
f 25//25 1675//1643 4884//4756 1677//1645
f 25//25 1677//1645 4886//4758 1678//1646
f 25//25 1678//1646 4885//4757 1676//1644
f 26//26 1679//1647 4885//4757 1678//1646
f 26//26 1678//1646 4886//4758 1680//1648
f 26//26 1680//1648 4888//4760 1681//1649
f 26//26 1681//1649 4887//4759 1679//1647
f 27//27 1682//1650 4887//4759 1681//1649
f 27//27 1681//1649 4888//4760 1683//1651
f 27//27 1683//1651 4890//4762 1684//1652
f 27//27 1684//1652 4889//4761 1682//1650
f 28//28 1685//1653 4889//4761 1684//1652
f 28//28 1684//1652 4890//4762 1686//1654
f 28//28 1686//1654 4892//4764 1687//1655
f 28//28 1687//1655 4891//4763 1685//1653
f 29//29 1688//1656 4891//4763 1687//1655
f 29//29 1687//1655 4892//4764 1689//1657
f 29//29 1689//1657 4894//4766 1690//1658
f 29//29 1690//1658 4893//4765 1688//1656
f 30//30 1691//1659 4893//4765 1690//1658
f 30//30 1690//1658 4894//4766 1692//1660
f 30//30 1692//1660 4896//4768 1693//1661
f 30//30 1693//1661 4895//4767 1691//1659
f 31//31 2066//2034 4888//4760 1680//1648
f 31//31 1680//1648 4886//4758 2067//2035
f 31//31 2067//2035 5084//4956 2059//2027
f 31//31 2059//2027 5085//4957 2066//2034
f 32//32 1697//1665 4897//4769 1696//1664
f 32//32 1696//1664 4898//4770 1698//1666
f 32//32 1698//1666 4836//4708 1605//1573
f 32//32 1605//1573 4835//4707 1697//1665
f 33//33 1694//1662 4895//4767 1693//1661
f 33//33 1693//1661 4896//4768 1695//1663
f 33//33 1695//1663 4898//4770 1696//1664
f 33//33 1696//1664 4897//4769 1694//1662
f 34//34 1970//1938 5027//4899 2033//2001
f 34//34 2033//2001 5028//4900 1732//1700
f 34//34 1732//1700 4929//4801 1728//1696
f 34//34 1728//1696 4928//4800 1970//1938
f 35//35 1906//1874 4995//4867 1969//1937
f 35//35 1969//1937 4996//4868 1796//1764
f 35//35 1796//1764 4957//4829 1788//1756
f 35//35 1788//1756 4956//4828 1906//1874
f 36//36 1972//1940 5029//4901 2032//2000
f 36//36 2032//2000 5030//4902 1734//1702
f 36//36 1734//1702 4918//4790 1717//1685
f 36//36 1717//1685 4917//4789 1972//1940
f 37//37 1974//1942 5031//4903 2031//1999
f 37//37 2031//1999 5032//4904 1736//1704
f 37//37 1736//1704 4900//4772 1699//1667
f 37//37 1699//1667 4899//4771 1974//1942
f 38//38 1976//1944 5033//4905 2030//1998
f 38//38 2030//1998 5034//4906 1738//1706
f 38//38 1738//1706 4907//4779 1706//1674
f 38//38 1706//1674 4906//4778 1976//1944
f 39//39 1978//1946 5035//4907 2029//1997
f 39//39 2029//1997 5036//4908 1740//1708
f 39//39 1740//1708 4921//4793 1720//1688
f 39//39 1720//1688 4920//4792 1978//1946
f 40//40 1980//1948 5037//4909 2028//1996
f 40//40 2028//1996 5038//4910 1742//1710
f 40//40 1742//1710 4910//4782 1709//1677
f 40//40 1709//1677 4909//4781 1980//1948
f 41//41 1982//1950 5039//4911 2027//1995
f 41//41 2027//1995 5040//4912 1744//1712
f 41//41 1744//1712 4924//4796 1723//1691
f 41//41 1723//1691 4923//4795 1982//1950
f 42//42 1984//1952 5041//4913 2026//1994
f 42//42 2026//1994 5042//4914 1746//1714
f 42//42 1746//1714 4902//4774 1701//1669
f 42//42 1701//1669 4901//4773 1984//1952
f 43//43 1986//1954 5043//4915 2025//1993
f 43//43 2025//1993 5044//4916 1748//1716
f 43//43 1748//1716 4913//4785 1712//1680
f 43//43 1712//1680 4912//4784 1986//1954
f 44//44 1988//1956 5045//4917 2024//1992
f 44//44 2024//1992 5046//4918 1750//1718
f 44//44 1750//1718 4927//4799 1726//1694
f 44//44 1726//1694 4926//4798 1988//1956
f 45//45 1990//1958 5047//4919 2023//1991
f 45//45 2023//1991 5048//4920 1752//1720
f 45//45 1752//1720 4916//4788 1715//1683
f 45//45 1715//1683 4915//4787 1990//1958
f 46//46 1992//1960 5049//4921 2022//1990
f 46//46 2022//1990 5050//4922 1754//1722
f 46//46 1754//1722 4905//4777 1704//1672
f 46//46 1704//1672 4904//4776 1992//1960
f 47//47 1732//1700 5028//4900 2021//1989
f 47//47 2021//1989 5051//4923 1755//1723
f 47//47 1755//1723 4930//4802 1729//1697
f 47//47 1729//1697 4929//4801 1732//1700
f 48//48 1734//1702 5030//4902 2020//1988
f 48//48 2020//1988 5052//4924 1756//1724
f 48//48 1756//1724 4919//4791 1718//1686
f 48//48 1718//1686 4918//4790 1734//1702
f 49//49 1738//1706 5034//4906 2019//1987
f 49//49 2019//1987 5053//4925 1757//1725
f 49//49 1757//1725 4908//4780 1707//1675
f 49//49 1707//1675 4907//4779 1738//1706
f 50//50 1740//1708 5036//4908 2018//1986
f 50//50 2018//1986 5054//4926 1758//1726
f 50//50 1758//1726 4922//4794 1721//1689
f 50//50 1721//1689 4921//4793 1740//1708
f 51//51 1742//1710 5038//4910 2017//1985
f 51//51 2017//1985 5055//4927 1759//1727
f 51//51 1759//1727 4911//4783 1710//1678
f 51//51 1710//1678 4910//4782 1742//1710
f 52//52 1744//1712 5040//4912 2016//1984
f 52//52 2016//1984 5056//4928 1760//1728
f 52//52 1760//1728 4925//4797 1724//1692
f 52//52 1724//1692 4924//4796 1744//1712
f 53//53 1746//1714 5042//4914 2015//1983
f 53//53 2015//1983 5057//4929 1761//1729
f 53//53 1761//1729 4903//4775 1702//1670
f 53//53 1702//1670 4902//4774 1746//1714
f 54//54 1748//1716 5044//4916 2014//1982
f 54//54 2014//1982 5058//4930 1762//1730
f 54//54 1762//1730 4914//4786 1713//1681
f 54//54 1713//1681 4913//4785 1748//1716
f 55//55 1750//1718 5046//4918 2013//1981
f 55//55 2013//1981 5027//4899 1970//1938
f 55//55 1970//1938 4928//4800 1727//1695
f 55//55 1727//1695 4927//4799 1750//1718
f 56//56 1752//1720 5048//4920 2012//1980
f 56//56 2012//1980 5029//4901 1972//1940
f 56//56 1972//1940 4917//4789 1716//1684
f 56//56 1716//1684 4916//4788 1752//1720
f 57//57 1754//1722 5050//4922 2011//1979
f 57//57 2011//1979 5033//4905 1976//1944
f 57//57 1976//1944 4906//4778 1705//1673
f 57//57 1705//1673 4905//4777 1754//1722
f 58//58 1755//1723 5051//4923 2010//1978
f 58//58 2010//1978 5031//4903 1974//1942
f 58//58 1974//1942 4899//4771 1730//1698
f 58//58 1730//1698 4930//4802 1755//1723
f 59//59 1756//1724 5052//4924 2009//1977
f 59//59 2009//1977 5035//4907 1978//1946
f 59//59 1978//1946 4920//4792 1719//1687
f 59//59 1719//1687 4919//4791 1756//1724
f 60//60 1757//1725 5053//4925 2008//1976
f 60//60 2008//1976 5037//4909 1980//1948
f 60//60 1980//1948 4909//4781 1708//1676
f 60//60 1708//1676 4908//4780 1757//1725
f 61//61 1758//1726 5054//4926 2007//1975
f 61//61 2007//1975 5039//4911 1982//1950
f 61//61 1982//1950 4923//4795 1722//1690
f 61//61 1722//1690 4922//4794 1758//1726
f 62//62 1736//1704 5032//4904 2006//1974
f 62//62 2006//1974 5041//4913 1984//1952
f 62//62 1984//1952 4901//4773 1700//1668
f 62//62 1700//1668 4900//4772 1736//1704
f 63//63 1759//1727 5055//4927 2005//1973
f 63//63 2005//1973 5043//4915 1986//1954
f 63//63 1986//1954 4912//4784 1711//1679
f 63//63 1711//1679 4911//4783 1759//1727
f 64//64 1760//1728 5056//4928 2004//1972
f 64//64 2004//1972 5045//4917 1988//1956
f 64//64 1988//1956 4926//4798 1725//1693
f 64//64 1725//1693 4925//4797 1760//1728
f 65//65 1761//1729 5057//4929 2003//1971
f 65//65 2003//1971 5049//4921 1992//1960
f 65//65 1992//1960 4904//4776 1703//1671
f 65//65 1703//1671 4903//4775 1761//1729
f 66//66 1762//1730 5058//4930 2002//1970
f 66//66 2002//1970 5047//4919 1990//1958
f 66//66 1990//1958 4915//4787 1714//1682
f 66//66 1714//1682 4914//4786 1762//1730
f 67//67 4733//4605 6327//6135 4501//4373
f 67//67 4501//4373 6330//6138 4735//4607
f 67//67 4735//4607 6427//6235 4657//4529
f 67//67 4657//4529 6424//6232 4733//4605
f 68//68 1908//1876 4997//4869 1968//1936
f 68//68 1968//1936 4998//4870 1798//1766
f 68//68 1798//1766 4935//4807 1766//1734
f 68//68 1766//1734 4934//4806 1908//1876
f 69//69 1910//1878 4999//4871 1967//1935
f 69//69 1967//1935 5000//4872 1800//1768
f 69//69 1800//1768 4946//4818 1777//1745
f 69//69 1777//1745 4945//4817 1910//1878
f 70//70 1912//1880 5001//4873 1966//1934
f 70//70 1966//1934 5002//4874 1802//1770
f 70//70 1802//1770 4955//4827 1786//1754
f 70//70 1786//1754 4954//4826 1912//1880
f 71//71 1914//1882 5003//4875 1965//1933
f 71//71 1965//1933 5004//4876 1804//1772
f 71//71 1804//1772 4933//4805 1764//1732
f 71//71 1764//1732 4932//4804 1914//1882
f 72//72 1916//1884 5005//4877 1964//1932
f 72//72 1964//1932 5006//4878 1806//1774
f 72//72 1806//1774 4944//4816 1775//1743
f 72//72 1775//1743 4943//4815 1916//1884
f 73//73 1918//1886 5007//4879 1963//1931
f 73//73 1963//1931 5008//4880 1808//1776
f 73//73 1808//1776 4953//4825 1784//1752
f 73//73 1784//1752 4952//4824 1918//1886
f 74//74 1920//1888 5009//4881 1962//1930
f 74//74 1962//1930 5010//4882 1810//1778
f 74//74 1810//1778 4942//4814 1773//1741
f 74//74 1773//1741 4941//4813 1920//1888
f 75//75 1922//1890 5011//4883 1961//1929
f 75//75 1961//1929 5012//4884 1812//1780
f 75//75 1812//1780 4962//4834 1793//1761
f 75//75 1793//1761 4961//4833 1922//1890
f 76//76 1924//1892 5013//4885 1960//1928
f 76//76 1960//1928 5014//4886 1814//1782
f 76//76 1814//1782 4951//4823 1782//1750
f 76//76 1782//1750 4950//4822 1924//1892
f 77//77 1926//1894 5015//4887 1959//1927
f 77//77 1959//1927 5016//4888 1816//1784
f 77//77 1816//1784 4940//4812 1771//1739
f 77//77 1771//1739 4939//4811 1926//1894
f 78//78 1928//1896 5017//4889 1958//1926
f 78//78 1958//1926 5018//4890 1818//1786
f 78//78 1818//1786 4960//4832 1791//1759
f 78//78 1791//1759 4959//4831 1928//1896
f 79//79 1930//1898 5019//4891 1957//1925
f 79//79 1957//1925 5020//4892 1820//1788
f 79//79 1820//1788 4949//4821 1780//1748
f 79//79 1780//1748 4948//4820 1930//1898
f 80//80 1932//1900 5021//4893 1956//1924
f 80//80 1956//1924 5022//4894 1822//1790
f 80//80 1822//1790 4938//4810 1769//1737
f 80//80 1769//1737 4937//4809 1932//1900
f 81//81 1796//1764 4996//4868 1955//1923
f 81//81 1955//1923 5023//4895 1823//1791
f 81//81 1823//1791 4958//4830 1789//1757
f 81//81 1789//1757 4957//4829 1796//1764
f 82//82 1798//1766 4998//4870 1954//1922
f 82//82 1954//1922 5024//4896 1824//1792
f 82//82 1824//1792 4936//4808 1767//1735
f 82//82 1767//1735 4935//4807 1798//1766
f 83//83 1800//1768 5000//4872 1953//1921
f 83//83 1953//1921 5025//4897 1825//1793
f 83//83 1825//1793 4947//4819 1778//1746
f 83//83 1778//1746 4946//4818 1800//1768
f 84//84 1802//1770 5002//4874 1952//1920
f 84//84 1952//1920 4995//4867 1906//1874
f 84//84 1906//1874 4956//4828 1787//1755
f 84//84 1787//1755 4955//4827 1802//1770
f 85//85 1804//1772 5004//4876 1951//1919
f 85//85 1951//1919 4997//4869 1908//1876
f 85//85 1908//1876 4934//4806 1765//1733
f 85//85 1765//1733 4933//4805 1804//1772
f 86//86 1806//1774 5006//4878 1950//1918
f 86//86 1950//1918 4999//4871 1910//1878
f 86//86 1910//1878 4945//4817 1776//1744
f 86//86 1776//1744 4944//4816 1806//1774
f 87//87 1808//1776 5008//4880 1949//1917
f 87//87 1949//1917 5001//4873 1912//1880
f 87//87 1912//1880 4954//4826 1785//1753
f 87//87 1785//1753 4953//4825 1808//1776
f 88//88 1937//1905 5026//4898 1948//1916
f 88//88 1948//1916 5003//4875 1914//1882
f 88//88 1914//1882 4932//4804 1763//1731
f 88//88 1763//1731 4931//4803 1937//1905
f 89//89 1810//1778 5010//4882 1947//1915
f 89//89 1947//1915 5005//4877 1916//1884
f 89//89 1916//1884 4943//4815 1774//1742
f 89//89 1774//1742 4942//4814 1810//1778
f 90//90 1812//1780 5012//4884 1946//1914
f 90//90 1946//1914 5026//4898 1937//1905
f 90//90 1937//1905 4931//4803 1794//1762
f 90//90 1794//1762 4962//4834 1812//1780
f 91//91 1814//1782 5014//4886 1945//1913
f 91//91 1945//1913 5007//4879 1918//1886
f 91//91 1918//1886 4952//4824 1783//1751
f 91//91 1783//1751 4951//4823 1814//1782
f 92//92 1816//1784 5016//4888 1944//1912
f 92//92 1944//1912 5009//4881 1920//1888
f 92//92 1920//1888 4941//4813 1772//1740
f 92//92 1772//1740 4940//4812 1816//1784
f 93//93 1818//1786 5018//4890 1943//1911
f 93//93 1943//1911 5011//4883 1922//1890
f 93//93 1922//1890 4961//4833 1792//1760
f 93//93 1792//1760 4960//4832 1818//1786
f 94//94 1820//1788 5020//4892 1942//1910
f 94//94 1942//1910 5013//4885 1924//1892
f 94//94 1924//1892 4950//4822 1781//1749
f 94//94 1781//1749 4949//4821 1820//1788
f 95//95 1822//1790 5022//4894 1941//1909
f 95//95 1941//1909 5015//4887 1926//1894
f 95//95 1926//1894 4939//4811 1770//1738
f 95//95 1770//1738 4938//4810 1822//1790
f 96//96 1823//1791 5023//4895 1940//1908
f 96//96 1940//1908 5017//4889 1928//1896
f 96//96 1928//1896 4959//4831 1790//1758
f 96//96 1790//1758 4958//4830 1823//1791
f 97//97 1825//1793 5025//4897 1939//1907
f 97//97 1939//1907 5019//4891 1930//1898
f 97//97 1930//1898 4948//4820 1779//1747
f 97//97 1779//1747 4947//4819 1825//1793
f 98//98 1824//1792 5024//4896 1938//1906
f 98//98 1938//1906 5021//4893 1932//1900
f 98//98 1932//1900 4937//4809 1768//1736
f 98//98 1768//1736 4936//4808 1824//1792
f 99//99 4736//4608 6161//6001 4197//4133
f 99//99 4197//4133 6175//6015 4738//4610
f 99//99 4738//4610 6334//6142 4502//4374
f 99//99 4502//4374 6331//6139 4736//4608
f 100//100 4711//4583 6294//6102 4446//4318
f 100//100 4446//4318 6297//6105 4713//4585
f 100//100 4713//4585 6394//6202 4602//4474
f 100//100 4602//4474 6391//6199 4711//4583
f 101//101 4689//4561 6261//6069 4391//4263
f 101//101 4391//4263 6264//6072 4691//4563
f 101//101 4691//4563 6361//6169 4547//4419
f 101//101 4547//4419 6358//6166 4689//4561
f 102//102 4729//4601 6321//6129 4491//4363
f 102//102 4491//4363 6324//6132 4731//4603
f 102//102 4731//4603 6421//6229 4647//4519
f 102//102 4647//4519 6418//6226 4729//4601
f 103//103 4685//4557 6255//6063 4381//4253
f 103//103 4381//4253 6258//6066 4687//4559
f 103//103 4687//4559 6355//6163 4537//4409
f 103//103 4537//4409 6352//6160 4685//4557
f 104//104 4707//4579 6288//6096 4436//4308
f 104//104 4436//4308 6291//6099 4709//4581
f 104//104 4709//4581 6388//6196 4592//4464
f 104//104 4592//4464 6385//6193 4707//4579
f 105//105 4725//4597 6315//6123 4481//4353
f 105//105 4481//4353 6318//6126 4727//4599
f 105//105 4727//4599 6415//6223 4637//4509
f 105//105 4637//4509 6412//6220 4725//4597
f 106//106 4681//4553 6249//6057 4371//4243
f 106//106 4371//4243 6252//6060 4683//4555
f 106//106 4683//4555 6349//6157 4527//4399
f 106//106 4527//4399 6346//6154 4681//4553
f 107//107 4703//4575 6282//6090 4426//4298
f 107//107 4426//4298 6285//6093 4705//4577
f 107//107 4705//4577 6382//6190 4582//4454
f 107//107 4582//4454 6379//6187 4703//4575
f 108//108 4721//4593 6309//6117 4471//4343
f 108//108 4471//4343 6312//6120 4723//4595
f 108//108 4723//4595 6409//6217 4627//4499
f 108//108 4627//4499 6406//6214 4721//4593
f 109//109 4699//4571 6276//6084 4416//4288
f 109//109 4416//4288 6279//6087 4701//4573
f 109//109 4701//4573 6376//6184 4572//4444
f 109//109 4572//4444 6373//6181 4699//4571
f 110//110 4739//4611 6340//6148 4521//4393
f 110//110 4521//4393 6342//6150 4740//4612
f 110//110 4740//4612 6020//5860 3954//3890
f 110//110 3954//3890 6019//5859 4739//4611
f 111//111 4717//4589 6303//6111 4461//4333
f 111//111 4461//4333 6306//6114 4719//4591
f 111//111 4719//4591 6403//6211 4617//4489
f 111//111 4617//4489 6400//6208 4717//4589
f 112//112 4695//4567 6270//6078 4406//4278
f 112//112 4406//4278 6273//6081 4697//4569
f 112//112 4697//4569 6370//6178 4562//4434
f 112//112 4562//4434 6367//6175 4695//4567
f 113//113 4735//4607 6330//6138 4506//4378
f 113//113 4506//4378 6333//6141 4737//4609
f 113//113 4737//4609 6430//6238 4662//4534
f 113//113 4662//4534 6427//6235 4735//4607
f 114//114 4713//4585 6297//6105 4451//4323
f 114//114 4451//4323 6300//6108 4715//4587
f 114//114 4715//4587 6397//6205 4607//4479
f 114//114 4607//4479 6394//6202 4713//4585
f 115//115 4691//4563 6264//6072 4396//4268
f 115//115 4396//4268 6267//6075 4693//4565
f 115//115 4693//4565 6364//6172 4552//4424
f 115//115 4552//4424 6361//6169 4691//4563
f 116//116 4731//4603 6324//6132 4496//4368
f 116//116 4496//4368 6327//6135 4733//4605
f 116//116 4733//4605 6424//6232 4652//4524
f 116//116 4652//4524 6421//6229 4731//4603
f 117//117 4687//4559 6258//6066 4386//4258
f 117//117 4386//4258 6261//6069 4689//4561
f 117//117 4689//4561 6358//6166 4542//4414
f 117//117 4542//4414 6355//6163 4687//4559
f 118//118 4709//4581 6291//6099 4441//4313
f 118//118 4441//4313 6294//6102 4711//4583
f 118//118 4711//4583 6391//6199 4597//4469
f 118//118 4597//4469 6388//6196 4709//4581
f 119//119 4727//4599 6318//6126 4486//4358
f 119//119 4486//4358 6321//6129 4729//4601
f 119//119 4729//4601 6418//6226 4642//4514
f 119//119 4642//4514 6415//6223 4727//4599
f 120//120 4683//4555 6252//6060 4376//4248
f 120//120 4376//4248 6255//6063 4685//4557
f 120//120 4685//4557 6352//6160 4532//4404
f 120//120 4532//4404 6349//6157 4683//4555
f 121//121 4705//4577 6285//6093 4431//4303
f 121//121 4431//4303 6288//6096 4707//4579
f 121//121 4707//4579 6385//6193 4587//4459
f 121//121 4587//4459 6382//6190 4705//4577
f 122//122 4723//4595 6312//6120 4476//4348
f 122//122 4476//4348 6315//6123 4725//4597
f 122//122 4725//4597 6412//6220 4632//4504
f 122//122 4632//4504 6409//6217 4723//4595
f 123//123 4676//4548 6246//6054 4366//4238
f 123//123 4366//4238 6249//6057 4681//4553
f 123//123 4681//4553 6346//6154 4522//4394
f 123//123 4522//4394 6343//6151 4676//4548
f 124//124 4701//4573 6279//6087 4421//4293
f 124//124 4421//4293 6282//6090 4703//4575
f 124//124 4703//4575 6379//6187 4577//4449
f 124//124 4577//4449 6376//6184 4701//4573
f 125//125 4679//4551 6336//6144 4514//4386
f 125//125 4514//4386 6244//6052 4675//4547
f 125//125 4675//4547 6339//6147 4672//4544
f 125//125 4672//4544 6433//6241 4679//4551
f 126//126 4719//4591 6306//6114 4466//4338
f 126//126 4466//4338 6309//6117 4721//4593
f 126//126 4721//4593 6406//6214 4622//4494
f 126//126 4622//4494 6403//6211 4719//4591
f 127//127 4697//4569 6273//6081 4411//4283
f 127//127 4411//4283 6276//6084 4699//4571
f 127//127 4699//4571 6373//6181 4567//4439
f 127//127 4567//4439 6370//6178 4697//4569
f 128//128 4737//4609 6333//6141 4511//4383
f 128//128 4511//4383 6336//6144 4679//4551
f 128//128 4679//4551 6433//6241 4667//4539
f 128//128 4667//4539 6430//6238 4737//4609
f 129//129 4715//4587 6300//6108 4456//4328
f 129//129 4456//4328 6303//6111 4717//4589
f 129//129 4717//4589 6400//6208 4612//4484
f 129//129 4612//4484 6397//6205 4715//4587
f 130//130 4693//4565 6267//6075 4401//4273
f 130//130 4401//4273 6270//6078 4695//4567
f 130//130 4695//4567 6367//6175 4557//4429
f 130//130 4557//4429 6364//6172 4693//4565
f 131//131 4714//4586 6162//6002 4196//4132
f 131//131 4196//4132 6176//6016 4716//4588
f 131//131 4716//4588 6301//6109 4447//4319
f 131//131 4447//4319 6298//6106 4714//4586
f 132//132 4692//4564 6163//6003 4195//4131
f 132//132 4195//4131 6177//6017 4694//4566
f 132//132 4694//4566 6268//6076 4392//4264
f 132//132 4392//4264 6265//6073 4692//4564
f 133//133 4732//4604 6164//6004 4226//4162
f 133//133 4226//4162 6147//5987 4734//4606
f 133//133 4734//4606 6328//6136 4492//4364
f 133//133 4492//4364 6325//6133 4732//4604
f 134//134 4710//4582 6165//6005 4225//4161
f 134//134 4225//4161 6148//5988 4712//4584
f 134//134 4712//4584 6295//6103 4437//4309
f 134//134 4437//4309 6292//6100 4710//4582
f 135//135 4688//4560 6166//6006 4224//4160
f 135//135 4224//4160 6149//5989 4690//4562
f 135//135 4690//4562 6262//6070 4382//4254
f 135//135 4382//4254 6259//6067 4688//4560
f 136//136 4728//4600 6167//6007 4223//4159
f 136//136 4223//4159 6150//5990 4730//4602
f 136//136 4730//4602 6322//6130 4482//4354
f 136//136 4482//4354 6319//6127 4728//4600
f 137//137 4684//4556 6168//6008 4222//4158
f 137//137 4222//4158 6151//5991 4686//4558
f 137//137 4686//4558 6256//6064 4372//4244
f 137//137 4372//4244 6253//6061 4684//4556
f 138//138 4706//4578 6169//6009 4221//4157
f 138//138 4221//4157 6152//5992 4708//4580
f 138//138 4708//4580 6289//6097 4427//4299
f 138//138 4427//4299 6286//6094 4706//4578
f 139//139 4724//4596 6170//6010 4220//4156
f 139//139 4220//4156 6153//5993 4726//4598
f 139//139 4726//4598 6316//6124 4472//4344
f 139//139 4472//4344 6313//6121 4724//4596
f 140//140 4680//4552 6171//6011 4219//4155
f 140//140 4219//4155 6154//5994 4682//4554
f 140//140 4682//4554 6250//6058 4362//4234
f 140//140 4362//4234 6247//6055 4680//4552
f 141//141 4702//4574 6172//6012 4218//4154
f 141//141 4218//4154 6155//5995 4704//4576
f 141//141 4704//4576 6283//6091 4417//4289
f 141//141 4417//4289 6280//6088 4702//4574
f 142//142 4720//4592 6173//6013 4217//4153
f 142//142 4217//4153 6156//5996 4722//4594
f 142//142 4722//4594 6310//6118 4462//4334
f 142//142 4462//4334 6307//6115 4720//4592
f 143//143 4698//4570 6174//6014 4216//4152
f 143//143 4216//4152 6157//5997 4700//4572
f 143//143 4700//4572 6277//6085 4407//4279
f 143//143 4407//4279 6274//6082 4698//4570
f 144//144 4738//4610 6175//6015 4215//4151
f 144//144 4215//4151 6158//5998 4677//4549
f 144//144 4677//4549 6337//6145 4507//4379
f 144//144 4507//4379 6334//6142 4738//4610
f 145//145 4716//4588 6176//6016 4214//4150
f 145//145 4214//4150 6159//5999 4718//4590
f 145//145 4718//4590 6304//6112 4452//4324
f 145//145 4452//4324 6301//6109 4716//4588
f 146//146 4694//4566 6177//6017 4213//4149
f 146//146 4213//4149 6160//6000 4696//4568
f 146//146 4696//4568 6271//6079 4397//4269
f 146//146 4397//4269 6268//6076 4694//4566
f 147//147 4734//4606 6147//5987 4212//4148
f 147//147 4212//4148 6161//6001 4736//4608
f 147//147 4736//4608 6331//6139 4497//4369
f 147//147 4497//4369 6328//6136 4734//4606
f 148//148 4712//4584 6148//5988 4211//4147
f 148//148 4211//4147 6162//6002 4714//4586
f 148//148 4714//4586 6298//6106 4442//4314
f 148//148 4442//4314 6295//6103 4712//4584
f 149//149 4690//4562 6149//5989 4210//4146
f 149//149 4210//4146 6163//6003 4692//4564
f 149//149 4692//4564 6265//6073 4387//4259
f 149//149 4387//4259 6262//6070 4690//4562
f 150//150 4730//4602 6150//5990 4209//4145
f 150//150 4209//4145 6164//6004 4732//4604
f 150//150 4732//4604 6325//6133 4487//4359
f 150//150 4487//4359 6322//6130 4730//4602
f 151//151 4686//4558 6151//5991 4208//4144
f 151//151 4208//4144 6166//6006 4688//4560
f 151//151 4688//4560 6259//6067 4377//4249
f 151//151 4377//4249 6256//6064 4686//4558
f 152//152 4708//4580 6152//5992 4207//4143
f 152//152 4207//4143 6165//6005 4710//4582
f 152//152 4710//4582 6292//6100 4432//4304
f 152//152 4432//4304 6289//6097 4708//4580
f 153//153 4726//4598 6153//5993 4206//4142
f 153//153 4206//4142 6167//6007 4728//4600
f 153//153 4728//4600 6319//6127 4477//4349
f 153//153 4477//4349 6316//6124 4726//4598
f 154//154 4682//4554 6154//5994 4205//4141
f 154//154 4205//4141 6168//6008 4684//4556
f 154//154 4684//4556 6253//6061 4367//4239
f 154//154 4367//4239 6250//6058 4682//4554
f 155//155 4704//4576 6155//5995 4204//4140
f 155//155 4204//4140 6169//6009 4706//4578
f 155//155 4706//4578 6286//6094 4422//4294
f 155//155 4422//4294 6283//6091 4704//4576
f 156//156 4722//4594 6156//5996 4203//4139
f 156//156 4203//4139 6170//6010 4724//4596
f 156//156 4724//4596 6313//6121 4467//4339
f 156//156 4467//4339 6310//6118 4722//4594
f 157//157 4677//4549 6158//5998 4200//4136
f 157//157 4200//4136 6178//6018 4678//4550
f 157//157 4678//4550 6243//6051 4512//4384
f 157//157 4512//4384 6337//6145 4677//4549
f 158//158 4700//4572 6157//5997 4201//4137
f 158//158 4201//4137 6172//6012 4702//4574
f 158//158 4702//4574 6280//6088 4412//4284
f 158//158 4412//4284 6277//6085 4700//4572
f 159//159 4678//4550 6178//6018 4202//4138
f 159//159 4202//4138 6171//6011 4680//4552
f 159//159 4680//4552 6247//6055 4356//4228
f 159//159 4356//4228 6243//6051 4678//4550
f 160//160 4718//4590 6159//5999 4199//4135
f 160//160 4199//4135 6173//6013 4720//4592
f 160//160 4720//4592 6307//6115 4457//4329
f 160//160 4457//4329 6304//6112 4718//4590
f 161//161 4696//4568 6160//6000 4198//4134
f 161//161 4198//4134 6174//6014 4698//4570
f 161//161 4698//4570 6274//6082 4402//4274
f 161//161 4402//4274 6271//6079 4696//4568
f 162//162 1872//1840 6146//5986 4177//4113
f 162//162 4177//4113 6128//5968 4127//4063
f 162//162 4127//4063 4989//4861 1874//1842
f 162//162 1874//1842 4993//4865 1872//1840
f 163//163 1871//1839 6145//5985 4176//4112
f 163//163 4176//4112 6127//5967 4126//4062
f 163//163 4126//4062 4987//4859 1875//1843
f 163//163 1875//1843 4992//4864 1871//1839
f 164//164 1870//1838 6144//5984 4175//4111
f 164//164 4175//4111 6126//5966 4125//4061
f 164//164 4125//4061 4985//4857 1876//1844
f 164//164 1876//1844 4991//4863 1870//1838
f 165//165 1869//1837 6143//5983 4174//4110
f 165//165 4174//4110 6125//5965 4124//4060
f 165//165 4124//4060 4983//4855 1877//1845
f 165//165 1877//1845 4990//4862 1869//1837
f 166//166 1867//1835 6142//5982 4173//4109
f 166//166 4173//4109 6124//5964 4123//4059
f 166//166 4123//4059 4981//4853 1878//1846
f 166//166 1878//1846 4988//4860 1867//1835
f 167//167 1865//1833 6141//5981 4172//4108
f 167//167 4172//4108 6129//5969 4128//4064
f 167//167 4128//4064 4994//4866 1879//1847
f 167//167 1879//1847 4986//4858 1865//1833
f 168//168 1863//1831 6140//5980 4171//4107
f 168//168 4171//4107 6123//5963 4122//4058
f 168//168 4122//4058 4979//4851 1880//1848
f 168//168 1880//1848 4984//4856 1863//1831
f 169//169 4128//4064 6129//5969 4170//4106
f 169//169 4170//4106 6122//5962 4121//4057
f 169//169 4121//4057 4977//4849 1881//1849
f 169//169 1881//1849 4994//4866 4128//4064
f 170//170 1861//1829 6139//5979 4169//4105
f 170//170 4169//4105 6121//5961 4120//4056
f 170//170 4120//4056 4975//4847 1882//1850
f 170//170 1882//1850 4982//4854 1861//1829
f 171//171 1859//1827 6138//5978 4168//4104
f 171//171 4168//4104 6120//5960 4119//4055
f 171//171 4119//4055 4973//4845 1883//1851
f 171//171 1883//1851 4980//4852 1859//1827
f 172//172 1857//1825 6137//5977 4167//4103
f 172//172 4167//4103 6119//5959 4118//4054
f 172//172 4118//4054 4971//4843 1884//1852
f 172//172 1884//1852 4978//4850 1857//1825
f 173//173 1855//1823 6136//5976 4166//4102
f 173//173 4166//4102 6118//5958 4117//4053
f 173//173 4117//4053 4969//4841 1885//1853
f 173//173 1885//1853 4976//4848 1855//1823
f 174//174 1853//1821 6135//5975 4165//4101
f 174//174 4165//4101 6116//5956 4115//4051
f 174//174 4115//4051 4965//4837 1886//1854
f 174//174 1886//1854 4974//4846 1853//1821
f 175//175 1851//1819 6134//5974 4164//4100
f 175//175 4164//4100 6117//5957 4116//4052
f 175//175 4116//4052 4967//4839 1887//1855
f 175//175 1887//1855 4972//4844 1851//1819
f 176//176 1849//1817 6133//5973 4163//4099
f 176//176 4163//4099 6115//5955 4114//4050
f 176//176 4114//4050 4963//4835 1888//1856
f 176//176 1888//1856 4970//4842 1849//1817
f 177//177 1847//1815 6132//5972 4162//4098
f 177//177 4162//4098 6146//5986 1872//1840
f 177//177 1872//1840 4993//4865 1889//1857
f 177//177 1889//1857 4968//4840 1847//1815
f 178//178 1845//1813 6131//5971 4161//4097
f 178//178 4161//4097 6145//5985 1871//1839
f 178//178 1871//1839 4992//4864 1890//1858
f 178//178 1890//1858 4966//4838 1845//1813
f 179//179 1843//1811 6130//5970 4160//4096
f 179//179 4160//4096 6144//5984 1870//1838
f 179//179 1870//1838 4991//4863 1891//1859
f 179//179 1891//1859 4964//4836 1843//1811
f 180//180 4127//4063 6128//5968 4159//4095
f 180//180 4159//4095 6143//5983 1869//1837
f 180//180 1869//1837 4990//4862 1892//1860
f 180//180 1892//1860 4989//4861 4127//4063
f 181//181 4126//4062 6127//5967 4158//4094
f 181//181 4158//4094 6142//5982 1867//1835
f 181//181 1867//1835 4988//4860 1893//1861
f 181//181 1893//1861 4987//4859 4126//4062
f 182//182 4125//4061 6126//5966 4157//4093
f 182//182 4157//4093 6141//5981 1865//1833
f 182//182 1865//1833 4986//4858 1894//1862
f 182//182 1894//1862 4985//4857 4125//4061
f 183//183 4124//4060 6125//5965 4156//4092
f 183//183 4156//4092 6140//5980 1863//1831
f 183//183 1863//1831 4984//4856 1895//1863
f 183//183 1895//1863 4983//4855 4124//4060
f 184//184 4123//4059 6124//5964 4155//4091
f 184//184 4155//4091 6139//5979 1861//1829
f 184//184 1861//1829 4982//4854 1896//1864
f 184//184 1896//1864 4981//4853 4123//4059
f 185//185 4122//4058 6123//5963 4154//4090
f 185//185 4154//4090 6138//5978 1859//1827
f 185//185 1859//1827 4980//4852 1897//1865
f 185//185 1897//1865 4979//4851 4122//4058
f 186//186 4121//4057 6122//5962 4153//4089
f 186//186 4153//4089 6137//5977 1857//1825
f 186//186 1857//1825 4978//4850 1898//1866
f 186//186 1898//1866 4977//4849 4121//4057
f 187//187 4120//4056 6121//5961 4152//4088
f 187//187 4152//4088 6136//5976 1855//1823
f 187//187 1855//1823 4976//4848 1899//1867
f 187//187 1899//1867 4975//4847 4120//4056
f 188//188 4119//4055 6120//5960 4151//4087
f 188//188 4151//4087 6135//5975 1853//1821
f 188//188 1853//1821 4974//4846 1900//1868
f 188//188 1900//1868 4973//4845 4119//4055
f 189//189 4118//4054 6119//5959 4150//4086
f 189//189 4150//4086 6134//5974 1851//1819
f 189//189 1851//1819 4972//4844 1901//1869
f 189//189 1901//1869 4971//4843 4118//4054
f 190//190 4117//4053 6118//5958 4149//4085
f 190//190 4149//4085 6133//5973 1849//1817
f 190//190 1849//1817 4970//4842 1902//1870
f 190//190 1902//1870 4969//4841 4117//4053
f 191//191 4116//4052 6117//5957 4148//4084
f 191//191 4148//4084 6132//5972 1847//1815
f 191//191 1847//1815 4968//4840 1903//1871
f 191//191 1903//1871 4967//4839 4116//4052
f 192//192 4115//4051 6116//5956 4147//4083
f 192//192 4147//4083 6131//5971 1845//1813
f 192//192 1845//1813 4966//4838 1904//1872
f 192//192 1904//1872 4965//4837 4115//4051
f 193//193 4114//4050 6115//5955 4146//4082
f 193//193 4146//4082 6130//5970 1843//1811
f 193//193 1843//1811 4964//4836 1905//1873
f 193//193 1905//1873 4963//4835 4114//4050
f 194//194 1935//1903 4904//4776 1704//1672
f 194//194 1704//1672 4905//4777 1821//1789
f 194//194 1821//1789 5021//4893 1938//1906
f 194//194 1938//1906 5024//4896 1935//1903
f 195//195 1936//1904 4915//4787 1715//1683
f 195//195 1715//1683 4916//4788 1819//1787
f 195//195 1819//1787 5019//4891 1939//1907
f 195//195 1939//1907 5025//4897 1936//1904
f 196//196 1934//1902 4926//4798 1726//1694
f 196//196 1726//1694 4927//4799 1817//1785
f 196//196 1817//1785 5017//4889 1940//1908
f 196//196 1940//1908 5023//4895 1934//1902
f 197//197 1933//1901 4906//4778 1706//1674
f 197//197 1706//1674 4907//4779 1815//1783
f 197//197 1815//1783 5015//4887 1941//1909
f 197//197 1941//1909 5022//4894 1933//1901
f 198//198 1931//1899 4917//4789 1717//1685
f 198//198 1717//1685 4918//4790 1813//1781
f 198//198 1813//1781 5013//4885 1942//1910
f 198//198 1942//1910 5020//4892 1931//1899
f 199//199 1929//1897 4928//4800 1728//1696
f 199//199 1728//1696 4929//4801 1811//1779
f 199//199 1811//1779 5011//4883 1943//1911
f 199//199 1943//1911 5018//4890 1929//1897
f 200//200 1927//1895 4908//4780 1708//1676
f 200//200 1708//1676 4909//4781 1809//1777
f 200//200 1809//1777 5009//4881 1944//1912
f 200//200 1944//1912 5016//4888 1927//1895
f 201//201 1925//1893 4919//4791 1719//1687
f 201//201 1719//1687 4920//4792 1807//1775
f 201//201 1807//1775 5007//4879 1945//1913
f 201//201 1945//1913 5014//4886 1925//1893
f 202//202 1923//1891 4930//4802 1730//1698
f 202//202 1730//1698 4899//4771 1826//1794
f 202//202 1826//1794 5026//4898 1946//1914
f 202//202 1946//1914 5012//4884 1923//1891
f 203//203 1921//1889 4910//4782 1710//1678
f 203//203 1710//1678 4911//4783 1805//1773
f 203//203 1805//1773 5005//4877 1947//1915
f 203//203 1947//1915 5010//4882 1921//1889
f 204//204 1826//1794 4899//4771 1699//1667
f 204//204 1699//1667 4900//4772 1803//1771
f 204//204 1803//1771 5003//4875 1948//1916
f 204//204 1948//1916 5026//4898 1826//1794
f 205//205 1919//1887 4921//4793 1721//1689
f 205//205 1721//1689 4922//4794 1801//1769
f 205//205 1801//1769 5001//4873 1949//1917
f 205//205 1949//1917 5008//4880 1919//1887
f 206//206 1917//1885 4912//4784 1712//1680
f 206//206 1712//1680 4913//4785 1799//1767
f 206//206 1799//1767 4999//4871 1950//1918
f 206//206 1950//1918 5006//4878 1917//1885
f 207//207 1915//1883 4901//4773 1701//1669
f 207//207 1701//1669 4902//4774 1797//1765
f 207//207 1797//1765 4997//4869 1951//1919
f 207//207 1951//1919 5004//4876 1915//1883
f 208//208 1913//1881 4923//4795 1723//1691
f 208//208 1723//1691 4924//4796 1795//1763
f 208//208 1795//1763 4995//4867 1952//1920
f 208//208 1952//1920 5002//4874 1913//1881
f 209//209 1911//1879 4914//4786 1714//1682
f 209//209 1714//1682 4915//4787 1936//1904
f 209//209 1936//1904 5025//4897 1953//1921
f 209//209 1953//1921 5000//4872 1911//1879
f 210//210 1909//1877 4903//4775 1703//1671
f 210//210 1703//1671 4904//4776 1935//1903
f 210//210 1935//1903 5024//4896 1954//1922
f 210//210 1954//1922 4998//4870 1909//1877
f 211//211 1907//1875 4925//4797 1725//1693
f 211//211 1725//1693 4926//4798 1934//1902
f 211//211 1934//1902 5023//4895 1955//1923
f 211//211 1955//1923 4996//4868 1907//1875
f 212//212 1821//1789 4905//4777 1705//1673
f 212//212 1705//1673 4906//4778 1933//1901
f 212//212 1933//1901 5022//4894 1956//1924
f 212//212 1956//1924 5021//4893 1821//1789
f 213//213 1819//1787 4916//4788 1716//1684
f 213//213 1716//1684 4917//4789 1931//1899
f 213//213 1931//1899 5020//4892 1957//1925
f 213//213 1957//1925 5019//4891 1819//1787
f 214//214 1817//1785 4927//4799 1727//1695
f 214//214 1727//1695 4928//4800 1929//1897
f 214//214 1929//1897 5018//4890 1958//1926
f 214//214 1958//1926 5017//4889 1817//1785
f 215//215 1815//1783 4907//4779 1707//1675
f 215//215 1707//1675 4908//4780 1927//1895
f 215//215 1927//1895 5016//4888 1959//1927
f 215//215 1959//1927 5015//4887 1815//1783
f 216//216 1813//1781 4918//4790 1718//1686
f 216//216 1718//1686 4919//4791 1925//1893
f 216//216 1925//1893 5014//4886 1960//1928
f 216//216 1960//1928 5013//4885 1813//1781
f 217//217 1811//1779 4929//4801 1729//1697
f 217//217 1729//1697 4930//4802 1923//1891
f 217//217 1923//1891 5012//4884 1961//1929
f 217//217 1961//1929 5011//4883 1811//1779
f 218//218 1809//1777 4909//4781 1709//1677
f 218//218 1709//1677 4910//4782 1921//1889
f 218//218 1921//1889 5010//4882 1962//1930
f 218//218 1962//1930 5009//4881 1809//1777
f 219//219 1807//1775 4920//4792 1720//1688
f 219//219 1720//1688 4921//4793 1919//1887
f 219//219 1919//1887 5008//4880 1963//1931
f 219//219 1963//1931 5007//4879 1807//1775
f 220//220 1805//1773 4911//4783 1711//1679
f 220//220 1711//1679 4912//4784 1917//1885
f 220//220 1917//1885 5006//4878 1964//1932
f 220//220 1964//1932 5005//4877 1805//1773
f 221//221 1803//1771 4900//4772 1700//1668
f 221//221 1700//1668 4901//4773 1915//1883
f 221//221 1915//1883 5004//4876 1965//1933
f 221//221 1965//1933 5003//4875 1803//1771
f 222//222 1801//1769 4922//4794 1722//1690
f 222//222 1722//1690 4923//4795 1913//1881
f 222//222 1913//1881 5002//4874 1966//1934
f 222//222 1966//1934 5001//4873 1801//1769
f 223//223 1799//1767 4913//4785 1713//1681
f 223//223 1713//1681 4914//4786 1911//1879
f 223//223 1911//1879 5000//4872 1967//1935
f 223//223 1967//1935 4999//4871 1799//1767
f 224//224 1797//1765 4902//4774 1702//1670
f 224//224 1702//1670 4903//4775 1909//1877
f 224//224 1909//1877 4998//4870 1968//1936
f 224//224 1968//1936 4997//4869 1797//1765
f 225//225 1795//1763 4924//4796 1724//1692
f 225//225 1724//1692 4925//4797 1907//1875
f 225//225 1907//1875 4996//4868 1969//1937
f 225//225 1969//1937 4995//4867 1795//1763
f 226//226 2001//1969 4865//4737 1649//1617
f 226//226 1649//1617 4867//4739 1751//1719
f 226//226 1751//1719 5047//4919 2002//1970
f 226//226 2002//1970 5058//4930 2001//1969
f 227//227 2000//1968 4843//4715 1616//1584
f 227//227 1616//1584 4845//4717 1753//1721
f 227//227 1753//1721 5049//4921 2003//1971
f 227//227 2003//1971 5057//4929 2000//1968
f 228//228 1999//1967 4887//4759 1682//1650
f 228//228 1682//1650 4889//4761 1749//1717
f 228//228 1749//1717 5045//4917 2004//1972
f 228//228 2004//1972 5056//4928 1999//1967
f 229//229 1998//1966 4859//4731 1640//1608
f 229//229 1640//1608 4861//4733 1747//1715
f 229//229 1747//1715 5043//4915 2005//1973
f 229//229 2005//1973 5055//4927 1998//1966
f 230//230 1975//1943 4837//4709 1607//1575
f 230//230 1607//1575 4839//4711 1745//1713
f 230//230 1745//1713 5041//4913 2006//1974
f 230//230 2006//1974 5032//4904 1975//1943
f 231//231 1997//1965 4881//4753 1673//1641
f 231//231 1673//1641 4883//4755 1743//1711
f 231//231 1743//1711 5039//4911 2007//1975
f 231//231 2007//1975 5054//4926 1997//1965
f 232//232 1996//1964 4853//4725 1631//1599
f 232//232 1631//1599 4855//4727 1741//1709
f 232//232 1741//1709 5037//4909 2008//1976
f 232//232 2008//1976 5053//4925 1996//1964
f 233//233 1995//1963 4875//4747 1664//1632
f 233//233 1664//1632 4877//4749 1739//1707
f 233//233 1739//1707 5035//4907 2009//1977
f 233//233 2009//1977 5052//4924 1995//1963
f 234//234 1994//1962 4897//4769 1697//1665
f 234//234 1697//1665 4835//4707 1735//1703
f 234//234 1735//1703 5031//4903 2010//1978
f 234//234 2010//1978 5051//4923 1994//1962
f 235//235 1993//1961 4847//4719 1622//1590
f 235//235 1622//1590 4849//4721 1737//1705
f 235//235 1737//1705 5033//4905 2011//1979
f 235//235 2011//1979 5050//4922 1993//1961
f 236//236 1991//1959 4869//4741 1655//1623
f 236//236 1655//1623 4871//4743 1733//1701
f 236//236 1733//1701 5029//4901 2012//1980
f 236//236 2012//1980 5048//4920 1991//1959
f 237//237 1989//1957 4891//4763 1688//1656
f 237//237 1688//1656 4893//4765 1731//1699
f 237//237 1731//1699 5027//4899 2013//1981
f 237//237 2013//1981 5046//4918 1989//1957
f 238//238 1987//1955 4863//4735 1646//1614
f 238//238 1646//1614 4865//4737 2001//1969
f 238//238 2001//1969 5058//4930 2014//1982
f 238//238 2014//1982 5044//4916 1987//1955
f 239//239 1985//1953 4841//4713 1613//1581
f 239//239 1613//1581 4843//4715 2000//1968
f 239//239 2000//1968 5057//4929 2015//1983
f 239//239 2015//1983 5042//4914 1985//1953
f 240//240 1983//1951 4885//4757 1679//1647
f 240//240 1679//1647 4887//4759 1999//1967
f 240//240 1999//1967 5056//4928 2016//1984
f 240//240 2016//1984 5040//4912 1983//1951
f 241//241 1981//1949 4857//4729 1637//1605
f 241//241 1637//1605 4859//4731 1998//1966
f 241//241 1998//1966 5055//4927 2017//1985
f 241//241 2017//1985 5038//4910 1981//1949
f 242//242 1979//1947 4879//4751 1670//1638
f 242//242 1670//1638 4881//4753 1997//1965
f 242//242 1997//1965 5054//4926 2018//1986
f 242//242 2018//1986 5036//4908 1979//1947
f 243//243 1977//1945 4851//4723 1628//1596
f 243//243 1628//1596 4853//4725 1996//1964
f 243//243 1996//1964 5053//4925 2019//1987
f 243//243 2019//1987 5034//4906 1977//1945
f 244//244 1973//1941 4873//4745 1661//1629
f 244//244 1661//1629 4875//4747 1995//1963
f 244//244 1995//1963 5052//4924 2020//1988
f 244//244 2020//1988 5030//4902 1973//1941
f 245//245 1971//1939 4895//4767 1694//1662
f 245//245 1694//1662 4897//4769 1994//1962
f 245//245 1994//1962 5051//4923 2021//1989
f 245//245 2021//1989 5028//4900 1971//1939
f 246//246 1753//1721 4845//4717 1619//1587
f 246//246 1619//1587 4847//4719 1993//1961
f 246//246 1993//1961 5050//4922 2022//1990
f 246//246 2022//1990 5049//4921 1753//1721
f 247//247 1751//1719 4867//4739 1652//1620
f 247//247 1652//1620 4869//4741 1991//1959
f 247//247 1991//1959 5048//4920 2023//1991
f 247//247 2023//1991 5047//4919 1751//1719
f 248//248 1749//1717 4889//4761 1685//1653
f 248//248 1685//1653 4891//4763 1989//1957
f 248//248 1989//1957 5046//4918 2024//1992
f 248//248 2024//1992 5045//4917 1749//1717
f 249//249 1747//1715 4861//4733 1643//1611
f 249//249 1643//1611 4863//4735 1987//1955
f 249//249 1987//1955 5044//4916 2025//1993
f 249//249 2025//1993 5043//4915 1747//1715
f 250//250 1745//1713 4839//4711 1610//1578
f 250//250 1610//1578 4841//4713 1985//1953
f 250//250 1985//1953 5042//4914 2026//1994
f 250//250 2026//1994 5041//4913 1745//1713
f 251//251 1743//1711 4883//4755 1676//1644
f 251//251 1676//1644 4885//4757 1983//1951
f 251//251 1983//1951 5040//4912 2027//1995
f 251//251 2027//1995 5039//4911 1743//1711
f 252//252 1741//1709 4855//4727 1634//1602
f 252//252 1634//1602 4857//4729 1981//1949
f 252//252 1981//1949 5038//4910 2028//1996
f 252//252 2028//1996 5037//4909 1741//1709
f 253//253 1739//1707 4877//4749 1667//1635
f 253//253 1667//1635 4879//4751 1979//1947
f 253//253 1979//1947 5036//4908 2029//1997
f 253//253 2029//1997 5035//4907 1739//1707
f 254//254 1737//1705 4849//4721 1625//1593
f 254//254 1625//1593 4851//4723 1977//1945
f 254//254 1977//1945 5034//4906 2030//1998
f 254//254 2030//1998 5033//4905 1737//1705
f 255//255 1735//1703 4835//4707 1603//1571
f 255//255 1603//1571 4837//4709 1975//1943
f 255//255 1975//1943 5032//4904 2031//1999
f 255//255 2031//1999 5031//4903 1735//1703
f 256//256 1733//1701 4871//4743 1658//1626
f 256//256 1658//1626 4873//4745 1973//1941
f 256//256 1973//1941 5030//4902 2032//2000
f 256//256 2032//2000 5029//4901 1733//1701
f 257//257 1731//1699 4893//4765 1691//1659
f 257//257 1691//1659 4895//4767 1971//1939
f 257//257 1971//1939 5028//4900 2033//2001
f 257//257 2033//2001 5027//4899 1731//1699
f 258//258 2130//2098 5088//4960 2062//2030
f 258//258 2062//2030 5087//4959 2131//2099
f 258//258 2131//2099 5119//4991 2126//2094
f 258//258 2126//2094 5120//4992 2130//2098
f 259//259 2068//2036 4844//4716 1614//1582
f 259//259 1614//1582 4842//4714 2069//2037
f 259//259 2069//2037 5062//4934 2037//2005
f 259//259 2037//2005 5063//4935 2068//2036
f 260//260 2070//2038 4866//4738 1647//1615
f 260//260 1647//1615 4864//4736 2071//2039
f 260//260 2071//2039 5073//4945 2048//2016
f 260//260 2048//2016 5074//4946 2070//2038
f 261//261 2072//2040 4894//4766 1689//1657
f 261//261 1689//1657 4892//4764 2073//2041
f 261//261 2073//2041 5087//4959 2062//2030
f 261//261 2062//2030 5088//4960 2072//2040
f 262//262 2074//2042 4872//4744 1656//1624
f 262//262 1656//1624 4870//4742 2075//2043
f 262//262 2075//2043 5076//4948 2051//2019
f 262//262 2051//2019 5077//4949 2074//2042
f 263//263 2076//2044 4850//4722 1623//1591
f 263//263 1623//1591 4848//4720 2077//2045
f 263//263 2077//2045 5065//4937 2040//2008
f 263//263 2040//2008 5066//4938 2076//2044
f 264//264 2078//2046 4836//4708 1698//1666
f 264//264 1698//1666 4898//4770 2079//2047
f 264//264 2079//2047 5090//4962 2065//2033
f 264//264 2065//2033 5059//4931 2078//2046
f 265//265 2080//2048 4878//4750 1665//1633
f 265//265 1665//1633 4876//4748 2081//2049
f 265//265 2081//2049 5079//4951 2054//2022
f 265//265 2054//2022 5080//4952 2080//2048
f 266//266 2082//2050 4856//4728 1632//1600
f 266//266 1632//1600 4854//4726 2083//2051
f 266//266 2083//2051 5068//4940 2043//2011
f 266//266 2043//2011 5069//4941 2082//2050
f 267//267 2084//2052 4884//4756 1674//1642
f 267//267 1674//1642 4882//4754 2085//2053
f 267//267 2085//2053 5082//4954 2057//2025
f 267//267 2057//2025 5083//4955 2084//2052
f 268//268 2086//2054 4840//4712 1608//1576
f 268//268 1608//1576 4838//4710 2087//2055
f 268//268 2087//2055 5060//4932 2035//2003
f 268//268 2035//2003 5061//4933 2086//2054
f 269//269 2088//2056 4862//4734 1641//1609
f 269//269 1641//1609 4860//4732 2089//2057
f 269//269 2089//2057 5071//4943 2046//2014
f 269//269 2046//2014 5072//4944 2088//2056
f 270//270 2090//2058 4890//4762 1683//1651
f 270//270 1683//1651 4888//4760 2066//2034
f 270//270 2066//2034 5085//4957 2060//2028
f 270//270 2060//2028 5086//4958 2090//2058
f 271//271 2091//2059 4846//4718 1617//1585
f 271//271 1617//1585 4844//4716 2068//2036
f 271//271 2068//2036 5063//4935 2038//2006
f 271//271 2038//2006 5064//4936 2091//2059
f 272//272 2092//2060 4868//4740 1650//1618
f 272//272 1650//1618 4866//4738 2070//2038
f 272//272 2070//2038 5074//4946 2049//2017
f 272//272 2049//2017 5075//4947 2092//2060
f 273//273 2093//2061 4896//4768 1692//1660
f 273//273 1692//1660 4894//4766 2072//2040
f 273//273 2072//2040 5088//4960 2063//2031
f 273//273 2063//2031 5089//4961 2093//2061
f 274//274 2094//2062 4874//4746 1659//1627
f 274//274 1659//1627 4872//4744 2074//2042
f 274//274 2074//2042 5077//4949 2052//2020
f 274//274 2052//2020 5078//4950 2094//2062
f 275//275 2087//2055 4838//4710 1604//1572
f 275//275 1604//1572 4836//4708 2078//2046
f 275//275 2078//2046 5059//4931 2034//2002
f 275//275 2034//2002 5060//4932 2087//2055
f 276//276 2095//2063 4852//4724 1626//1594
f 276//276 1626//1594 4850//4722 2076//2044
f 276//276 2076//2044 5066//4938 2041//2009
f 276//276 2041//2009 5067//4939 2095//2063
f 277//277 2096//2064 4880//4752 1668//1636
f 277//277 1668//1636 4878//4750 2080//2048
f 277//277 2080//2048 5080//4952 2055//2023
f 277//277 2055//2023 5081//4953 2096//2064
f 278//278 2097//2065 4858//4730 1635//1603
f 278//278 1635//1603 4856//4728 2082//2050
f 278//278 2082//2050 5069//4941 2044//2012
f 278//278 2044//2012 5070//4942 2097//2065
f 279//279 2067//2035 4886//4758 1677//1645
f 279//279 1677//1645 4884//4756 2084//2052
f 279//279 2084//2052 5083//4955 2058//2026
f 279//279 2058//2026 5084//4956 2067//2035
f 280//280 2069//2037 4842//4714 1611//1579
f 280//280 1611//1579 4840//4712 2086//2054
f 280//280 2086//2054 5061//4933 2036//2004
f 280//280 2036//2004 5062//4934 2069//2037
f 281//281 2071//2039 4864//4736 1644//1612
f 281//281 1644//1612 4862//4734 2088//2056
f 281//281 2088//2056 5072//4944 2047//2015
f 281//281 2047//2015 5073//4945 2071//2039
f 282//282 2073//2041 4892//4764 1686//1654
f 282//282 1686//1654 4890//4762 2090//2058
f 282//282 2090//2058 5086//4958 2061//2029
f 282//282 2061//2029 5087//4959 2073//2041
f 283//283 2075//2043 4870//4742 1653//1621
f 283//283 1653//1621 4868//4740 2092//2060
f 283//283 2092//2060 5075//4947 2050//2018
f 283//283 2050//2018 5076//4948 2075//2043
f 284//284 2077//2045 4848//4720 1620//1588
f 284//284 1620//1588 4846//4718 2091//2059
f 284//284 2091//2059 5064//4936 2039//2007
f 284//284 2039//2007 5065//4937 2077//2045
f 285//285 2079//2047 4898//4770 1695//1663
f 285//285 1695//1663 4896//4768 2093//2061
f 285//285 2093//2061 5089//4961 2064//2032
f 285//285 2064//2032 5090//4962 2079//2047
f 286//286 2081//2049 4876//4748 1662//1630
f 286//286 1662//1630 4874//4746 2094//2062
f 286//286 2094//2062 5078//4950 2053//2021
f 286//286 2053//2021 5079//4951 2081//2049
f 287//287 2083//2051 4854//4726 1629//1597
f 287//287 1629//1597 4852//4724 2095//2063
f 287//287 2095//2063 5067//4939 2042//2010
f 287//287 2042//2010 5068//4940 2083//2051
f 288//288 2085//2053 4882//4754 1671//1639
f 288//288 1671//1639 4880//4752 2096//2064
f 288//288 2096//2064 5081//4953 2056//2024
f 288//288 2056//2024 5082//4954 2085//2053
f 289//289 2089//2057 4860//4732 1638//1606
f 289//289 1638//1606 4858//4730 2097//2065
f 289//289 2097//2065 5070//4942 2045//2013
f 289//289 2045//2013 5071//4943 2089//2057
f 290//290 2194//2162 5122//4994 2128//2096
f 290//290 2128//2096 5121//4993 2195//2163
f 290//290 2195//2163 5153//5025 2192//2160
f 290//290 2192//2160 5154//5026 2194//2162
f 291//291 2132//2100 5077//4949 2051//2019
f 291//291 2051//2019 5076//4948 2133//2101
f 291//291 2133//2101 5108//4980 2115//2083
f 291//291 2115//2083 5109//4981 2132//2100
f 292//292 2134//2102 5066//4938 2040//2008
f 292//292 2040//2008 5065//4937 2135//2103
f 292//292 2135//2103 5097//4969 2104//2072
f 292//292 2104//2072 5098//4970 2134//2102
f 293//293 2136//2104 5086//4958 2060//2028
f 293//293 2060//2028 5085//4957 2137//2105
f 293//293 2137//2105 5117//4989 2124//2092
f 293//293 2124//2092 5118//4990 2136//2104
f 294//294 2138//2106 5064//4936 2038//2006
f 294//294 2038//2006 5063//4935 2139//2107
f 294//294 2139//2107 5095//4967 2102//2070
f 294//294 2102//2070 5096//4968 2138//2106
f 295//295 2140//2108 5075//4947 2049//2017
f 295//295 2049//2017 5074//4946 2141//2109
f 295//295 2141//2109 5106//4978 2113//2081
f 295//295 2113//2081 5107//4979 2140//2108
f 296//296 2142//2110 5084//4956 2058//2026
f 296//296 2058//2026 5083//4955 2143//2111
f 296//296 2143//2111 5115//4987 2122//2090
f 296//296 2122//2090 5116//4988 2142//2110
f 297//297 2144//2112 5062//4934 2036//2004
f 297//297 2036//2004 5061//4933 2145//2113
f 297//297 2145//2113 5093//4965 2100//2068
f 297//297 2100//2068 5094//4966 2144//2112
f 298//298 2146//2114 5073//4945 2047//2015
f 298//298 2047//2015 5072//4944 2147//2115
f 298//298 2147//2115 5104//4976 2111//2079
f 298//298 2111//2079 5105//4977 2146//2114
f 299//299 2148//2116 5082//4954 2056//2024
f 299//299 2056//2024 5081//4953 2149//2117
f 299//299 2149//2117 5113//4985 2120//2088
f 299//299 2120//2088 5114//4986 2148//2116
f 300//300 2150//2118 5060//4932 2034//2002
f 300//300 2034//2002 5059//4931 2151//2119
f 300//300 2151//2119 5091//4963 2098//2066
f 300//300 2098//2066 5092//4964 2150//2118
f 301//301 2152//2120 5071//4943 2045//2013
f 301//301 2045//2013 5070//4942 2153//2121
f 301//301 2153//2121 5102//4974 2109//2077
f 301//301 2109//2077 5103//4975 2152//2120
f 302//302 2151//2119 5059//4931 2065//2033
f 302//302 2065//2033 5090//4962 2154//2122
f 302//302 2154//2122 5122//4994 2129//2097
f 302//302 2129//2097 5091//4963 2151//2119
f 303//303 2155//2123 5080//4952 2054//2022
f 303//303 2054//2022 5079//4951 2156//2124
f 303//303 2156//2124 5111//4983 2118//2086
f 303//303 2118//2086 5112//4984 2155//2123
f 304//304 2157//2125 5069//4941 2043//2011
f 304//304 2043//2011 5068//4940 2158//2126
f 304//304 2158//2126 5100//4972 2107//2075
f 304//304 2107//2075 5101//4973 2157//2125
f 305//305 2159//2127 5089//4961 2063//2031
f 305//305 2063//2031 5088//4960 2130//2098
f 305//305 2130//2098 5120//4992 2127//2095
f 305//305 2127//2095 5121//4993 2159//2127
f 306//306 2160//2128 5078//4950 2052//2020
f 306//306 2052//2020 5077//4949 2132//2100
f 306//306 2132//2100 5109//4981 2116//2084
f 306//306 2116//2084 5110//4982 2160//2128
f 307//307 2161//2129 5067//4939 2041//2009
f 307//307 2041//2009 5066//4938 2134//2102
f 307//307 2134//2102 5098//4970 2105//2073
f 307//307 2105//2073 5099//4971 2161//2129
f 308//308 2131//2099 5087//4959 2061//2029
f 308//308 2061//2029 5086//4958 2136//2104
f 308//308 2136//2104 5118//4990 2125//2093
f 308//308 2125//2093 5119//4991 2131//2099
f 309//309 2133//2101 5076//4948 2050//2018
f 309//309 2050//2018 5075//4947 2140//2108
f 309//309 2140//2108 5107//4979 2114//2082
f 309//309 2114//2082 5108//4980 2133//2101
f 310//310 2135//2103 5065//4937 2039//2007
f 310//310 2039//2007 5064//4936 2138//2106
f 310//310 2138//2106 5096//4968 2103//2071
f 310//310 2103//2071 5097//4969 2135//2103
f 311//311 2137//2105 5085//4957 2059//2027
f 311//311 2059//2027 5084//4956 2142//2110
f 311//311 2142//2110 5116//4988 2123//2091
f 311//311 2123//2091 5117//4989 2137//2105
f 312//312 2139//2107 5063//4935 2037//2005
f 312//312 2037//2005 5062//4934 2144//2112
f 312//312 2144//2112 5094//4966 2101//2069
f 312//312 2101//2069 5095//4967 2139//2107
f 313//313 2141//2109 5074//4946 2048//2016
f 313//313 2048//2016 5073//4945 2146//2114
f 313//313 2146//2114 5105//4977 2112//2080
f 313//313 2112//2080 5106//4978 2141//2109
f 314//314 2143//2111 5083//4955 2057//2025
f 314//314 2057//2025 5082//4954 2148//2116
f 314//314 2148//2116 5114//4986 2121//2089
f 314//314 2121//2089 5115//4987 2143//2111
f 315//315 2145//2113 5061//4933 2035//2003
f 315//315 2035//2003 5060//4932 2150//2118
f 315//315 2150//2118 5092//4964 2099//2067
f 315//315 2099//2067 5093//4965 2145//2113
f 316//316 2147//2115 5072//4944 2046//2014
f 316//316 2046//2014 5071//4943 2152//2120
f 316//316 2152//2120 5103//4975 2110//2078
f 316//316 2110//2078 5104//4976 2147//2115
f 317//317 2149//2117 5081//4953 2055//2023
f 317//317 2055//2023 5080//4952 2155//2123
f 317//317 2155//2123 5112//4984 2119//2087
f 317//317 2119//2087 5113//4985 2149//2117
f 318//318 2153//2121 5070//4942 2044//2012
f 318//318 2044//2012 5069//4941 2157//2125
f 318//318 2157//2125 5101//4973 2108//2076
f 318//318 2108//2076 5102//4974 2153//2121
f 319//319 2154//2122 5090//4962 2064//2032
f 319//319 2064//2032 5089//4961 2159//2127
f 319//319 2159//2127 5121//4993 2128//2096
f 319//319 2128//2096 5122//4994 2154//2122
f 320//320 2156//2124 5079//4951 2053//2021
f 320//320 2053//2021 5078//4950 2160//2128
f 320//320 2160//2128 5110//4982 2117//2085
f 320//320 2117//2085 5111//4983 2156//2124
f 321//321 2158//2126 5068//4940 2042//2010
f 321//321 2042//2010 5067//4939 2161//2129
f 321//321 2161//2129 5099//4971 2106//2074
f 321//321 2106//2074 5100//4972 2158//2126
f 322//322 2258//2226 5147//5019 2185//2153
f 322//322 2185//2153 5146//5018 2259//2227
f 322//322 2259//2227 5178//5050 2249//2217
f 322//322 2249//2217 5179//5051 2258//2226
f 323//323 2196//2164 5111//4983 2117//2085
f 323//323 2117//2085 5110//4982 2197//2165
f 323//323 2197//2165 5142//5014 2181//2149
f 323//323 2181//2149 5143//5015 2196//2164
f 324//324 2198//2166 5100//4972 2106//2074
f 324//324 2106//2074 5099//4971 2199//2167
f 324//324 2199//2167 5131//5003 2170//2138
f 324//324 2170//2138 5132//5004 2198//2166
f 325//325 2200//2168 5120//4992 2126//2094
f 325//325 2126//2094 5119//4991 2201//2169
f 325//325 2201//2169 5151//5023 2190//2158
f 325//325 2190//2158 5152//5024 2200//2168
f 326//326 2202//2170 5109//4981 2115//2083
f 326//326 2115//2083 5108//4980 2203//2171
f 326//326 2203//2171 5140//5012 2179//2147
f 326//326 2179//2147 5141//5013 2202//2170
f 327//327 2204//2172 5098//4970 2104//2072
f 327//327 2104//2072 5097//4969 2205//2173
f 327//327 2205//2173 5129//5001 2168//2136
f 327//327 2168//2136 5130//5002 2204//2172
f 328//328 2206//2174 5118//4990 2124//2092
f 328//328 2124//2092 5117//4989 2207//2175
f 328//328 2207//2175 5149//5021 2188//2156
f 328//328 2188//2156 5150//5022 2206//2174
f 329//329 2208//2176 5096//4968 2102//2070
f 329//329 2102//2070 5095//4967 2209//2177
f 329//329 2209//2177 5127//4999 2166//2134
f 329//329 2166//2134 5128//5000 2208//2176
f 330//330 2210//2178 5107//4979 2113//2081
f 330//330 2113//2081 5106//4978 2211//2179
f 330//330 2211//2179 5138//5010 2177//2145
f 330//330 2177//2145 5139//5011 2210//2178
f 331//331 2212//2180 5116//4988 2122//2090
f 331//331 2122//2090 5115//4987 2213//2181
f 331//331 2213//2181 5147//5019 2186//2154
f 331//331 2186//2154 5148//5020 2212//2180
f 332//332 2214//2182 5094//4966 2100//2068
f 332//332 2100//2068 5093//4965 2215//2183
f 332//332 2215//2183 5125//4997 2164//2132
f 332//332 2164//2132 5126//4998 2214//2182
f 333//333 2216//2184 5105//4977 2111//2079
f 333//333 2111//2079 5104//4976 2217//2185
f 333//333 2217//2185 5136//5008 2175//2143
f 333//333 2175//2143 5137//5009 2216//2184
f 334//334 2218//2186 5114//4986 2120//2088
f 334//334 2120//2088 5113//4985 2219//2187
f 334//334 2219//2187 5145//5017 2184//2152
f 334//334 2184//2152 5146//5018 2218//2186
f 335//335 2220//2188 5092//4964 2098//2066
f 335//335 2098//2066 5091//4963 2221//2189
f 335//335 2221//2189 5123//4995 2162//2130
f 335//335 2162//2130 5124//4996 2220//2188
f 336//336 2222//2190 5103//4975 2109//2077
f 336//336 2109//2077 5102//4974 2223//2191
f 336//336 2223//2191 5134//5006 2173//2141
f 336//336 2173//2141 5135//5007 2222//2190
f 337//337 2221//2189 5091//4963 2129//2097
f 337//337 2129//2097 5122//4994 2194//2162
f 337//337 2194//2162 5154//5026 2193//2161
f 337//337 2193//2161 5123//4995 2221//2189
f 338//338 2224//2192 5112//4984 2118//2086
f 338//338 2118//2086 5111//4983 2196//2164
f 338//338 2196//2164 5143//5015 2182//2150
f 338//338 2182//2150 5144//5016 2224//2192
f 339//339 2225//2193 5101//4973 2107//2075
f 339//339 2107//2075 5100//4972 2198//2166
f 339//339 2198//2166 5132//5004 2171//2139
f 339//339 2171//2139 5133//5005 2225//2193
f 340//340 2195//2163 5121//4993 2127//2095
f 340//340 2127//2095 5120//4992 2200//2168
f 340//340 2200//2168 5152//5024 2191//2159
f 340//340 2191//2159 5153//5025 2195//2163
f 341//341 2197//2165 5110//4982 2116//2084
f 341//341 2116//2084 5109//4981 2202//2170
f 341//341 2202//2170 5141//5013 2180//2148
f 341//341 2180//2148 5142//5014 2197//2165
f 342//342 2199//2167 5099//4971 2105//2073
f 342//342 2105//2073 5098//4970 2204//2172
f 342//342 2204//2172 5130//5002 2169//2137
f 342//342 2169//2137 5131//5003 2199//2167
f 343//343 2201//2169 5119//4991 2125//2093
f 343//343 2125//2093 5118//4990 2206//2174
f 343//343 2206//2174 5150//5022 2189//2157
f 343//343 2189//2157 5151//5023 2201//2169
f 344//344 2203//2171 5108//4980 2114//2082
f 344//344 2114//2082 5107//4979 2210//2178
f 344//344 2210//2178 5139//5011 2178//2146
f 344//344 2178//2146 5140//5012 2203//2171
f 345//345 2205//2173 5097//4969 2103//2071
f 345//345 2103//2071 5096//4968 2208//2176
f 345//345 2208//2176 5128//5000 2167//2135
f 345//345 2167//2135 5129//5001 2205//2173
f 346//346 2207//2175 5117//4989 2123//2091
f 346//346 2123//2091 5116//4988 2212//2180
f 346//346 2212//2180 5148//5020 2187//2155
f 346//346 2187//2155 5149//5021 2207//2175
f 347//347 2209//2177 5095//4967 2101//2069
f 347//347 2101//2069 5094//4966 2214//2182
f 347//347 2214//2182 5126//4998 2165//2133
f 347//347 2165//2133 5127//4999 2209//2177
f 348//348 2211//2179 5106//4978 2112//2080
f 348//348 2112//2080 5105//4977 2216//2184
f 348//348 2216//2184 5137//5009 2176//2144
f 348//348 2176//2144 5138//5010 2211//2179
f 349//349 2213//2181 5115//4987 2121//2089
f 349//349 2121//2089 5114//4986 2218//2186
f 349//349 2218//2186 5146//5018 2185//2153
f 349//349 2185//2153 5147//5019 2213//2181
f 350//350 2215//2183 5093//4965 2099//2067
f 350//350 2099//2067 5092//4964 2220//2188
f 350//350 2220//2188 5124//4996 2163//2131
f 350//350 2163//2131 5125//4997 2215//2183
f 351//351 2217//2185 5104//4976 2110//2078
f 351//351 2110//2078 5103//4975 2222//2190
f 351//351 2222//2190 5135//5007 2174//2142
f 351//351 2174//2142 5136//5008 2217//2185
f 352//352 2219//2187 5113//4985 2119//2087
f 352//352 2119//2087 5112//4984 2224//2192
f 352//352 2224//2192 5144//5016 2183//2151
f 352//352 2183//2151 5145//5017 2219//2187
f 353//353 2223//2191 5102//4974 2108//2076
f 353//353 2108//2076 5101//4973 2225//2193
f 353//353 2225//2193 5133//5005 2172//2140
f 353//353 2172//2140 5134//5006 2223//2191
f 354//354 4291//4163 6211//6019 4354//4226
f 354//354 4354//4226 6212//6020 2323//2291
f 354//354 2323//2291 5212//5084 2315//2283
f 354//354 2315//2283 5213//5085 4291//4163
f 355//355 2260//2228 5125//4997 2163//2131
f 355//355 2163//2131 5124//4996 2261//2229
f 355//355 2261//2229 5156//5028 2227//2195
f 355//355 2227//2195 5157//5029 2260//2228
f 356//356 2262//2230 5136//5008 2174//2142
f 356//356 2174//2142 5135//5007 2263//2231
f 356//356 2263//2231 5167//5039 2238//2206
f 356//356 2238//2206 5168//5040 2262//2230
f 357//357 2264//2232 5145//5017 2183//2151
f 357//357 2183//2151 5144//5016 2265//2233
f 357//357 2265//2233 5176//5048 2247//2215
f 357//357 2247//2215 5177//5049 2264//2232
f 358//358 2266//2234 5134//5006 2172//2140
f 358//358 2172//2140 5133//5005 2267//2235
f 358//358 2267//2235 5165//5037 2236//2204
f 358//358 2236//2204 5166//5038 2266//2234
f 359//359 2268//2236 5154//5026 2192//2160
f 359//359 2192//2160 5153//5025 2269//2237
f 359//359 2269//2237 5185//5057 2256//2224
f 359//359 2256//2224 5186//5058 2268//2236
f 360//360 2270//2238 5143//5015 2181//2149
f 360//360 2181//2149 5142//5014 2271//2239
f 360//360 2271//2239 5174//5046 2245//2213
f 360//360 2245//2213 5175//5047 2270//2238
f 361//361 2272//2240 5132//5004 2170//2138
f 361//361 2170//2138 5131//5003 2273//2241
f 361//361 2273//2241 5163//5035 2234//2202
f 361//361 2234//2202 5164//5036 2272//2240
f 362//362 2274//2242 5152//5024 2190//2158
f 362//362 2190//2158 5151//5023 2275//2243
f 362//362 2275//2243 5183//5055 2254//2222
f 362//362 2254//2222 5184//5056 2274//2242
f 363//363 2276//2244 5141//5013 2179//2147
f 363//363 2179//2147 5140//5012 2277//2245
f 363//363 2277//2245 5172//5044 2243//2211
f 363//363 2243//2211 5173//5045 2276//2244
f 364//364 2278//2246 5130//5002 2168//2136
f 364//364 2168//2136 5129//5001 2279//2247
f 364//364 2279//2247 5161//5033 2232//2200
f 364//364 2232//2200 5162//5034 2278//2246
f 365//365 2280//2248 5150//5022 2188//2156
f 365//365 2188//2156 5149//5021 2281//2249
f 365//365 2281//2249 5181//5053 2252//2220
f 365//365 2252//2220 5182//5054 2280//2248
f 366//366 2282//2250 5128//5000 2166//2134
f 366//366 2166//2134 5127//4999 2283//2251
f 366//366 2283//2251 5159//5031 2230//2198
f 366//366 2230//2198 5160//5032 2282//2250
f 367//367 2284//2252 5139//5011 2177//2145
f 367//367 2177//2145 5138//5010 2285//2253
f 367//367 2285//2253 5170//5042 2241//2209
f 367//367 2241//2209 5171//5043 2284//2252
f 368//368 2286//2254 5148//5020 2186//2154
f 368//368 2186//2154 5147//5019 2258//2226
f 368//368 2258//2226 5179//5051 2250//2218
f 368//368 2250//2218 5180//5052 2286//2254
f 369//369 2287//2255 5126//4998 2164//2132
f 369//369 2164//2132 5125//4997 2260//2228
f 369//369 2260//2228 5157//5029 2228//2196
f 369//369 2228//2196 5158//5030 2287//2255
f 370//370 2288//2256 5137//5009 2175//2143
f 370//370 2175//2143 5136//5008 2262//2230
f 370//370 2262//2230 5168//5040 2239//2207
f 370//370 2239//2207 5169//5041 2288//2256
f 371//371 2259//2227 5146//5018 2184//2152
f 371//371 2184//2152 5145//5017 2264//2232
f 371//371 2264//2232 5177//5049 2248//2216
f 371//371 2248//2216 5178//5050 2259//2227
f 372//372 2261//2229 5124//4996 2162//2130
f 372//372 2162//2130 5123//4995 2289//2257
f 372//372 2289//2257 5155//5027 2226//2194
f 372//372 2226//2194 5156//5028 2261//2229
f 373//373 2263//2231 5135//5007 2173//2141
f 373//373 2173//2141 5134//5006 2266//2234
f 373//373 2266//2234 5166//5038 2237//2205
f 373//373 2237//2205 5167//5039 2263//2231
f 374//374 2289//2257 5123//4995 2193//2161
f 374//374 2193//2161 5154//5026 2268//2236
f 374//374 2268//2236 5186//5058 2257//2225
f 374//374 2257//2225 5155//5027 2289//2257
f 375//375 2265//2233 5144//5016 2182//2150
f 375//375 2182//2150 5143//5015 2270//2238
f 375//375 2270//2238 5175//5047 2246//2214
f 375//375 2246//2214 5176//5048 2265//2233
f 376//376 2267//2235 5133//5005 2171//2139
f 376//376 2171//2139 5132//5004 2272//2240
f 376//376 2272//2240 5164//5036 2235//2203
f 376//376 2235//2203 5165//5037 2267//2235
f 377//377 2269//2237 5153//5025 2191//2159
f 377//377 2191//2159 5152//5024 2274//2242
f 377//377 2274//2242 5184//5056 2255//2223
f 377//377 2255//2223 5185//5057 2269//2237
f 378//378 2271//2239 5142//5014 2180//2148
f 378//378 2180//2148 5141//5013 2276//2244
f 378//378 2276//2244 5173//5045 2244//2212
f 378//378 2244//2212 5174//5046 2271//2239
f 379//379 2273//2241 5131//5003 2169//2137
f 379//379 2169//2137 5130//5002 2278//2246
f 379//379 2278//2246 5162//5034 2233//2201
f 379//379 2233//2201 5163//5035 2273//2241
f 380//380 2275//2243 5151//5023 2189//2157
f 380//380 2189//2157 5150//5022 2280//2248
f 380//380 2280//2248 5182//5054 2253//2221
f 380//380 2253//2221 5183//5055 2275//2243
f 381//381 2277//2245 5140//5012 2178//2146
f 381//381 2178//2146 5139//5011 2284//2252
f 381//381 2284//2252 5171//5043 2242//2210
f 381//381 2242//2210 5172//5044 2277//2245
f 382//382 2279//2247 5129//5001 2167//2135
f 382//382 2167//2135 5128//5000 2282//2250
f 382//382 2282//2250 5160//5032 2231//2199
f 382//382 2231//2199 5161//5033 2279//2247
f 383//383 2281//2249 5149//5021 2187//2155
f 383//383 2187//2155 5148//5020 2286//2254
f 383//383 2286//2254 5180//5052 2251//2219
f 383//383 2251//2219 5181//5053 2281//2249
f 384//384 2283//2251 5127//4999 2165//2133
f 384//384 2165//2133 5126//4998 2287//2255
f 384//384 2287//2255 5158//5030 2229//2197
f 384//384 2229//2197 5159//5031 2283//2251
f 385//385 2285//2253 5138//5010 2176//2144
f 385//385 2176//2144 5137//5009 2288//2256
f 385//385 2288//2256 5169//5041 2240//2208
f 385//385 2240//2208 5170//5042 2285//2253
f 386//386 2386//2354 5215//5087 2317//2285
f 386//386 2317//2285 5214//5086 2387//2355
f 386//386 2387//2355 5246//5118 2381//2349
f 386//386 2381//2349 5247//5119 2386//2354
f 387//387 4293//4165 6213//6021 4353//4225
f 387//387 4353//4225 6214//6022 2325//2293
f 387//387 2325//2293 5190//5062 2293//2261
f 387//387 2293//2261 5191//5063 4293//4165
f 388//388 4295//4167 6215//6023 4352//4224
f 388//388 4352//4224 6216//6024 2327//2295
f 388//388 2327//2295 5201//5073 2304//2272
f 388//388 2304//2272 5202//5074 4295//4167
f 389//389 4297//4169 6217//6025 4351//4223
f 389//389 4351//4223 6218//6026 2329//2297
f 389//389 2329//2297 5210//5082 2313//2281
f 389//389 2313//2281 5211//5083 4297//4169
f 390//390 4299//4171 6219//6027 4350//4222
f 390//390 4350//4222 6220//6028 2331//2299
f 390//390 2331//2299 5188//5060 2291//2259
f 390//390 2291//2259 5189//5061 4299//4171
f 391//391 4301//4173 6221//6029 4349//4221
f 391//391 4349//4221 6222//6030 2333//2301
f 391//391 2333//2301 5199//5071 2302//2270
f 391//391 2302//2270 5200//5072 4301//4173
f 392//392 4303//4175 6223//6031 4348//4220
f 392//392 4348//4220 6224//6032 2335//2303
f 392//392 2335//2303 5208//5080 2311//2279
f 392//392 2311//2279 5209//5081 4303//4175
f 393//393 4305//4177 6225//6033 4347//4219
f 393//393 4347//4219 6226//6034 2337//2305
f 393//393 2337//2305 5197//5069 2300//2268
f 393//393 2300//2268 5198//5070 4305//4177
f 394//394 4307//4179 6227//6035 4346//4218
f 394//394 4346//4218 6228//6036 2339//2307
f 394//394 2339//2307 5217//5089 2320//2288
f 394//394 2320//2288 5218//5090 4307//4179
f 395//395 4309//4181 6229//6037 4345//4217
f 395//395 4345//4217 6230//6038 2341//2309
f 395//395 2341//2309 5206//5078 2309//2277
f 395//395 2309//2277 5207//5079 4309//4181
f 396//396 4311//4183 6231//6039 4344//4216
f 396//396 4344//4216 6232//6040 2343//2311
f 396//396 2343//2311 5195//5067 2298//2266
f 396//396 2298//2266 5196//5068 4311//4183
f 397//397 4313//4185 6233//6041 4343//4215
f 397//397 4343//4215 6234//6042 2345//2313
f 397//397 2345//2313 5215//5087 2318//2286
f 397//397 2318//2286 5216//5088 4313//4185
f 398//398 4315//4187 6235//6043 4342//4214
f 398//398 4342//4214 6236//6044 2347//2315
f 398//398 2347//2315 5204//5076 2307//2275
f 398//398 2307//2275 5205//5077 4315//4187
f 399//399 4317//4189 6237//6045 4341//4213
f 399//399 4341//4213 6238//6046 2349//2317
f 399//399 2349//2317 5193//5065 2296//2264
f 399//399 2296//2264 5194//5066 4317//4189
f 400//400 4319//4191 6239//6047 4340//4212
f 400//400 4340//4212 6211//6019 4291//4163
f 400//400 4291//4163 5213//5085 2316//2284
f 400//400 2316//2284 5214//5086 4319//4191
f 401//401 4320//4192 6240//6048 4339//4211
f 401//401 4339//4211 6213//6021 4293//4165
f 401//401 4293//4165 5191//5063 2294//2262
f 401//401 2294//2262 5192//5064 4320//4192
f 402//402 4321//4193 6241//6049 4338//4210
f 402//402 4338//4210 6215//6023 4295//4167
f 402//402 4295//4167 5202//5074 2305//2273
f 402//402 2305//2273 5203//5075 4321//4193
f 403//403 2323//2291 6212//6020 4337//4209
f 403//403 4337//4209 6217//6025 4297//4169
f 403//403 4297//4169 5211//5083 2314//2282
f 403//403 2314//2282 5212//5084 2323//2291
f 404//404 2325//2293 6214//6022 4336//4208
f 404//404 4336//4208 6219//6027 4299//4171
f 404//404 4299//4171 5189//5061 2292//2260
f 404//404 2292//2260 5190//5062 2325//2293
f 405//405 2327//2295 6216//6024 4335//4207
f 405//405 4335//4207 6221//6029 4301//4173
f 405//405 4301//4173 5200//5072 2303//2271
f 405//405 2303//2271 5201//5073 2327//2295
f 406//406 2329//2297 6218//6026 4334//4206
f 406//406 4334//4206 6223//6031 4303//4175
f 406//406 4303//4175 5209//5081 2312//2280
f 406//406 2312//2280 5210//5082 2329//2297
f 407//407 2331//2299 6220//6028 4333//4205
f 407//407 4333//4205 6242//6050 2353//2321
f 407//407 2353//2321 5187//5059 2290//2258
f 407//407 2290//2258 5188//5060 2331//2299
f 408//408 2333//2301 6222//6030 4332//4204
f 408//408 4332//4204 6225//6033 4305//4177
f 408//408 4305//4177 5198//5070 2301//2269
f 408//408 2301//2269 5199//5071 2333//2301
f 409//409 2353//2321 6242//6050 4331//4203
f 409//409 4331//4203 6227//6035 4307//4179
f 409//409 4307//4179 5218//5090 2321//2289
f 409//409 2321//2289 5187//5059 2353//2321
f 410//410 2335//2303 6224//6032 4330//4202
f 410//410 4330//4202 6229//6037 4309//4181
f 410//410 4309//4181 5207//5079 2310//2278
f 410//410 2310//2278 5208//5080 2335//2303
f 411//411 2337//2305 6226//6034 4329//4201
f 411//411 4329//4201 6231//6039 4311//4183
f 411//411 4311//4183 5196//5068 2299//2267
f 411//411 2299//2267 5197//5069 2337//2305
f 412//412 2339//2307 6228//6036 4328//4200
f 412//412 4328//4200 6233//6041 4313//4185
f 412//412 4313//4185 5216//5088 2319//2287
f 412//412 2319//2287 5217//5089 2339//2307
f 413//413 2341//2309 6230//6038 4327//4199
f 413//413 4327//4199 6235//6043 4315//4187
f 413//413 4315//4187 5205//5077 2308//2276
f 413//413 2308//2276 5206//5078 2341//2309
f 414//414 2343//2311 6232//6040 4326//4198
f 414//414 4326//4198 6237//6045 4317//4189
f 414//414 4317//4189 5194//5066 2297//2265
f 414//414 2297//2265 5195//5067 2343//2311
f 415//415 2345//2313 6234//6042 4325//4197
f 415//415 4325//4197 6239//6047 4319//4191
f 415//415 4319//4191 5214//5086 2317//2285
f 415//415 2317//2285 5215//5087 2345//2313
f 416//416 2347//2315 6236//6044 4324//4196
f 416//416 4324//4196 6241//6049 4321//4193
f 416//416 4321//4193 5203//5075 2306//2274
f 416//416 2306//2274 5204//5076 2347//2315
f 417//417 2349//2317 6238//6046 4323//4195
f 417//417 4323//4195 6240//6048 4320//4192
f 417//417 4320//4192 5192//5064 2295//2263
f 417//417 2295//2263 5193//5065 2349//2317
f 418//418 3890//3826 5987//5827 3953//3889
f 418//418 3953//3889 5988//5828 2451//2419
f 418//418 2451//2419 5280//5152 2447//2415
f 418//418 2447//2415 5281//5153 3890//3826
f 419//419 2388//2356 5204//5076 2306//2274
f 419//419 2306//2274 5203//5075 2389//2357
f 419//419 2389//2357 5235//5107 2370//2338
f 419//419 2370//2338 5236//5108 2388//2356
f 420//420 2390//2358 5193//5065 2295//2263
f 420//420 2295//2263 5192//5064 2391//2359
f 420//420 2391//2359 5224//5096 2359//2327
f 420//420 2359//2327 5225//5097 2390//2358
f 421//421 2392//2360 5213//5085 2315//2283
f 421//421 2315//2283 5212//5084 2393//2361
f 421//421 2393//2361 5244//5116 2379//2347
f 421//421 2379//2347 5245//5117 2392//2360
f 422//422 2394//2362 5191//5063 2293//2261
f 422//422 2293//2261 5190//5062 2395//2363
f 422//422 2395//2363 5222//5094 2357//2325
f 422//422 2357//2325 5223//5095 2394//2362
f 423//423 2396//2364 5202//5074 2304//2272
f 423//423 2304//2272 5201//5073 2397//2365
f 423//423 2397//2365 5233//5105 2368//2336
f 423//423 2368//2336 5234//5106 2396//2364
f 424//424 2398//2366 5211//5083 2313//2281
f 424//424 2313//2281 5210//5082 2399//2367
f 424//424 2399//2367 5242//5114 2377//2345
f 424//424 2377//2345 5243//5115 2398//2366
f 425//425 2400//2368 5189//5061 2291//2259
f 425//425 2291//2259 5188//5060 2401//2369
f 425//425 2401//2369 5220//5092 2355//2323
f 425//425 2355//2323 5221//5093 2400//2368
f 426//426 2402//2370 5200//5072 2302//2270
f 426//426 2302//2270 5199//5071 2403//2371
f 426//426 2403//2371 5231//5103 2366//2334
f 426//426 2366//2334 5232//5104 2402//2370
f 427//427 2404//2372 5209//5081 2311//2279
f 427//427 2311//2279 5208//5080 2405//2373
f 427//427 2405//2373 5240//5112 2375//2343
f 427//427 2375//2343 5241//5113 2404//2372
f 428//428 2406//2374 5198//5070 2300//2268
f 428//428 2300//2268 5197//5069 2407//2375
f 428//428 2407//2375 5229//5101 2364//2332
f 428//428 2364//2332 5230//5102 2406//2374
f 429//429 2408//2376 5218//5090 2320//2288
f 429//429 2320//2288 5217//5089 2409//2377
f 429//429 2409//2377 5249//5121 2384//2352
f 429//429 2384//2352 5250//5122 2408//2376
f 430//430 2410//2378 5207//5079 2309//2277
f 430//430 2309//2277 5206//5078 2411//2379
f 430//430 2411//2379 5238//5110 2373//2341
f 430//430 2373//2341 5239//5111 2410//2378
f 431//431 2412//2380 5196//5068 2298//2266
f 431//431 2298//2266 5195//5067 2413//2381
f 431//431 2413//2381 5227//5099 2362//2330
f 431//431 2362//2330 5228//5100 2412//2380
f 432//432 2414//2382 5216//5088 2318//2286
f 432//432 2318//2286 5215//5087 2386//2354
f 432//432 2386//2354 5247//5119 2382//2350
f 432//432 2382//2350 5248//5120 2414//2382
f 433//433 2415//2383 5205//5077 2307//2275
f 433//433 2307//2275 5204//5076 2388//2356
f 433//433 2388//2356 5236//5108 2371//2339
f 433//433 2371//2339 5237//5109 2415//2383
f 434//434 2416//2384 5194//5066 2296//2264
f 434//434 2296//2264 5193//5065 2390//2358
f 434//434 2390//2358 5225//5097 2360//2328
f 434//434 2360//2328 5226//5098 2416//2384
f 435//435 2387//2355 5214//5086 2316//2284
f 435//435 2316//2284 5213//5085 2392//2360
f 435//435 2392//2360 5245//5117 2380//2348
f 435//435 2380//2348 5246//5118 2387//2355
f 436//436 2391//2359 5192//5064 2294//2262
f 436//436 2294//2262 5191//5063 2394//2362
f 436//436 2394//2362 5223//5095 2358//2326
f 436//436 2358//2326 5224//5096 2391//2359
f 437//437 2389//2357 5203//5075 2305//2273
f 437//437 2305//2273 5202//5074 2396//2364
f 437//437 2396//2364 5234//5106 2369//2337
f 437//437 2369//2337 5235//5107 2389//2357
f 438//438 2393//2361 5212//5084 2314//2282
f 438//438 2314//2282 5211//5083 2398//2366
f 438//438 2398//2366 5243//5115 2378//2346
f 438//438 2378//2346 5244//5116 2393//2361
f 439//439 2395//2363 5190//5062 2292//2260
f 439//439 2292//2260 5189//5061 2400//2368
f 439//439 2400//2368 5221//5093 2356//2324
f 439//439 2356//2324 5222//5094 2395//2363
f 440//440 2397//2365 5201//5073 2303//2271
f 440//440 2303//2271 5200//5072 2402//2370
f 440//440 2402//2370 5232//5104 2367//2335
f 440//440 2367//2335 5233//5105 2397//2365
f 441//441 2399//2367 5210//5082 2312//2280
f 441//441 2312//2280 5209//5081 2404//2372
f 441//441 2404//2372 5241//5113 2376//2344
f 441//441 2376//2344 5242//5114 2399//2367
f 442//442 2401//2369 5188//5060 2290//2258
f 442//442 2290//2258 5187//5059 2417//2385
f 442//442 2417//2385 5219//5091 2354//2322
f 442//442 2354//2322 5220//5092 2401//2369
f 443//443 2403//2371 5199//5071 2301//2269
f 443//443 2301//2269 5198//5070 2406//2374
f 443//443 2406//2374 5230//5102 2365//2333
f 443//443 2365//2333 5231//5103 2403//2371
f 444//444 2417//2385 5187//5059 2321//2289
f 444//444 2321//2289 5218//5090 2408//2376
f 444//444 2408//2376 5250//5122 2385//2353
f 444//444 2385//2353 5219//5091 2417//2385
f 445//445 2405//2373 5208//5080 2310//2278
f 445//445 2310//2278 5207//5079 2410//2378
f 445//445 2410//2378 5239//5111 2374//2342
f 445//445 2374//2342 5240//5112 2405//2373
f 446//446 2407//2375 5197//5069 2299//2267
f 446//446 2299//2267 5196//5068 2412//2380
f 446//446 2412//2380 5228//5100 2363//2331
f 446//446 2363//2331 5229//5101 2407//2375
f 447//447 2409//2377 5217//5089 2319//2287
f 447//447 2319//2287 5216//5088 2414//2382
f 447//447 2414//2382 5248//5120 2383//2351
f 447//447 2383//2351 5249//5121 2409//2377
f 448//448 2411//2379 5206//5078 2308//2276
f 448//448 2308//2276 5205//5077 2415//2383
f 448//448 2415//2383 5237//5109 2372//2340
f 448//448 2372//2340 5238//5110 2411//2379
f 449//449 2413//2381 5195//5067 2297//2265
f 449//449 2297//2265 5194//5066 2416//2384
f 449//449 2416//2384 5226//5098 2361//2329
f 449//449 2361//2329 5227//5099 2413//2381
f 450//450 2514//2482 5251//5123 2449//2417
f 450//450 2449//2417 5282//5154 2515//2483
f 450//450 2515//2483 5314//5186 2513//2481
f 450//450 2513//2481 5283//5155 2514//2482
f 451//451 3892//3828 5989//5829 3952//3888
f 451//451 3952//3888 5990//5830 2453//2421
f 451//451 2453//2421 5269//5141 2436//2404
f 451//451 2436//2404 5270//5142 3892//3828
f 452//452 3894//3830 5991//5831 3951//3887
f 452//452 3951//3887 5992//5832 2455//2423
f 452//452 2455//2423 5258//5130 2425//2393
f 452//452 2425//2393 5259//5131 3894//3830
f 453//453 3896//3832 5993//5833 3950//3886
f 453//453 3950//3886 5994//5834 2457//2425
f 453//453 2457//2425 5278//5150 2445//2413
f 453//453 2445//2413 5279//5151 3896//3832
f 454//454 3898//3834 5995//5835 3949//3885
f 454//454 3949//3885 5996//5836 2459//2427
f 454//454 2459//2427 5267//5139 2434//2402
f 454//454 2434//2402 5268//5140 3898//3834
f 455//455 3900//3836 5997//5837 3948//3884
f 455//455 3948//3884 5998//5838 2461//2429
f 455//455 2461//2429 5256//5128 2423//2391
f 455//455 2423//2391 5257//5129 3900//3836
f 456//456 3902//3838 5999//5839 3947//3883
f 456//456 3947//3883 6000//5840 2463//2431
f 456//456 2463//2431 5276//5148 2443//2411
f 456//456 2443//2411 5277//5149 3902//3838
f 457//457 3904//3840 6001//5841 3946//3882
f 457//457 3946//3882 6002//5842 2465//2433
f 457//457 2465//2433 5254//5126 2421//2389
f 457//457 2421//2389 5255//5127 3904//3840
f 458//458 3906//3842 6003//5843 3945//3881
f 458//458 3945//3881 6004//5844 2467//2435
f 458//458 2467//2435 5265//5137 2432//2400
f 458//458 2432//2400 5266//5138 3906//3842
f 459//459 3908//3844 6005//5845 3944//3880
f 459//459 3944//3880 6006//5846 2469//2437
f 459//459 2469//2437 5274//5146 2441//2409
f 459//459 2441//2409 5275//5147 3908//3844
f 460//460 3910//3846 6007//5847 3943//3879
f 460//460 3943//3879 6008//5848 2471//2439
f 460//460 2471//2439 5252//5124 2419//2387
f 460//460 2419//2387 5253//5125 3910//3846
f 461//461 3912//3848 6009//5849 3942//3878
f 461//461 3942//3878 6010//5850 2473//2441
f 461//461 2473//2441 5263//5135 2430//2398
f 461//461 2430//2398 5264//5136 3912//3848
f 462//462 3914//3850 6011//5851 3941//3877
f 462//462 3941//3877 6012//5852 2475//2443
f 462//462 2475//2443 5272//5144 2439//2407
f 462//462 2439//2407 5273//5145 3914//3850
f 463//463 3916//3852 6013//5853 3940//3876
f 463//463 3940//3876 6014//5854 2477//2445
f 463//463 2477//2445 5261//5133 2428//2396
f 463//463 2428//2396 5262//5134 3916//3852
f 464//464 3918//3854 6015//5855 3939//3875
f 464//464 3939//3875 5987//5827 3890//3826
f 464//464 3890//3826 5281//5153 2448//2416
f 464//464 2448//2416 5282//5154 3918//3854
f 465//465 3919//3855 6016//5856 3938//3874
f 465//465 3938//3874 5989//5829 3892//3828
f 465//465 3892//3828 5270//5142 2437//2405
f 465//465 2437//2405 5271//5143 3919//3855
f 466//466 3920//3856 6017//5857 3937//3873
f 466//466 3937//3873 5991//5831 3894//3830
f 466//466 3894//3830 5259//5131 2426//2394
f 466//466 2426//2394 5260//5132 3920//3856
f 467//467 2451//2419 5988//5828 3936//3872
f 467//467 3936//3872 5993//5833 3896//3832
f 467//467 3896//3832 5279//5151 2446//2414
f 467//467 2446//2414 5280//5152 2451//2419
f 468//468 2453//2421 5990//5830 3935//3871
f 468//468 3935//3871 5995//5835 3898//3834
f 468//468 3898//3834 5268//5140 2435//2403
f 468//468 2435//2403 5269//5141 2453//2421
f 469//469 2455//2423 5992//5832 3934//3870
f 469//469 3934//3870 5997//5837 3900//3836
f 469//469 3900//3836 5257//5129 2424//2392
f 469//469 2424//2392 5258//5130 2455//2423
f 470//470 2457//2425 5994//5834 3933//3869
f 470//470 3933//3869 5999//5839 3902//3838
f 470//470 3902//3838 5277//5149 2444//2412
f 470//470 2444//2412 5278//5150 2457//2425
f 471//471 2461//2429 5998//5838 3932//3868
f 471//471 3932//3868 6001//5841 3904//3840
f 471//471 3904//3840 5255//5127 2422//2390
f 471//471 2422//2390 5256//5128 2461//2429
f 472//472 2459//2427 5996//5836 3931//3867
f 472//472 3931//3867 6003//5843 3906//3842
f 472//472 3906//3842 5266//5138 2433//2401
f 472//472 2433//2401 5267//5139 2459//2427
f 473//473 2463//2431 6000//5840 3930//3866
f 473//473 3930//3866 6005//5845 3908//3844
f 473//473 3908//3844 5275//5147 2442//2410
f 473//473 2442//2410 5276//5148 2463//2431
f 474//474 2465//2433 6002//5842 3929//3865
f 474//474 3929//3865 6007//5847 3910//3846
f 474//474 3910//3846 5253//5125 2420//2388
f 474//474 2420//2388 5254//5126 2465//2433
f 475//475 2467//2435 6004//5844 3928//3864
f 475//475 3928//3864 6009//5849 3912//3848
f 475//475 3912//3848 5264//5136 2431//2399
f 475//475 2431//2399 5265//5137 2467//2435
f 476//476 2469//2437 6006//5846 3927//3863
f 476//476 3927//3863 6011//5851 3914//3850
f 476//476 3914//3850 5273//5145 2440//2408
f 476//476 2440//2408 5274//5146 2469//2437
f 477//477 2471//2439 6008//5848 3926//3862
f 477//477 3926//3862 6018//5858 2481//2449
f 477//477 2481//2449 5251//5123 2418//2386
f 477//477 2418//2386 5252//5124 2471//2439
f 478//478 2473//2441 6010//5850 3925//3861
f 478//478 3925//3861 6013//5853 3916//3852
f 478//478 3916//3852 5262//5134 2429//2397
f 478//478 2429//2397 5263//5135 2473//2441
f 479//479 2481//2449 6018//5858 3924//3860
f 479//479 3924//3860 6015//5855 3918//3854
f 479//479 3918//3854 5282//5154 2449//2417
f 479//479 2449//2417 5251//5123 2481//2449
f 480//480 2475//2443 6012//5852 3923//3859
f 480//480 3923//3859 6016//5856 3919//3855
f 480//480 3919//3855 5271//5143 2438//2406
f 480//480 2438//2406 5272//5144 2475//2443
f 481//481 2477//2445 6014//5854 3922//3858
f 481//481 3922//3858 6017//5857 3920//3856
f 481//481 3920//3856 5260//5132 2427//2395
f 481//481 2427//2395 5261//5133 2477//2445
f 482//482 2578//2546 5306//5178 2504//2472
f 482//482 2504//2472 5305//5177 2579//2547
f 482//482 2579//2547 5337//5209 2568//2536
f 482//482 2568//2536 5338//5210 2578//2546
f 483//483 2516//2484 5272//5144 2438//2406
f 483//483 2438//2406 5271//5143 2517//2485
f 483//483 2517//2485 5303//5175 2502//2470
f 483//483 2502//2470 5304//5176 2516//2484
f 484//484 2518//2486 5261//5133 2427//2395
f 484//484 2427//2395 5260//5132 2519//2487
f 484//484 2519//2487 5292//5164 2491//2459
f 484//484 2491//2459 5293//5165 2518//2486
f 485//485 2520//2488 5281//5153 2447//2415
f 485//485 2447//2415 5280//5152 2521//2489
f 485//485 2521//2489 5312//5184 2511//2479
f 485//485 2511//2479 5313//5185 2520//2488
f 486//486 2522//2490 5270//5142 2436//2404
f 486//486 2436//2404 5269//5141 2523//2491
f 486//486 2523//2491 5301//5173 2500//2468
f 486//486 2500//2468 5302//5174 2522//2490
f 487//487 2524//2492 5259//5131 2425//2393
f 487//487 2425//2393 5258//5130 2525//2493
f 487//487 2525//2493 5290//5162 2489//2457
f 487//487 2489//2457 5291//5163 2524//2492
f 488//488 2526//2494 5279//5151 2445//2413
f 488//488 2445//2413 5278//5150 2527//2495
f 488//488 2527//2495 5310//5182 2509//2477
f 488//488 2509//2477 5311//5183 2526//2494
f 489//489 2528//2496 5268//5140 2434//2402
f 489//489 2434//2402 5267//5139 2529//2497
f 489//489 2529//2497 5299//5171 2498//2466
f 489//489 2498//2466 5300//5172 2528//2496
f 490//490 2530//2498 5257//5129 2423//2391
f 490//490 2423//2391 5256//5128 2531//2499
f 490//490 2531//2499 5288//5160 2487//2455
f 490//490 2487//2455 5289//5161 2530//2498
f 491//491 2532//2500 5277//5149 2443//2411
f 491//491 2443//2411 5276//5148 2533//2501
f 491//491 2533//2501 5308//5180 2507//2475
f 491//491 2507//2475 5309//5181 2532//2500
f 492//492 2534//2502 5255//5127 2421//2389
f 492//492 2421//2389 5254//5126 2535//2503
f 492//492 2535//2503 5286//5158 2485//2453
f 492//492 2485//2453 5287//5159 2534//2502
f 493//493 2536//2504 5266//5138 2432//2400
f 493//493 2432//2400 5265//5137 2537//2505
f 493//493 2537//2505 5297//5169 2496//2464
f 493//493 2496//2464 5298//5170 2536//2504
f 494//494 2538//2506 5275//5147 2441//2409
f 494//494 2441//2409 5274//5146 2539//2507
f 494//494 2539//2507 5306//5178 2505//2473
f 494//494 2505//2473 5307//5179 2538//2506
f 495//495 2540//2508 5253//5125 2419//2387
f 495//495 2419//2387 5252//5124 2541//2509
f 495//495 2541//2509 5284//5156 2483//2451
f 495//495 2483//2451 5285//5157 2540//2508
f 496//496 2542//2510 5264//5136 2430//2398
f 496//496 2430//2398 5263//5135 2543//2511
f 496//496 2543//2511 5295//5167 2494//2462
f 496//496 2494//2462 5296//5168 2542//2510
f 497//497 2544//2512 5273//5145 2439//2407
f 497//497 2439//2407 5272//5144 2516//2484
f 497//497 2516//2484 5304//5176 2503//2471
f 497//497 2503//2471 5305//5177 2544//2512
f 498//498 2545//2513 5262//5134 2428//2396
f 498//498 2428//2396 5261//5133 2518//2486
f 498//498 2518//2486 5293//5165 2492//2460
f 498//498 2492//2460 5294//5166 2545//2513
f 499//499 2515//2483 5282//5154 2448//2416
f 499//499 2448//2416 5281//5153 2520//2488
f 499//499 2520//2488 5313//5185 2512//2480
f 499//499 2512//2480 5314//5186 2515//2483
f 500//500 2517//2485 5271//5143 2437//2405
f 500//500 2437//2405 5270//5142 2522//2490
f 500//500 2522//2490 5302//5174 2501//2469
f 500//500 2501//2469 5303//5175 2517//2485
f 501//501 2519//2487 5260//5132 2426//2394
f 501//501 2426//2394 5259//5131 2524//2492
f 501//501 2524//2492 5291//5163 2490//2458
f 501//501 2490//2458 5292//5164 2519//2487
f 502//502 2521//2489 5280//5152 2446//2414
f 502//502 2446//2414 5279//5151 2526//2494
f 502//502 2526//2494 5311//5183 2510//2478
f 502//502 2510//2478 5312//5184 2521//2489
f 503//503 2523//2491 5269//5141 2435//2403
f 503//503 2435//2403 5268//5140 2528//2496
f 503//503 2528//2496 5300//5172 2499//2467
f 503//503 2499//2467 5301//5173 2523//2491
f 504//504 2525//2493 5258//5130 2424//2392
f 504//504 2424//2392 5257//5129 2530//2498
f 504//504 2530//2498 5289//5161 2488//2456
f 504//504 2488//2456 5290//5162 2525//2493
f 505//505 2527//2495 5278//5150 2444//2412
f 505//505 2444//2412 5277//5149 2532//2500
f 505//505 2532//2500 5309//5181 2508//2476
f 505//505 2508//2476 5310//5182 2527//2495
f 506//506 2531//2499 5256//5128 2422//2390
f 506//506 2422//2390 5255//5127 2534//2502
f 506//506 2534//2502 5287//5159 2486//2454
f 506//506 2486//2454 5288//5160 2531//2499
f 507//507 2529//2497 5267//5139 2433//2401
f 507//507 2433//2401 5266//5138 2536//2504
f 507//507 2536//2504 5298//5170 2497//2465
f 507//507 2497//2465 5299//5171 2529//2497
f 508//508 2533//2501 5276//5148 2442//2410
f 508//508 2442//2410 5275//5147 2538//2506
f 508//508 2538//2506 5307//5179 2506//2474
f 508//508 2506//2474 5308//5180 2533//2501
f 509//509 2535//2503 5254//5126 2420//2388
f 509//509 2420//2388 5253//5125 2540//2508
f 509//509 2540//2508 5285//5157 2484//2452
f 509//509 2484//2452 5286//5158 2535//2503
f 510//510 2537//2505 5265//5137 2431//2399
f 510//510 2431//2399 5264//5136 2542//2510
f 510//510 2542//2510 5296//5168 2495//2463
f 510//510 2495//2463 5297//5169 2537//2505
f 511//511 2539//2507 5274//5146 2440//2408
f 511//511 2440//2408 5273//5145 2544//2512
f 511//511 2544//2512 5305//5177 2504//2472
f 511//511 2504//2472 5306//5178 2539//2507
f 512//512 2541//2509 5252//5124 2418//2386
f 512//512 2418//2386 5251//5123 2514//2482
f 512//512 2514//2482 5283//5155 2482//2450
f 512//512 2482//2450 5284//5156 2541//2509
f 513//513 2543//2511 5263//5135 2429//2397
f 513//513 2429//2397 5262//5134 2545//2513
f 513//513 2545//2513 5294//5166 2493//2461
f 513//513 2493//2461 5295//5167 2543//2511
f 514//514 2642//2610 5340//5212 2570//2538
f 514//514 2570//2538 5339//5211 2643//2611
f 514//514 2643//2611 5371//5243 2634//2602
f 514//514 2634//2602 5372//5244 2642//2610
f 515//515 2580//2548 5284//5156 2482//2450
f 515//515 2482//2450 5283//5155 2581//2549
f 515//515 2581//2549 5315//5187 2546//2514
f 515//515 2546//2514 5316//5188 2580//2548
f 516//516 2582//2550 5295//5167 2493//2461
f 516//516 2493//2461 5294//5166 2583//2551
f 516//516 2583//2551 5326//5198 2557//2525
f 516//516 2557//2525 5327//5199 2582//2550
f 517//517 2581//2549 5283//5155 2513//2481
f 517//517 2513//2481 5314//5186 2584//2552
f 517//517 2584//2552 5346//5218 2577//2545
f 517//517 2577//2545 5315//5187 2581//2549
f 518//518 2585//2553 5304//5176 2502//2470
f 518//518 2502//2470 5303//5175 2586//2554
f 518//518 2586//2554 5335//5207 2566//2534
f 518//518 2566//2534 5336//5208 2585//2553
f 519//519 2587//2555 5293//5165 2491//2459
f 519//519 2491//2459 5292//5164 2588//2556
f 519//519 2588//2556 5324//5196 2555//2523
f 519//519 2555//2523 5325//5197 2587//2555
f 520//520 2589//2557 5313//5185 2511//2479
f 520//520 2511//2479 5312//5184 2590//2558
f 520//520 2590//2558 5344//5216 2575//2543
f 520//520 2575//2543 5345//5217 2589//2557
f 521//521 2591//2559 5302//5174 2500//2468
f 521//521 2500//2468 5301//5173 2592//2560
f 521//521 2592//2560 5333//5205 2564//2532
f 521//521 2564//2532 5334//5206 2591//2559
f 522//522 2593//2561 5291//5163 2489//2457
f 522//522 2489//2457 5290//5162 2594//2562
f 522//522 2594//2562 5322//5194 2553//2521
f 522//522 2553//2521 5323//5195 2593//2561
f 523//523 2595//2563 5311//5183 2509//2477
f 523//523 2509//2477 5310//5182 2596//2564
f 523//523 2596//2564 5342//5214 2573//2541
f 523//523 2573//2541 5343//5215 2595//2563
f 524//524 2597//2565 5300//5172 2498//2466
f 524//524 2498//2466 5299//5171 2598//2566
f 524//524 2598//2566 5331//5203 2562//2530
f 524//524 2562//2530 5332//5204 2597//2565
f 525//525 2599//2567 5289//5161 2487//2455
f 525//525 2487//2455 5288//5160 2600//2568
f 525//525 2600//2568 5320//5192 2551//2519
f 525//525 2551//2519 5321//5193 2599//2567
f 526//526 2601//2569 5309//5181 2507//2475
f 526//526 2507//2475 5308//5180 2602//2570
f 526//526 2602//2570 5340//5212 2571//2539
f 526//526 2571//2539 5341//5213 2601//2569
f 527//527 2603//2571 5287//5159 2485//2453
f 527//527 2485//2453 5286//5158 2604//2572
f 527//527 2604//2572 5318//5190 2549//2517
f 527//527 2549//2517 5319//5191 2603//2571
f 528//528 2605//2573 5298//5170 2496//2464
f 528//528 2496//2464 5297//5169 2606//2574
f 528//528 2606//2574 5329//5201 2560//2528
f 528//528 2560//2528 5330//5202 2605//2573
f 529//529 2607//2575 5307//5179 2505//2473
f 529//529 2505//2473 5306//5178 2578//2546
f 529//529 2578//2546 5338//5210 2569//2537
f 529//529 2569//2537 5339//5211 2607//2575
f 530//530 2608//2576 5285//5157 2483//2451
f 530//530 2483//2451 5284//5156 2580//2548
f 530//530 2580//2548 5316//5188 2547//2515
f 530//530 2547//2515 5317//5189 2608//2576
f 531//531 2609//2577 5296//5168 2494//2462
f 531//531 2494//2462 5295//5167 2582//2550
f 531//531 2582//2550 5327//5199 2558//2526
f 531//531 2558//2526 5328//5200 2609//2577
f 532//532 2579//2547 5305//5177 2503//2471
f 532//532 2503//2471 5304//5176 2585//2553
f 532//532 2585//2553 5336//5208 2567//2535
f 532//532 2567//2535 5337//5209 2579//2547
f 533//533 2583//2551 5294//5166 2492//2460
f 533//533 2492//2460 5293//5165 2587//2555
f 533//533 2587//2555 5325//5197 2556//2524
f 533//533 2556//2524 5326//5198 2583//2551
f 534//534 2584//2552 5314//5186 2512//2480
f 534//534 2512//2480 5313//5185 2589//2557
f 534//534 2589//2557 5345//5217 2576//2544
f 534//534 2576//2544 5346//5218 2584//2552
f 535//535 2586//2554 5303//5175 2501//2469
f 535//535 2501//2469 5302//5174 2591//2559
f 535//535 2591//2559 5334//5206 2565//2533
f 535//535 2565//2533 5335//5207 2586//2554
f 536//536 2588//2556 5292//5164 2490//2458
f 536//536 2490//2458 5291//5163 2593//2561
f 536//536 2593//2561 5323//5195 2554//2522
f 536//536 2554//2522 5324//5196 2588//2556
f 537//537 2590//2558 5312//5184 2510//2478
f 537//537 2510//2478 5311//5183 2595//2563
f 537//537 2595//2563 5343//5215 2574//2542
f 537//537 2574//2542 5344//5216 2590//2558
f 538//538 2592//2560 5301//5173 2499//2467
f 538//538 2499//2467 5300//5172 2597//2565
f 538//538 2597//2565 5332//5204 2563//2531
f 538//538 2563//2531 5333//5205 2592//2560
f 539//539 2594//2562 5290//5162 2488//2456
f 539//539 2488//2456 5289//5161 2599//2567
f 539//539 2599//2567 5321//5193 2552//2520
f 539//539 2552//2520 5322//5194 2594//2562
f 540//540 2596//2564 5310//5182 2508//2476
f 540//540 2508//2476 5309//5181 2601//2569
f 540//540 2601//2569 5341//5213 2572//2540
f 540//540 2572//2540 5342//5214 2596//2564
f 541//541 2600//2568 5288//5160 2486//2454
f 541//541 2486//2454 5287//5159 2603//2571
f 541//541 2603//2571 5319//5191 2550//2518
f 541//541 2550//2518 5320//5192 2600//2568
f 542//542 2598//2566 5299//5171 2497//2465
f 542//542 2497//2465 5298//5170 2605//2573
f 542//542 2605//2573 5330//5202 2561//2529
f 542//542 2561//2529 5331//5203 2598//2566
f 543//543 2602//2570 5308//5180 2506//2474
f 543//543 2506//2474 5307//5179 2607//2575
f 543//543 2607//2575 5339//5211 2570//2538
f 543//543 2570//2538 5340//5212 2602//2570
f 544//544 2604//2572 5286//5158 2484//2452
f 544//544 2484//2452 5285//5157 2608//2576
f 544//544 2608//2576 5317//5189 2548//2516
f 544//544 2548//2516 5318//5190 2604//2572
f 545//545 2606//2574 5297//5169 2495//2463
f 545//545 2495//2463 5296//5168 2609//2577
f 545//545 2609//2577 5328//5200 2559//2527
f 545//545 2559//2527 5329//5201 2606//2574
f 546//546 2706//2674 5374//5246 2636//2604
f 546//546 2636//2604 5373//5245 2707//2675
f 546//546 2707//2675 5405//5277 2700//2668
f 546//546 2700//2668 5406//5278 2706//2674
f 547//547 2644//2612 5318//5190 2548//2516
f 547//547 2548//2516 5317//5189 2645//2613
f 547//547 2645//2613 5349//5221 2612//2580
f 547//547 2612//2580 5350//5222 2644//2612
f 548//548 2646//2614 5329//5201 2559//2527
f 548//548 2559//2527 5328//5200 2647//2615
f 548//548 2647//2615 5360//5232 2623//2591
f 548//548 2623//2591 5361//5233 2646//2614
f 549//549 2648//2616 5338//5210 2568//2536
f 549//549 2568//2536 5337//5209 2649//2617
f 549//549 2649//2617 5369//5241 2632//2600
f 549//549 2632//2600 5370//5242 2648//2616
f 550//550 2650//2618 5316//5188 2546//2514
f 550//550 2546//2514 5315//5187 2651//2619
f 550//550 2651//2619 5347//5219 2610//2578
f 550//550 2610//2578 5348//5220 2650//2618
f 551//551 2652//2620 5327//5199 2557//2525
f 551//551 2557//2525 5326//5198 2653//2621
f 551//551 2653//2621 5358//5230 2621//2589
f 551//551 2621//2589 5359//5231 2652//2620
f 552//552 2651//2619 5315//5187 2577//2545
f 552//552 2577//2545 5346//5218 2654//2622
f 552//552 2654//2622 5378//5250 2641//2609
f 552//552 2641//2609 5347//5219 2651//2619
f 553//553 2655//2623 5336//5208 2566//2534
f 553//553 2566//2534 5335//5207 2656//2624
f 553//553 2656//2624 5367//5239 2630//2598
f 553//553 2630//2598 5368//5240 2655//2623
f 554//554 2657//2625 5325//5197 2555//2523
f 554//554 2555//2523 5324//5196 2658//2626
f 554//554 2658//2626 5356//5228 2619//2587
f 554//554 2619//2587 5357//5229 2657//2625
f 555//555 2659//2627 5345//5217 2575//2543
f 555//555 2575//2543 5344//5216 2660//2628
f 555//555 2660//2628 5376//5248 2639//2607
f 555//555 2639//2607 5377//5249 2659//2627
f 556//556 2661//2629 5334//5206 2564//2532
f 556//556 2564//2532 5333//5205 2662//2630
f 556//556 2662//2630 5365//5237 2628//2596
f 556//556 2628//2596 5366//5238 2661//2629
f 557//557 2663//2631 5323//5195 2553//2521
f 557//557 2553//2521 5322//5194 2664//2632
f 557//557 2664//2632 5354//5226 2617//2585
f 557//557 2617//2585 5355//5227 2663//2631
f 558//558 2665//2633 5343//5215 2573//2541
f 558//558 2573//2541 5342//5214 2666//2634
f 558//558 2666//2634 5374//5246 2637//2605
f 558//558 2637//2605 5375//5247 2665//2633
f 559//559 2667//2635 5332//5204 2562//2530
f 559//559 2562//2530 5331//5203 2668//2636
f 559//559 2668//2636 5363//5235 2626//2594
f 559//559 2626//2594 5364//5236 2667//2635
f 560//560 2669//2637 5321//5193 2551//2519
f 560//560 2551//2519 5320//5192 2670//2638
f 560//560 2670//2638 5352//5224 2615//2583
f 560//560 2615//2583 5353//5225 2669//2637
f 561//561 2671//2639 5341//5213 2571//2539
f 561//561 2571//2539 5340//5212 2642//2610
f 561//561 2642//2610 5372//5244 2635//2603
f 561//561 2635//2603 5373//5245 2671//2639
f 562//562 2672//2640 5319//5191 2549//2517
f 562//562 2549//2517 5318//5190 2644//2612
f 562//562 2644//2612 5350//5222 2613//2581
f 562//562 2613//2581 5351//5223 2672//2640
f 563//563 2673//2641 5330//5202 2560//2528
f 563//563 2560//2528 5329//5201 2646//2614
f 563//563 2646//2614 5361//5233 2624//2592
f 563//563 2624//2592 5362//5234 2673//2641
f 564//564 2643//2611 5339//5211 2569//2537
f 564//564 2569//2537 5338//5210 2648//2616
f 564//564 2648//2616 5370//5242 2633//2601
f 564//564 2633//2601 5371//5243 2643//2611
f 565//565 2645//2613 5317//5189 2547//2515
f 565//565 2547//2515 5316//5188 2650//2618
f 565//565 2650//2618 5348//5220 2611//2579
f 565//565 2611//2579 5349//5221 2645//2613
f 566//566 2647//2615 5328//5200 2558//2526
f 566//566 2558//2526 5327//5199 2652//2620
f 566//566 2652//2620 5359//5231 2622//2590
f 566//566 2622//2590 5360//5232 2647//2615
f 567//567 2649//2617 5337//5209 2567//2535
f 567//567 2567//2535 5336//5208 2655//2623
f 567//567 2655//2623 5368//5240 2631//2599
f 567//567 2631//2599 5369//5241 2649//2617
f 568//568 2653//2621 5326//5198 2556//2524
f 568//568 2556//2524 5325//5197 2657//2625
f 568//568 2657//2625 5357//5229 2620//2588
f 568//568 2620//2588 5358//5230 2653//2621
f 569//569 2654//2622 5346//5218 2576//2544
f 569//569 2576//2544 5345//5217 2659//2627
f 569//569 2659//2627 5377//5249 2640//2608
f 569//569 2640//2608 5378//5250 2654//2622
f 570//570 2656//2624 5335//5207 2565//2533
f 570//570 2565//2533 5334//5206 2661//2629
f 570//570 2661//2629 5366//5238 2629//2597
f 570//570 2629//2597 5367//5239 2656//2624
f 571//571 2658//2626 5324//5196 2554//2522
f 571//571 2554//2522 5323//5195 2663//2631
f 571//571 2663//2631 5355//5227 2618//2586
f 571//571 2618//2586 5356//5228 2658//2626
f 572//572 2660//2628 5344//5216 2574//2542
f 572//572 2574//2542 5343//5215 2665//2633
f 572//572 2665//2633 5375//5247 2638//2606
f 572//572 2638//2606 5376//5248 2660//2628
f 573//573 2662//2630 5333//5205 2563//2531
f 573//573 2563//2531 5332//5204 2667//2635
f 573//573 2667//2635 5364//5236 2627//2595
f 573//573 2627//2595 5365//5237 2662//2630
f 574//574 2664//2632 5322//5194 2552//2520
f 574//574 2552//2520 5321//5193 2669//2637
f 574//574 2669//2637 5353//5225 2616//2584
f 574//574 2616//2584 5354//5226 2664//2632
f 575//575 2666//2634 5342//5214 2572//2540
f 575//575 2572//2540 5341//5213 2671//2639
f 575//575 2671//2639 5373//5245 2636//2604
f 575//575 2636//2604 5374//5246 2666//2634
f 576//576 2670//2638 5320//5192 2550//2518
f 576//576 2550//2518 5319//5191 2672//2640
f 576//576 2672//2640 5351//5223 2614//2582
f 576//576 2614//2582 5352//5224 2670//2638
f 577//577 2668//2636 5331//5203 2561//2529
f 577//577 2561//2529 5330//5202 2673//2641
f 577//577 2673//2641 5362//5234 2625//2593
f 577//577 2625//2593 5363//5235 2668//2636
f 578//578 2770//2738 5408//5280 2702//2670
f 578//578 2702//2670 5407//5279 2771//2739
f 578//578 2771//2739 5439//5311 2766//2734
f 578//578 2766//2734 5440//5312 2770//2738
f 579//579 2708//2676 5352//5224 2614//2582
f 579//579 2614//2582 5351//5223 2709//2677
f 579//579 2709//2677 5383//5255 2678//2646
f 579//579 2678//2646 5384//5256 2708//2676
f 580//580 2710//2678 5363//5235 2625//2593
f 580//580 2625//2593 5362//5234 2711//2679
f 580//580 2711//2679 5394//5266 2689//2657
f 580//580 2689//2657 5395//5267 2710//2678
f 581//581 2712//2680 5372//5244 2634//2602
f 581//581 2634//2602 5371//5243 2713//2681
f 581//581 2713//2681 5403//5275 2698//2666
f 581//581 2698//2666 5404//5276 2712//2680
f 582//582 2714//2682 5350//5222 2612//2580
f 582//582 2612//2580 5349//5221 2715//2683
f 582//582 2715//2683 5381//5253 2676//2644
f 582//582 2676//2644 5382//5254 2714//2682
f 583//583 2716//2684 5361//5233 2623//2591
f 583//583 2623//2591 5360//5232 2717//2685
f 583//583 2717//2685 5392//5264 2687//2655
f 583//583 2687//2655 5393//5265 2716//2684
f 584//584 2718//2686 5370//5242 2632//2600
f 584//584 2632//2600 5369//5241 2719//2687
f 584//584 2719//2687 5401//5273 2696//2664
f 584//584 2696//2664 5402//5274 2718//2686
f 585//585 2720//2688 5348//5220 2610//2578
f 585//585 2610//2578 5347//5219 2721//2689
f 585//585 2721//2689 5379//5251 2674//2642
f 585//585 2674//2642 5380//5252 2720//2688
f 586//586 2722//2690 5359//5231 2621//2589
f 586//586 2621//2589 5358//5230 2723//2691
f 586//586 2723//2691 5390//5262 2685//2653
f 586//586 2685//2653 5391//5263 2722//2690
f 587//587 2721//2689 5347//5219 2641//2609
f 587//587 2641//2609 5378//5250 2724//2692
f 587//587 2724//2692 5410//5282 2705//2673
f 587//587 2705//2673 5379//5251 2721//2689
f 588//588 2725//2693 5368//5240 2630//2598
f 588//588 2630//2598 5367//5239 2726//2694
f 588//588 2726//2694 5399//5271 2694//2662
f 588//588 2694//2662 5400//5272 2725//2693
f 589//589 2727//2695 5357//5229 2619//2587
f 589//589 2619//2587 5356//5228 2728//2696
f 589//589 2728//2696 5388//5260 2683//2651
f 589//589 2683//2651 5389//5261 2727//2695
f 590//590 2729//2697 5377//5249 2639//2607
f 590//590 2639//2607 5376//5248 2730//2698
f 590//590 2730//2698 5408//5280 2703//2671
f 590//590 2703//2671 5409//5281 2729//2697
f 591//591 2731//2699 5366//5238 2628//2596
f 591//591 2628//2596 5365//5237 2732//2700
f 591//591 2732//2700 5397//5269 2692//2660
f 591//591 2692//2660 5398//5270 2731//2699
f 592//592 2733//2701 5355//5227 2617//2585
f 592//592 2617//2585 5354//5226 2734//2702
f 592//592 2734//2702 5386//5258 2681//2649
f 592//592 2681//2649 5387//5259 2733//2701
f 593//593 2735//2703 5375//5247 2637//2605
f 593//593 2637//2605 5374//5246 2706//2674
f 593//593 2706//2674 5406//5278 2701//2669
f 593//593 2701//2669 5407//5279 2735//2703
f 594//594 2736//2704 5364//5236 2626//2594
f 594//594 2626//2594 5363//5235 2710//2678
f 594//594 2710//2678 5395//5267 2690//2658
f 594//594 2690//2658 5396//5268 2736//2704
f 595//595 2737//2705 5353//5225 2615//2583
f 595//595 2615//2583 5352//5224 2708//2676
f 595//595 2708//2676 5384//5256 2679//2647
f 595//595 2679//2647 5385//5257 2737//2705
f 596//596 2707//2675 5373//5245 2635//2603
f 596//596 2635//2603 5372//5244 2712//2680
f 596//596 2712//2680 5404//5276 2699//2667
f 596//596 2699//2667 5405//5277 2707//2675
f 597//597 2709//2677 5351//5223 2613//2581
f 597//597 2613//2581 5350//5222 2714//2682
f 597//597 2714//2682 5382//5254 2677//2645
f 597//597 2677//2645 5383//5255 2709//2677
f 598//598 2711//2679 5362//5234 2624//2592
f 598//598 2624//2592 5361//5233 2716//2684
f 598//598 2716//2684 5393//5265 2688//2656
f 598//598 2688//2656 5394//5266 2711//2679
f 599//599 2713//2681 5371//5243 2633//2601
f 599//599 2633//2601 5370//5242 2718//2686
f 599//599 2718//2686 5402//5274 2697//2665
f 599//599 2697//2665 5403//5275 2713//2681
f 600//600 2715//2683 5349//5221 2611//2579
f 600//600 2611//2579 5348//5220 2720//2688
f 600//600 2720//2688 5380//5252 2675//2643
f 600//600 2675//2643 5381//5253 2715//2683
f 601//601 2717//2685 5360//5232 2622//2590
f 601//601 2622//2590 5359//5231 2722//2690
f 601//601 2722//2690 5391//5263 2686//2654
f 601//601 2686//2654 5392//5264 2717//2685
f 602//602 2719//2687 5369//5241 2631//2599
f 602//602 2631//2599 5368//5240 2725//2693
f 602//602 2725//2693 5400//5272 2695//2663
f 602//602 2695//2663 5401//5273 2719//2687
f 603//603 2723//2691 5358//5230 2620//2588
f 603//603 2620//2588 5357//5229 2727//2695
f 603//603 2727//2695 5389//5261 2684//2652
f 603//603 2684//2652 5390//5262 2723//2691
f 604//604 2724//2692 5378//5250 2640//2608
f 604//604 2640//2608 5377//5249 2729//2697
f 604//604 2729//2697 5409//5281 2704//2672
f 604//604 2704//2672 5410//5282 2724//2692
f 605//605 2726//2694 5367//5239 2629//2597
f 605//605 2629//2597 5366//5238 2731//2699
f 605//605 2731//2699 5398//5270 2693//2661
f 605//605 2693//2661 5399//5271 2726//2694
f 606//606 2728//2696 5356//5228 2618//2586
f 606//606 2618//2586 5355//5227 2733//2701
f 606//606 2733//2701 5387//5259 2682//2650
f 606//606 2682//2650 5388//5260 2728//2696
f 607//607 2730//2698 5376//5248 2638//2606
f 607//607 2638//2606 5375//5247 2735//2703
f 607//607 2735//2703 5407//5279 2702//2670
f 607//607 2702//2670 5408//5280 2730//2698
f 608//608 2732//2700 5365//5237 2627//2595
f 608//608 2627//2595 5364//5236 2736//2704
f 608//608 2736//2704 5396//5268 2691//2659
f 608//608 2691//2659 5397//5269 2732//2700
f 609//609 2734//2702 5354//5226 2616//2584
f 609//609 2616//2584 5353//5225 2737//2705
f 609//609 2737//2705 5385//5257 2680//2648
f 609//609 2680//2648 5386//5258 2734//2702
f 610//610 2834//2802 5442//5314 2768//2736
f 610//610 2768//2736 5441//5313 2835//2803
f 610//610 2835//2803 5473//5345 2832//2800
f 610//610 2832//2800 5474//5346 2834//2802
f 611//611 2772//2740 5397//5269 2691//2659
f 611//611 2691//2659 5396//5268 2773//2741
f 611//611 2773//2741 5428//5300 2755//2723
f 611//611 2755//2723 5429//5301 2772//2740
f 612//612 2774//2742 5386//5258 2680//2648
f 612//612 2680//2648 5385//5257 2775//2743
f 612//612 2775//2743 5417//5289 2744//2712
f 612//612 2744//2712 5418//5290 2774//2742
f 613//613 2776//2744 5406//5278 2700//2668
f 613//613 2700//2668 5405//5277 2777//2745
f 613//613 2777//2745 5437//5309 2764//2732
f 613//613 2764//2732 5438//5310 2776//2744
f 614//614 2778//2746 5384//5256 2678//2646
f 614//614 2678//2646 5383//5255 2779//2747
f 614//614 2779//2747 5415//5287 2742//2710
f 614//614 2742//2710 5416//5288 2778//2746
f 615//615 2780//2748 5395//5267 2689//2657
f 615//615 2689//2657 5394//5266 2781//2749
f 615//615 2781//2749 5426//5298 2753//2721
f 615//615 2753//2721 5427//5299 2780//2748
f 616//616 2782//2750 5404//5276 2698//2666
f 616//616 2698//2666 5403//5275 2783//2751
f 616//616 2783//2751 5435//5307 2762//2730
f 616//616 2762//2730 5436//5308 2782//2750
f 617//617 2784//2752 5382//5254 2676//2644
f 617//617 2676//2644 5381//5253 2785//2753
f 617//617 2785//2753 5413//5285 2740//2708
f 617//617 2740//2708 5414//5286 2784//2752
f 618//618 2786//2754 5393//5265 2687//2655
f 618//618 2687//2655 5392//5264 2787//2755
f 618//618 2787//2755 5424//5296 2751//2719
f 618//618 2751//2719 5425//5297 2786//2754
f 619//619 2788//2756 5402//5274 2696//2664
f 619//619 2696//2664 5401//5273 2789//2757
f 619//619 2789//2757 5433//5305 2760//2728
f 619//619 2760//2728 5434//5306 2788//2756
f 620//620 2790//2758 5380//5252 2674//2642
f 620//620 2674//2642 5379//5251 2791//2759
f 620//620 2791//2759 5411//5283 2738//2706
f 620//620 2738//2706 5412//5284 2790//2758
f 621//621 2792//2760 5391//5263 2685//2653
f 621//621 2685//2653 5390//5262 2793//2761
f 621//621 2793//2761 5422//5294 2749//2717
f 621//621 2749//2717 5423//5295 2792//2760
f 622//622 2791//2759 5379//5251 2705//2673
f 622//622 2705//2673 5410//5282 2794//2762
f 622//622 2794//2762 5442//5314 2769//2737
f 622//622 2769//2737 5411//5283 2791//2759
f 623//623 2795//2763 5400//5272 2694//2662
f 623//623 2694//2662 5399//5271 2796//2764
f 623//623 2796//2764 5431//5303 2758//2726
f 623//623 2758//2726 5432//5304 2795//2763
f 624//624 2797//2765 5389//5261 2683//2651
f 624//624 2683//2651 5388//5260 2798//2766
f 624//624 2798//2766 5420//5292 2747//2715
f 624//624 2747//2715 5421//5293 2797//2765
f 625//625 2799//2767 5409//5281 2703//2671
f 625//625 2703//2671 5408//5280 2770//2738
f 625//625 2770//2738 5440//5312 2767//2735
f 625//625 2767//2735 5441//5313 2799//2767
f 626//626 2800//2768 5398//5270 2692//2660
f 626//626 2692//2660 5397//5269 2772//2740
f 626//626 2772//2740 5429//5301 2756//2724
f 626//626 2756//2724 5430//5302 2800//2768
f 627//627 2801//2769 5387//5259 2681//2649
f 627//627 2681//2649 5386//5258 2774//2742
f 627//627 2774//2742 5418//5290 2745//2713
f 627//627 2745//2713 5419//5291 2801//2769
f 628//628 2771//2739 5407//5279 2701//2669
f 628//628 2701//2669 5406//5278 2776//2744
f 628//628 2776//2744 5438//5310 2765//2733
f 628//628 2765//2733 5439//5311 2771//2739
f 629//629 2773//2741 5396//5268 2690//2658
f 629//629 2690//2658 5395//5267 2780//2748
f 629//629 2780//2748 5427//5299 2754//2722
f 629//629 2754//2722 5428//5300 2773//2741
f 630//630 2775//2743 5385//5257 2679//2647
f 630//630 2679//2647 5384//5256 2778//2746
f 630//630 2778//2746 5416//5288 2743//2711
f 630//630 2743//2711 5417//5289 2775//2743
f 631//631 2777//2745 5405//5277 2699//2667
f 631//631 2699//2667 5404//5276 2782//2750
f 631//631 2782//2750 5436//5308 2763//2731
f 631//631 2763//2731 5437//5309 2777//2745
f 632//632 2779//2747 5383//5255 2677//2645
f 632//632 2677//2645 5382//5254 2784//2752
f 632//632 2784//2752 5414//5286 2741//2709
f 632//632 2741//2709 5415//5287 2779//2747
f 633//633 2781//2749 5394//5266 2688//2656
f 633//633 2688//2656 5393//5265 2786//2754
f 633//633 2786//2754 5425//5297 2752//2720
f 633//633 2752//2720 5426//5298 2781//2749
f 634//634 2783//2751 5403//5275 2697//2665
f 634//634 2697//2665 5402//5274 2788//2756
f 634//634 2788//2756 5434//5306 2761//2729
f 634//634 2761//2729 5435//5307 2783//2751
f 635//635 2785//2753 5381//5253 2675//2643
f 635//635 2675//2643 5380//5252 2790//2758
f 635//635 2790//2758 5412//5284 2739//2707
f 635//635 2739//2707 5413//5285 2785//2753
f 636//636 2787//2755 5392//5264 2686//2654
f 636//636 2686//2654 5391//5263 2792//2760
f 636//636 2792//2760 5423//5295 2750//2718
f 636//636 2750//2718 5424//5296 2787//2755
f 637//637 2789//2757 5401//5273 2695//2663
f 637//637 2695//2663 5400//5272 2795//2763
f 637//637 2795//2763 5432//5304 2759//2727
f 637//637 2759//2727 5433//5305 2789//2757
f 638//638 2793//2761 5390//5262 2684//2652
f 638//638 2684//2652 5389//5261 2797//2765
f 638//638 2797//2765 5421//5293 2748//2716
f 638//638 2748//2716 5422//5294 2793//2761
f 639//639 2794//2762 5410//5282 2704//2672
f 639//639 2704//2672 5409//5281 2799//2767
f 639//639 2799//2767 5441//5313 2768//2736
f 639//639 2768//2736 5442//5314 2794//2762
f 640//640 2796//2764 5399//5271 2693//2661
f 640//640 2693//2661 5398//5270 2800//2768
f 640//640 2800//2768 5430//5302 2757//2725
f 640//640 2757//2725 5431//5303 2796//2764
f 641//641 2798//2766 5388//5260 2682//2650
f 641//641 2682//2650 5387//5259 2801//2769
f 641//641 2801//2769 5419//5291 2746//2714
f 641//641 2746//2714 5420//5292 2798//2766
f 642//642 2898//2866 5465//5337 2823//2791
f 642//642 2823//2791 5464//5336 2899//2867
f 642//642 2899//2867 5496//5368 2887//2855
f 642//642 2887//2855 5497//5369 2898//2866
f 643//643 2836//2804 5431//5303 2757//2725
f 643//643 2757//2725 5430//5302 2837//2805
f 643//643 2837//2805 5462//5334 2821//2789
f 643//643 2821//2789 5463//5335 2836//2804
f 644//644 2838//2806 5420//5292 2746//2714
f 644//644 2746//2714 5419//5291 2839//2807
f 644//644 2839//2807 5451//5323 2810//2778
f 644//644 2810//2778 5452//5324 2838//2806
f 645//645 2840//2808 5440//5312 2766//2734
f 645//645 2766//2734 5439//5311 2841//2809
f 645//645 2841//2809 5471//5343 2830//2798
f 645//645 2830//2798 5472//5344 2840//2808
f 646//646 2842//2810 5429//5301 2755//2723
f 646//646 2755//2723 5428//5300 2843//2811
f 646//646 2843//2811 5460//5332 2819//2787
f 646//646 2819//2787 5461//5333 2842//2810
f 647//647 2844//2812 5418//5290 2744//2712
f 647//647 2744//2712 5417//5289 2845//2813
f 647//647 2845//2813 5449//5321 2808//2776
f 647//647 2808//2776 5450//5322 2844//2812
f 648//648 2846//2814 5438//5310 2764//2732
f 648//648 2764//2732 5437//5309 2847//2815
f 648//648 2847//2815 5469//5341 2828//2796
f 648//648 2828//2796 5470//5342 2846//2814
f 649//649 2848//2816 5416//5288 2742//2710
f 649//649 2742//2710 5415//5287 2849//2817
f 649//649 2849//2817 5447//5319 2806//2774
f 649//649 2806//2774 5448//5320 2848//2816
f 650//650 2850//2818 5427//5299 2753//2721
f 650//650 2753//2721 5426//5298 2851//2819
f 650//650 2851//2819 5458//5330 2817//2785
f 650//650 2817//2785 5459//5331 2850//2818
f 651//651 2852//2820 5436//5308 2762//2730
f 651//651 2762//2730 5435//5307 2853//2821
f 651//651 2853//2821 5467//5339 2826//2794
f 651//651 2826//2794 5468//5340 2852//2820
f 652//652 2854//2822 5414//5286 2740//2708
f 652//652 2740//2708 5413//5285 2855//2823
f 652//652 2855//2823 5445//5317 2804//2772
f 652//652 2804//2772 5446//5318 2854//2822
f 653//653 2856//2824 5425//5297 2751//2719
f 653//653 2751//2719 5424//5296 2857//2825
f 653//653 2857//2825 5456//5328 2815//2783
f 653//653 2815//2783 5457//5329 2856//2824
f 654//654 2858//2826 5434//5306 2760//2728
f 654//654 2760//2728 5433//5305 2859//2827
f 654//654 2859//2827 5465//5337 2824//2792
f 654//654 2824//2792 5466//5338 2858//2826
f 655//655 2860//2828 5412//5284 2738//2706
f 655//655 2738//2706 5411//5283 2861//2829
f 655//655 2861//2829 5443//5315 2802//2770
f 655//655 2802//2770 5444//5316 2860//2828
f 656//656 2862//2830 5423//5295 2749//2717
f 656//656 2749//2717 5422//5294 2863//2831
f 656//656 2863//2831 5454//5326 2813//2781
f 656//656 2813//2781 5455//5327 2862//2830
f 657//657 2861//2829 5411//5283 2769//2737
f 657//657 2769//2737 5442//5314 2834//2802
f 657//657 2834//2802 5474//5346 2833//2801
f 657//657 2833//2801 5443//5315 2861//2829
f 658//658 2864//2832 5432//5304 2758//2726
f 658//658 2758//2726 5431//5303 2836//2804
f 658//658 2836//2804 5463//5335 2822//2790
f 658//658 2822//2790 5464//5336 2864//2832
f 659//659 2865//2833 5421//5293 2747//2715
f 659//659 2747//2715 5420//5292 2838//2806
f 659//659 2838//2806 5452//5324 2811//2779
f 659//659 2811//2779 5453//5325 2865//2833
f 660//660 2835//2803 5441//5313 2767//2735
f 660//660 2767//2735 5440//5312 2840//2808
f 660//660 2840//2808 5472//5344 2831//2799
f 660//660 2831//2799 5473//5345 2835//2803
f 661//661 2837//2805 5430//5302 2756//2724
f 661//661 2756//2724 5429//5301 2842//2810
f 661//661 2842//2810 5461//5333 2820//2788
f 661//661 2820//2788 5462//5334 2837//2805
f 662//662 2839//2807 5419//5291 2745//2713
f 662//662 2745//2713 5418//5290 2844//2812
f 662//662 2844//2812 5450//5322 2809//2777
f 662//662 2809//2777 5451//5323 2839//2807
f 663//663 2841//2809 5439//5311 2765//2733
f 663//663 2765//2733 5438//5310 2846//2814
f 663//663 2846//2814 5470//5342 2829//2797
f 663//663 2829//2797 5471//5343 2841//2809
f 664//664 2843//2811 5428//5300 2754//2722
f 664//664 2754//2722 5427//5299 2850//2818
f 664//664 2850//2818 5459//5331 2818//2786
f 664//664 2818//2786 5460//5332 2843//2811
f 665//665 2845//2813 5417//5289 2743//2711
f 665//665 2743//2711 5416//5288 2848//2816
f 665//665 2848//2816 5448//5320 2807//2775
f 665//665 2807//2775 5449//5321 2845//2813
f 666//666 2847//2815 5437//5309 2763//2731
f 666//666 2763//2731 5436//5308 2852//2820
f 666//666 2852//2820 5468//5340 2827//2795
f 666//666 2827//2795 5469//5341 2847//2815
f 667//667 2849//2817 5415//5287 2741//2709
f 667//667 2741//2709 5414//5286 2854//2822
f 667//667 2854//2822 5446//5318 2805//2773
f 667//667 2805//2773 5447//5319 2849//2817
f 668//668 2851//2819 5426//5298 2752//2720
f 668//668 2752//2720 5425//5297 2856//2824
f 668//668 2856//2824 5457//5329 2816//2784
f 668//668 2816//2784 5458//5330 2851//2819
f 669//669 2853//2821 5435//5307 2761//2729
f 669//669 2761//2729 5434//5306 2858//2826
f 669//669 2858//2826 5466//5338 2825//2793
f 669//669 2825//2793 5467//5339 2853//2821
f 670//670 2855//2823 5413//5285 2739//2707
f 670//670 2739//2707 5412//5284 2860//2828
f 670//670 2860//2828 5444//5316 2803//2771
f 670//670 2803//2771 5445//5317 2855//2823
f 671//671 2857//2825 5424//5296 2750//2718
f 671//671 2750//2718 5423//5295 2862//2830
f 671//671 2862//2830 5455//5327 2814//2782
f 671//671 2814//2782 5456//5328 2857//2825
f 672//672 2859//2827 5433//5305 2759//2727
f 672//672 2759//2727 5432//5304 2864//2832
f 672//672 2864//2832 5464//5336 2823//2791
f 672//672 2823//2791 5465//5337 2859//2827
f 673//673 2863//2831 5422//5294 2748//2716
f 673//673 2748//2716 5421//5293 2865//2833
f 673//673 2865//2833 5453//5325 2812//2780
f 673//673 2812//2780 5454//5326 2863//2831
f 674//674 2962//2930 5499//5371 2889//2857
f 674//674 2889//2857 5498//5370 2963//2931
f 674//674 2963//2931 5530//5402 2953//2921
f 674//674 2953//2921 5531//5403 2962//2930
f 675//675 2900//2868 5454//5326 2812//2780
f 675//675 2812//2780 5453//5325 2901//2869
f 675//675 2901//2869 5485//5357 2876//2844
f 675//675 2876//2844 5486//5358 2900//2868
f 676//676 2902//2870 5474//5346 2832//2800
f 676//676 2832//2800 5473//5345 2903//2871
f 676//676 2903//2871 5505//5377 2896//2864
f 676//676 2896//2864 5506//5378 2902//2870
f 677//677 2904//2872 5463//5335 2821//2789
f 677//677 2821//2789 5462//5334 2905//2873
f 677//677 2905//2873 5494//5366 2885//2853
f 677//677 2885//2853 5495//5367 2904//2872
f 678//678 2906//2874 5452//5324 2810//2778
f 678//678 2810//2778 5451//5323 2907//2875
f 678//678 2907//2875 5483//5355 2874//2842
f 678//678 2874//2842 5484//5356 2906//2874
f 679//679 2908//2876 5472//5344 2830//2798
f 679//679 2830//2798 5471//5343 2909//2877
f 679//679 2909//2877 5503//5375 2894//2862
f 679//679 2894//2862 5504//5376 2908//2876
f 680//680 2910//2878 5461//5333 2819//2787
f 680//680 2819//2787 5460//5332 2911//2879
f 680//680 2911//2879 5492//5364 2883//2851
f 680//680 2883//2851 5493//5365 2910//2878
f 681//681 2912//2880 5450//5322 2808//2776
f 681//681 2808//2776 5449//5321 2913//2881
f 681//681 2913//2881 5481//5353 2872//2840
f 681//681 2872//2840 5482//5354 2912//2880
f 682//682 2914//2882 5470//5342 2828//2796
f 682//682 2828//2796 5469//5341 2915//2883
f 682//682 2915//2883 5501//5373 2892//2860
f 682//682 2892//2860 5502//5374 2914//2882
f 683//683 2916//2884 5448//5320 2806//2774
f 683//683 2806//2774 5447//5319 2917//2885
f 683//683 2917//2885 5479//5351 2870//2838
f 683//683 2870//2838 5480//5352 2916//2884
f 684//684 2918//2886 5459//5331 2817//2785
f 684//684 2817//2785 5458//5330 2919//2887
f 684//684 2919//2887 5490//5362 2881//2849
f 684//684 2881//2849 5491//5363 2918//2886
f 685//685 2920//2888 5468//5340 2826//2794
f 685//685 2826//2794 5467//5339 2921//2889
f 685//685 2921//2889 5499//5371 2890//2858
f 685//685 2890//2858 5500//5372 2920//2888
f 686//686 2922//2890 5446//5318 2804//2772
f 686//686 2804//2772 5445//5317 2923//2891
f 686//686 2923//2891 5477//5349 2868//2836
f 686//686 2868//2836 5478//5350 2922//2890
f 687//687 2924//2892 5457//5329 2815//2783
f 687//687 2815//2783 5456//5328 2925//2893
f 687//687 2925//2893 5488//5360 2879//2847
f 687//687 2879//2847 5489//5361 2924//2892
f 688//688 2926//2894 5466//5338 2824//2792
f 688//688 2824//2792 5465//5337 2898//2866
f 688//688 2898//2866 5497//5369 2888//2856
f 688//688 2888//2856 5498//5370 2926//2894
f 689//689 2927//2895 5444//5316 2802//2770
f 689//689 2802//2770 5443//5315 2928//2896
f 689//689 2928//2896 5475//5347 2866//2834
f 689//689 2866//2834 5476//5348 2927//2895
f 690//690 2929//2897 5455//5327 2813//2781
f 690//690 2813//2781 5454//5326 2900//2868
f 690//690 2900//2868 5486//5358 2877//2845
f 690//690 2877//2845 5487//5359 2929//2897
f 691//691 2928//2896 5443//5315 2833//2801
f 691//691 2833//2801 5474//5346 2902//2870
f 691//691 2902//2870 5506//5378 2897//2865
f 691//691 2897//2865 5475//5347 2928//2896
f 692//692 2899//2867 5464//5336 2822//2790
f 692//692 2822//2790 5463//5335 2904//2872
f 692//692 2904//2872 5495//5367 2886//2854
f 692//692 2886//2854 5496//5368 2899//2867
f 693//693 2901//2869 5453//5325 2811//2779
f 693//693 2811//2779 5452//5324 2906//2874
f 693//693 2906//2874 5484//5356 2875//2843
f 693//693 2875//2843 5485//5357 2901//2869
f 694//694 2903//2871 5473//5345 2831//2799
f 694//694 2831//2799 5472//5344 2908//2876
f 694//694 2908//2876 5504//5376 2895//2863
f 694//694 2895//2863 5505//5377 2903//2871
f 695//695 2905//2873 5462//5334 2820//2788
f 695//695 2820//2788 5461//5333 2910//2878
f 695//695 2910//2878 5493//5365 2884//2852
f 695//695 2884//2852 5494//5366 2905//2873
f 696//696 2907//2875 5451//5323 2809//2777
f 696//696 2809//2777 5450//5322 2912//2880
f 696//696 2912//2880 5482//5354 2873//2841
f 696//696 2873//2841 5483//5355 2907//2875
f 697//697 2909//2877 5471//5343 2829//2797
f 697//697 2829//2797 5470//5342 2914//2882
f 697//697 2914//2882 5502//5374 2893//2861
f 697//697 2893//2861 5503//5375 2909//2877
f 698//698 2911//2879 5460//5332 2818//2786
f 698//698 2818//2786 5459//5331 2918//2886
f 698//698 2918//2886 5491//5363 2882//2850
f 698//698 2882//2850 5492//5364 2911//2879
f 699//699 2913//2881 5449//5321 2807//2775
f 699//699 2807//2775 5448//5320 2916//2884
f 699//699 2916//2884 5480//5352 2871//2839
f 699//699 2871//2839 5481//5353 2913//2881
f 700//700 2915//2883 5469//5341 2827//2795
f 700//700 2827//2795 5468//5340 2920//2888
f 700//700 2920//2888 5500//5372 2891//2859
f 700//700 2891//2859 5501//5373 2915//2883
f 701//701 2917//2885 5447//5319 2805//2773
f 701//701 2805//2773 5446//5318 2922//2890
f 701//701 2922//2890 5478//5350 2869//2837
f 701//701 2869//2837 5479//5351 2917//2885
f 702//702 2919//2887 5458//5330 2816//2784
f 702//702 2816//2784 5457//5329 2924//2892
f 702//702 2924//2892 5489//5361 2880//2848
f 702//702 2880//2848 5490//5362 2919//2887
f 703//703 2921//2889 5467//5339 2825//2793
f 703//703 2825//2793 5466//5338 2926//2894
f 703//703 2926//2894 5498//5370 2889//2857
f 703//703 2889//2857 5499//5371 2921//2889
f 704//704 2923//2891 5445//5317 2803//2771
f 704//704 2803//2771 5444//5316 2927//2895
f 704//704 2927//2895 5476//5348 2867//2835
f 704//704 2867//2835 5477//5349 2923//2891
f 705//705 2925//2893 5456//5328 2814//2782
f 705//705 2814//2782 5455//5327 2929//2897
f 705//705 2929//2897 5487//5359 2878//2846
f 705//705 2878//2846 5488//5360 2925//2893
f 706//706 3026//2994 5533//5405 2955//2923
f 706//706 2955//2923 5532//5404 3027//2995
f 706//706 3027//2995 5564//5436 3019//2987
f 706//706 3019//2987 5565//5437 3026//2994
f 707//707 2964//2932 5477//5349 2867//2835
f 707//707 2867//2835 5476//5348 2965//2933
f 707//707 2965//2933 5508//5380 2931//2899
f 707//707 2931//2899 5509//5381 2964//2932
f 708//708 2966//2934 5488//5360 2878//2846
f 708//708 2878//2846 5487//5359 2967//2935
f 708//708 2967//2935 5519//5391 2942//2910
f 708//708 2942//2910 5520//5392 2966//2934
f 709//709 2968//2936 5497//5369 2887//2855
f 709//709 2887//2855 5496//5368 2969//2937
f 709//709 2969//2937 5528//5400 2951//2919
f 709//709 2951//2919 5529//5401 2968//2936
f 710//710 2970//2938 5486//5358 2876//2844
f 710//710 2876//2844 5485//5357 2971//2939
f 710//710 2971//2939 5517//5389 2940//2908
f 710//710 2940//2908 5518//5390 2970//2938
f 711//711 2972//2940 5506//5378 2896//2864
f 711//711 2896//2864 5505//5377 2973//2941
f 711//711 2973//2941 5537//5409 2960//2928
f 711//711 2960//2928 5538//5410 2972//2940
f 712//712 2974//2942 5495//5367 2885//2853
f 712//712 2885//2853 5494//5366 2975//2943
f 712//712 2975//2943 5526//5398 2949//2917
f 712//712 2949//2917 5527//5399 2974//2942
f 713//713 2976//2944 5484//5356 2874//2842
f 713//713 2874//2842 5483//5355 2977//2945
f 713//713 2977//2945 5515//5387 2938//2906
f 713//713 2938//2906 5516//5388 2976//2944
f 714//714 2978//2946 5504//5376 2894//2862
f 714//714 2894//2862 5503//5375 2979//2947
f 714//714 2979//2947 5535//5407 2958//2926
f 714//714 2958//2926 5536//5408 2978//2946
f 715//715 2980//2948 5493//5365 2883//2851
f 715//715 2883//2851 5492//5364 2981//2949
f 715//715 2981//2949 5524//5396 2947//2915
f 715//715 2947//2915 5525//5397 2980//2948
f 716//716 2982//2950 5482//5354 2872//2840
f 716//716 2872//2840 5481//5353 2983//2951
f 716//716 2983//2951 5513//5385 2936//2904
f 716//716 2936//2904 5514//5386 2982//2950
f 717//717 2984//2952 5502//5374 2892//2860
f 717//717 2892//2860 5501//5373 2985//2953
f 717//717 2985//2953 5533//5405 2956//2924
f 717//717 2956//2924 5534//5406 2984//2952
f 718//718 2986//2954 5480//5352 2870//2838
f 718//718 2870//2838 5479//5351 2987//2955
f 718//718 2987//2955 5511//5383 2934//2902
f 718//718 2934//2902 5512//5384 2986//2954
f 719//719 2988//2956 5491//5363 2881//2849
f 719//719 2881//2849 5490//5362 2989//2957
f 719//719 2989//2957 5522//5394 2945//2913
f 719//719 2945//2913 5523//5395 2988//2956
f 720//720 2990//2958 5500//5372 2890//2858
f 720//720 2890//2858 5499//5371 2962//2930
f 720//720 2962//2930 5531//5403 2954//2922
f 720//720 2954//2922 5532//5404 2990//2958
f 721//721 2991//2959 5478//5350 2868//2836
f 721//721 2868//2836 5477//5349 2964//2932
f 721//721 2964//2932 5509//5381 2932//2900
f 721//721 2932//2900 5510//5382 2991//2959
f 722//722 2992//2960 5489//5361 2879//2847
f 722//722 2879//2847 5488//5360 2966//2934
f 722//722 2966//2934 5520//5392 2943//2911
f 722//722 2943//2911 5521//5393 2992//2960
f 723//723 2963//2931 5498//5370 2888//2856
f 723//723 2888//2856 5497//5369 2968//2936
f 723//723 2968//2936 5529//5401 2952//2920
f 723//723 2952//2920 5530//5402 2963//2931
f 724//724 2965//2933 5476//5348 2866//2834
f 724//724 2866//2834 5475//5347 2993//2961
f 724//724 2993//2961 5507//5379 2930//2898
f 724//724 2930//2898 5508//5380 2965//2933
f 725//725 2967//2935 5487//5359 2877//2845
f 725//725 2877//2845 5486//5358 2970//2938
f 725//725 2970//2938 5518//5390 2941//2909
f 725//725 2941//2909 5519//5391 2967//2935
f 726//726 2993//2961 5475//5347 2897//2865
f 726//726 2897//2865 5506//5378 2972//2940
f 726//726 2972//2940 5538//5410 2961//2929
f 726//726 2961//2929 5507//5379 2993//2961
f 727//727 2969//2937 5496//5368 2886//2854
f 727//727 2886//2854 5495//5367 2974//2942
f 727//727 2974//2942 5527//5399 2950//2918
f 727//727 2950//2918 5528//5400 2969//2937
f 728//728 2971//2939 5485//5357 2875//2843
f 728//728 2875//2843 5484//5356 2976//2944
f 728//728 2976//2944 5516//5388 2939//2907
f 728//728 2939//2907 5517//5389 2971//2939
f 729//729 2973//2941 5505//5377 2895//2863
f 729//729 2895//2863 5504//5376 2978//2946
f 729//729 2978//2946 5536//5408 2959//2927
f 729//729 2959//2927 5537//5409 2973//2941
f 730//730 2975//2943 5494//5366 2884//2852
f 730//730 2884//2852 5493//5365 2980//2948
f 730//730 2980//2948 5525//5397 2948//2916
f 730//730 2948//2916 5526//5398 2975//2943
f 731//731 2977//2945 5483//5355 2873//2841
f 731//731 2873//2841 5482//5354 2982//2950
f 731//731 2982//2950 5514//5386 2937//2905
f 731//731 2937//2905 5515//5387 2977//2945
f 732//732 2979//2947 5503//5375 2893//2861
f 732//732 2893//2861 5502//5374 2984//2952
f 732//732 2984//2952 5534//5406 2957//2925
f 732//732 2957//2925 5535//5407 2979//2947
f 733//733 2981//2949 5492//5364 2882//2850
f 733//733 2882//2850 5491//5363 2988//2956
f 733//733 2988//2956 5523//5395 2946//2914
f 733//733 2946//2914 5524//5396 2981//2949
f 734//734 2983//2951 5481//5353 2871//2839
f 734//734 2871//2839 5480//5352 2986//2954
f 734//734 2986//2954 5512//5384 2935//2903
f 734//734 2935//2903 5513//5385 2983//2951
f 735//735 2985//2953 5501//5373 2891//2859
f 735//735 2891//2859 5500//5372 2990//2958
f 735//735 2990//2958 5532//5404 2955//2923
f 735//735 2955//2923 5533//5405 2985//2953
f 736//736 2987//2955 5479//5351 2869//2837
f 736//736 2869//2837 5478//5350 2991//2959
f 736//736 2991//2959 5510//5382 2933//2901
f 736//736 2933//2901 5511//5383 2987//2955
f 737//737 2989//2957 5490//5362 2880//2848
f 737//737 2880//2848 5489//5361 2992//2960
f 737//737 2992//2960 5521//5393 2944//2912
f 737//737 2944//2912 5522//5394 2989//2957
f 738//738 3090//3058 5567//5439 3021//2989
f 738//738 3021//2989 5566//5438 3091//3059
f 738//738 3091//3059 5598//5470 3085//3053
f 738//738 3085//3053 5599//5471 3090//3058
f 739//739 3028//2996 5511//5383 2933//2901
f 739//739 2933//2901 5510//5382 3029//2997
f 739//739 3029//2997 5542//5414 2997//2965
f 739//739 2997//2965 5543//5415 3028//2996
f 740//740 3030//2998 5522//5394 2944//2912
f 740//740 2944//2912 5521//5393 3031//2999
f 740//740 3031//2999 5553//5425 3008//2976
f 740//740 3008//2976 5554//5426 3030//2998
f 741//741 3032//3000 5531//5403 2953//2921
f 741//741 2953//2921 5530//5402 3033//3001
f 741//741 3033//3001 5562//5434 3017//2985
f 741//741 3017//2985 5563//5435 3032//3000
f 742//742 3034//3002 5509//5381 2931//2899
f 742//742 2931//2899 5508//5380 3035//3003
f 742//742 3035//3003 5540//5412 2995//2963
f 742//742 2995//2963 5541//5413 3034//3002
f 743//743 3036//3004 5520//5392 2942//2910
f 743//743 2942//2910 5519//5391 3037//3005
f 743//743 3037//3005 5551//5423 3006//2974
f 743//743 3006//2974 5552//5424 3036//3004
f 744//744 3038//3006 5529//5401 2951//2919
f 744//744 2951//2919 5528//5400 3039//3007
f 744//744 3039//3007 5560//5432 3015//2983
f 744//744 3015//2983 5561//5433 3038//3006
f 745//745 3040//3008 5518//5390 2940//2908
f 745//745 2940//2908 5517//5389 3041//3009
f 745//745 3041//3009 5549//5421 3004//2972
f 745//745 3004//2972 5550//5422 3040//3008
f 746//746 3042//3010 5538//5410 2960//2928
f 746//746 2960//2928 5537//5409 3043//3011
f 746//746 3043//3011 5569//5441 3024//2992
f 746//746 3024//2992 5570//5442 3042//3010
f 747//747 3044//3012 5527//5399 2949//2917
f 747//747 2949//2917 5526//5398 3045//3013
f 747//747 3045//3013 5558//5430 3013//2981
f 747//747 3013//2981 5559//5431 3044//3012
f 748//748 3046//3014 5516//5388 2938//2906
f 748//748 2938//2906 5515//5387 3047//3015
f 748//748 3047//3015 5547//5419 3002//2970
f 748//748 3002//2970 5548//5420 3046//3014
f 749//749 3048//3016 5536//5408 2958//2926
f 749//749 2958//2926 5535//5407 3049//3017
f 749//749 3049//3017 5567//5439 3022//2990
f 749//749 3022//2990 5568//5440 3048//3016
f 750//750 3050//3018 5525//5397 2947//2915
f 750//750 2947//2915 5524//5396 3051//3019
f 750//750 3051//3019 5556//5428 3011//2979
f 750//750 3011//2979 5557//5429 3050//3018
f 751//751 3052//3020 5514//5386 2936//2904
f 751//751 2936//2904 5513//5385 3053//3021
f 751//751 3053//3021 5545//5417 3000//2968
f 751//751 3000//2968 5546//5418 3052//3020
f 752//752 3054//3022 5534//5406 2956//2924
f 752//752 2956//2924 5533//5405 3026//2994
f 752//752 3026//2994 5565//5437 3020//2988
f 752//752 3020//2988 5566//5438 3054//3022
f 753//753 3055//3023 5512//5384 2934//2902
f 753//753 2934//2902 5511//5383 3028//2996
f 753//753 3028//2996 5543//5415 2998//2966
f 753//753 2998//2966 5544//5416 3055//3023
f 754//754 3056//3024 5523//5395 2945//2913
f 754//754 2945//2913 5522//5394 3030//2998
f 754//754 3030//2998 5554//5426 3009//2977
f 754//754 3009//2977 5555//5427 3056//3024
f 755//755 3027//2995 5532//5404 2954//2922
f 755//755 2954//2922 5531//5403 3032//3000
f 755//755 3032//3000 5563//5435 3018//2986
f 755//755 3018//2986 5564//5436 3027//2995
f 756//756 3029//2997 5510//5382 2932//2900
f 756//756 2932//2900 5509//5381 3034//3002
f 756//756 3034//3002 5541//5413 2996//2964
f 756//756 2996//2964 5542//5414 3029//2997
f 757//757 3031//2999 5521//5393 2943//2911
f 757//757 2943//2911 5520//5392 3036//3004
f 757//757 3036//3004 5552//5424 3007//2975
f 757//757 3007//2975 5553//5425 3031//2999
f 758//758 3033//3001 5530//5402 2952//2920
f 758//758 2952//2920 5529//5401 3038//3006
f 758//758 3038//3006 5561//5433 3016//2984
f 758//758 3016//2984 5562//5434 3033//3001
f 759//759 3035//3003 5508//5380 2930//2898
f 759//759 2930//2898 5507//5379 3057//3025
f 759//759 3057//3025 5539//5411 2994//2962
f 759//759 2994//2962 5540//5412 3035//3003
f 760//760 3037//3005 5519//5391 2941//2909
f 760//760 2941//2909 5518//5390 3040//3008
f 760//760 3040//3008 5550//5422 3005//2973
f 760//760 3005//2973 5551//5423 3037//3005
f 761//761 3057//3025 5507//5379 2961//2929
f 761//761 2961//2929 5538//5410 3042//3010
f 761//761 3042//3010 5570//5442 3025//2993
f 761//761 3025//2993 5539//5411 3057//3025
f 762//762 3039//3007 5528//5400 2950//2918
f 762//762 2950//2918 5527//5399 3044//3012
f 762//762 3044//3012 5559//5431 3014//2982
f 762//762 3014//2982 5560//5432 3039//3007
f 763//763 3041//3009 5517//5389 2939//2907
f 763//763 2939//2907 5516//5388 3046//3014
f 763//763 3046//3014 5548//5420 3003//2971
f 763//763 3003//2971 5549//5421 3041//3009
f 764//764 3043//3011 5537//5409 2959//2927
f 764//764 2959//2927 5536//5408 3048//3016
f 764//764 3048//3016 5568//5440 3023//2991
f 764//764 3023//2991 5569//5441 3043//3011
f 765//765 3045//3013 5526//5398 2948//2916
f 765//765 2948//2916 5525//5397 3050//3018
f 765//765 3050//3018 5557//5429 3012//2980
f 765//765 3012//2980 5558//5430 3045//3013
f 766//766 3047//3015 5515//5387 2937//2905
f 766//766 2937//2905 5514//5386 3052//3020
f 766//766 3052//3020 5546//5418 3001//2969
f 766//766 3001//2969 5547//5419 3047//3015
f 767//767 3049//3017 5535//5407 2957//2925
f 767//767 2957//2925 5534//5406 3054//3022
f 767//767 3054//3022 5566//5438 3021//2989
f 767//767 3021//2989 5567//5439 3049//3017
f 768//768 3051//3019 5524//5396 2946//2914
f 768//768 2946//2914 5523//5395 3056//3024
f 768//768 3056//3024 5555//5427 3010//2978
f 768//768 3010//2978 5556//5428 3051//3019
f 769//769 3053//3021 5513//5385 2935//2903
f 769//769 2935//2903 5512//5384 3055//3023
f 769//769 3055//3023 5544//5416 2999//2967
f 769//769 2999//2967 5545//5417 3053//3021
f 770//770 3154//3122 5601//5473 3087//3055
f 770//770 3087//3055 5600//5472 3155//3123
f 770//770 3155//3123 5632//5504 3151//3119
f 770//770 3151//3119 5633//5505 3154//3122
f 771//771 3092//3060 5556//5428 3010//2978
f 771//771 3010//2978 5555//5427 3093//3061
f 771//771 3093//3061 5587//5459 3074//3042
f 771//771 3074//3042 5588//5460 3092//3060
f 772//772 3094//3062 5545//5417 2999//2967
f 772//772 2999//2967 5544//5416 3095//3063
f 772//772 3095//3063 5576//5448 3063//3031
f 772//772 3063//3031 5577//5449 3094//3062
f 773//773 3096//3064 5565//5437 3019//2987
f 773//773 3019//2987 5564//5436 3097//3065
f 773//773 3097//3065 5596//5468 3083//3051
f 773//773 3083//3051 5597//5469 3096//3064
f 774//774 3098//3066 5543//5415 2997//2965
f 774//774 2997//2965 5542//5414 3099//3067
f 774//774 3099//3067 5574//5446 3061//3029
f 774//774 3061//3029 5575//5447 3098//3066
f 775//775 3100//3068 5554//5426 3008//2976
f 775//775 3008//2976 5553//5425 3101//3069
f 775//775 3101//3069 5585//5457 3072//3040
f 775//775 3072//3040 5586//5458 3100//3068
f 776//776 3102//3070 5563//5435 3017//2985
f 776//776 3017//2985 5562//5434 3103//3071
f 776//776 3103//3071 5594//5466 3081//3049
f 776//776 3081//3049 5595//5467 3102//3070
f 777//777 3104//3072 5541//5413 2995//2963
f 777//777 2995//2963 5540//5412 3105//3073
f 777//777 3105//3073 5572//5444 3059//3027
f 777//777 3059//3027 5573//5445 3104//3072
f 778//778 3106//3074 5552//5424 3006//2974
f 778//778 3006//2974 5551//5423 3107//3075
f 778//778 3107//3075 5583//5455 3070//3038
f 778//778 3070//3038 5584//5456 3106//3074
f 779//779 3108//3076 5561//5433 3015//2983
f 779//779 3015//2983 5560//5432 3109//3077
f 779//779 3109//3077 5592//5464 3079//3047
f 779//779 3079//3047 5593//5465 3108//3076
f 780//780 3110//3078 5550//5422 3004//2972
f 780//780 3004//2972 5549//5421 3111//3079
f 780//780 3111//3079 5581//5453 3068//3036
f 780//780 3068//3036 5582//5454 3110//3078
f 781//781 3112//3080 5570//5442 3024//2992
f 781//781 3024//2992 5569//5441 3113//3081
f 781//781 3113//3081 5601//5473 3088//3056
f 781//781 3088//3056 5602//5474 3112//3080
f 782//782 3114//3082 5559//5431 3013//2981
f 782//782 3013//2981 5558//5430 3115//3083
f 782//782 3115//3083 5590//5462 3077//3045
f 782//782 3077//3045 5591//5463 3114//3082
f 783//783 3116//3084 5548//5420 3002//2970
f 783//783 3002//2970 5547//5419 3117//3085
f 783//783 3117//3085 5579//5451 3066//3034
f 783//783 3066//3034 5580//5452 3116//3084
f 784//784 3118//3086 5568//5440 3022//2990
f 784//784 3022//2990 5567//5439 3090//3058
f 784//784 3090//3058 5599//5471 3086//3054
f 784//784 3086//3054 5600//5472 3118//3086
f 785//785 3119//3087 5557//5429 3011//2979
f 785//785 3011//2979 5556//5428 3092//3060
f 785//785 3092//3060 5588//5460 3075//3043
f 785//785 3075//3043 5589//5461 3119//3087
f 786//786 3120//3088 5546//5418 3000//2968
f 786//786 3000//2968 5545//5417 3094//3062
f 786//786 3094//3062 5577//5449 3064//3032
f 786//786 3064//3032 5578//5450 3120//3088
f 787//787 3091//3059 5566//5438 3020//2988
f 787//787 3020//2988 5565//5437 3096//3064
f 787//787 3096//3064 5597//5469 3084//3052
f 787//787 3084//3052 5598//5470 3091//3059
f 788//788 3095//3063 5544//5416 2998//2966
f 788//788 2998//2966 5543//5415 3098//3066
f 788//788 3098//3066 5575//5447 3062//3030
f 788//788 3062//3030 5576//5448 3095//3063
f 789//789 3093//3061 5555//5427 3009//2977
f 789//789 3009//2977 5554//5426 3100//3068
f 789//789 3100//3068 5586//5458 3073//3041
f 789//789 3073//3041 5587//5459 3093//3061
f 790//790 3097//3065 5564//5436 3018//2986
f 790//790 3018//2986 5563//5435 3102//3070
f 790//790 3102//3070 5595//5467 3082//3050
f 790//790 3082//3050 5596//5468 3097//3065
f 791//791 3099//3067 5542//5414 2996//2964
f 791//791 2996//2964 5541//5413 3104//3072
f 791//791 3104//3072 5573//5445 3060//3028
f 791//791 3060//3028 5574//5446 3099//3067
f 792//792 3101//3069 5553//5425 3007//2975
f 792//792 3007//2975 5552//5424 3106//3074
f 792//792 3106//3074 5584//5456 3071//3039
f 792//792 3071//3039 5585//5457 3101//3069
f 793//793 3103//3071 5562//5434 3016//2984
f 793//793 3016//2984 5561//5433 3108//3076
f 793//793 3108//3076 5593//5465 3080//3048
f 793//793 3080//3048 5594//5466 3103//3071
f 794//794 3105//3073 5540//5412 2994//2962
f 794//794 2994//2962 5539//5411 3121//3089
f 794//794 3121//3089 5571//5443 3058//3026
f 794//794 3058//3026 5572//5444 3105//3073
f 795//795 3107//3075 5551//5423 3005//2973
f 795//795 3005//2973 5550//5422 3110//3078
f 795//795 3110//3078 5582//5454 3069//3037
f 795//795 3069//3037 5583//5455 3107//3075
f 796//796 3121//3089 5539//5411 3025//2993
f 796//796 3025//2993 5570//5442 3112//3080
f 796//796 3112//3080 5602//5474 3089//3057
f 796//796 3089//3057 5571//5443 3121//3089
f 797//797 3109//3077 5560//5432 3014//2982
f 797//797 3014//2982 5559//5431 3114//3082
f 797//797 3114//3082 5591//5463 3078//3046
f 797//797 3078//3046 5592//5464 3109//3077
f 798//798 3111//3079 5549//5421 3003//2971
f 798//798 3003//2971 5548//5420 3116//3084
f 798//798 3116//3084 5580//5452 3067//3035
f 798//798 3067//3035 5581//5453 3111//3079
f 799//799 3113//3081 5569//5441 3023//2991
f 799//799 3023//2991 5568//5440 3118//3086
f 799//799 3118//3086 5600//5472 3087//3055
f 799//799 3087//3055 5601//5473 3113//3081
f 800//800 3115//3083 5558//5430 3012//2980
f 800//800 3012//2980 5557//5429 3119//3087
f 800//800 3119//3087 5589//5461 3076//3044
f 800//800 3076//3044 5590//5462 3115//3083
f 801//801 3117//3085 5547//5419 3001//2969
f 801//801 3001//2969 5546//5418 3120//3088
f 801//801 3120//3088 5578//5450 3065//3033
f 801//801 3065//3033 5579//5451 3117//3085
f 802//802 3218//3186 5632//5504 3150//3118
f 802//802 3150//3118 5631//5503 3219//3187
f 802//802 3219//3187 5663//5535 3214//3182
f 802//802 3214//3182 5664//5536 3218//3186
f 803//803 3156//3124 5590//5462 3076//3044
f 803//803 3076//3044 5589//5461 3157//3125
f 803//803 3157//3125 5621//5493 3140//3108
f 803//803 3140//3108 5622//5494 3156//3124
f 804//804 3158//3126 5579//5451 3065//3033
f 804//804 3065//3033 5578//5450 3159//3127
f 804//804 3159//3127 5610//5482 3129//3097
f 804//804 3129//3097 5611//5483 3158//3126
f 805//805 3160//3128 5599//5471 3085//3053
f 805//805 3085//3053 5598//5470 3161//3129
f 805//805 3161//3129 5630//5502 3149//3117
f 805//805 3149//3117 5631//5503 3160//3128
f 806//806 3162//3130 5588//5460 3074//3042
f 806//806 3074//3042 5587//5459 3163//3131
f 806//806 3163//3131 5619//5491 3138//3106
f 806//806 3138//3106 5620//5492 3162//3130
f 807//807 3164//3132 5577//5449 3063//3031
f 807//807 3063//3031 5576//5448 3165//3133
f 807//807 3165//3133 5608//5480 3127//3095
f 807//807 3127//3095 5609//5481 3164//3132
f 808//808 3166//3134 5597//5469 3083//3051
f 808//808 3083//3051 5596//5468 3167//3135
f 808//808 3167//3135 5628//5500 3147//3115
f 808//808 3147//3115 5629//5501 3166//3134
f 809//809 3168//3136 5575//5447 3061//3029
f 809//809 3061//3029 5574//5446 3169//3137
f 809//809 3169//3137 5606//5478 3125//3093
f 809//809 3125//3093 5607//5479 3168//3136
f 810//810 3170//3138 5586//5458 3072//3040
f 810//810 3072//3040 5585//5457 3171//3139
f 810//810 3171//3139 5617//5489 3136//3104
f 810//810 3136//3104 5618//5490 3170//3138
f 811//811 3172//3140 5595//5467 3081//3049
f 811//811 3081//3049 5594//5466 3173//3141
f 811//811 3173//3141 5626//5498 3145//3113
f 811//811 3145//3113 5627//5499 3172//3140
f 812//812 3174//3142 5573//5445 3059//3027
f 812//812 3059//3027 5572//5444 3175//3143
f 812//812 3175//3143 5604//5476 3123//3091
f 812//812 3123//3091 5605//5477 3174//3142
f 813//813 3176//3144 5584//5456 3070//3038
f 813//813 3070//3038 5583//5455 3177//3145
f 813//813 3177//3145 5615//5487 3134//3102
f 813//813 3134//3102 5616//5488 3176//3144
f 814//814 3178//3146 5593//5465 3079//3047
f 814//814 3079//3047 5592//5464 3179//3147
f 814//814 3179//3147 5624//5496 3143//3111
f 814//814 3143//3111 5625//5497 3178//3146
f 815//815 3180//3148 5582//5454 3068//3036
f 815//815 3068//3036 5581//5453 3181//3149
f 815//815 3181//3149 5613//5485 3132//3100
f 815//815 3132//3100 5614//5486 3180//3148
f 816//816 3182//3150 5602//5474 3088//3056
f 816//816 3088//3056 5601//5473 3154//3122
f 816//816 3154//3122 5633//5505 3152//3120
f 816//816 3152//3120 5634//5506 3182//3150
f 817//817 3183//3151 5591//5463 3077//3045
f 817//817 3077//3045 5590//5462 3156//3124
f 817//817 3156//3124 5622//5494 3141//3109
f 817//817 3141//3109 5623//5495 3183//3151
f 818//818 3184//3152 5580//5452 3066//3034
f 818//818 3066//3034 5579//5451 3158//3126
f 818//818 3158//3126 5611//5483 3130//3098
f 818//818 3130//3098 5612//5484 3184//3152
f 819//819 3155//3123 5600//5472 3086//3054
f 819//819 3086//3054 5599//5471 3160//3128
f 819//819 3160//3128 5631//5503 3150//3118
f 819//819 3150//3118 5632//5504 3155//3123
f 820//820 3157//3125 5589//5461 3075//3043
f 820//820 3075//3043 5588//5460 3162//3130
f 820//820 3162//3130 5620//5492 3139//3107
f 820//820 3139//3107 5621//5493 3157//3125
f 821//821 3159//3127 5578//5450 3064//3032
f 821//821 3064//3032 5577//5449 3164//3132
f 821//821 3164//3132 5609//5481 3128//3096
f 821//821 3128//3096 5610//5482 3159//3127
f 822//822 3161//3129 5598//5470 3084//3052
f 822//822 3084//3052 5597//5469 3166//3134
f 822//822 3166//3134 5629//5501 3148//3116
f 822//822 3148//3116 5630//5502 3161//3129
f 823//823 3165//3133 5576//5448 3062//3030
f 823//823 3062//3030 5575//5447 3168//3136
f 823//823 3168//3136 5607//5479 3126//3094
f 823//823 3126//3094 5608//5480 3165//3133
f 824//824 3163//3131 5587//5459 3073//3041
f 824//824 3073//3041 5586//5458 3170//3138
f 824//824 3170//3138 5618//5490 3137//3105
f 824//824 3137//3105 5619//5491 3163//3131
f 825//825 3167//3135 5596//5468 3082//3050
f 825//825 3082//3050 5595//5467 3172//3140
f 825//825 3172//3140 5627//5499 3146//3114
f 825//825 3146//3114 5628//5500 3167//3135
f 826//826 3169//3137 5574//5446 3060//3028
f 826//826 3060//3028 5573//5445 3174//3142
f 826//826 3174//3142 5605//5477 3124//3092
f 826//826 3124//3092 5606//5478 3169//3137
f 827//827 3171//3139 5585//5457 3071//3039
f 827//827 3071//3039 5584//5456 3176//3144
f 827//827 3176//3144 5616//5488 3135//3103
f 827//827 3135//3103 5617//5489 3171//3139
f 828//828 3173//3141 5594//5466 3080//3048
f 828//828 3080//3048 5593//5465 3178//3146
f 828//828 3178//3146 5625//5497 3144//3112
f 828//828 3144//3112 5626//5498 3173//3141
f 829//829 3175//3143 5572//5444 3058//3026
f 829//829 3058//3026 5571//5443 3185//3153
f 829//829 3185//3153 5603//5475 3122//3090
f 829//829 3122//3090 5604//5476 3175//3143
f 830//830 3177//3145 5583//5455 3069//3037
f 830//830 3069//3037 5582//5454 3180//3148
f 830//830 3180//3148 5614//5486 3133//3101
f 830//830 3133//3101 5615//5487 3177//3145
f 831//831 3185//3153 5571//5443 3089//3057
f 831//831 3089//3057 5602//5474 3182//3150
f 831//831 3182//3150 5634//5506 3153//3121
f 831//831 3153//3121 5603//5475 3185//3153
f 832//832 3179//3147 5592//5464 3078//3046
f 832//832 3078//3046 5591//5463 3183//3151
f 832//832 3183//3151 5623//5495 3142//3110
f 832//832 3142//3110 5624//5496 3179//3147
f 833//833 3181//3149 5581//5453 3067//3035
f 833//833 3067//3035 5580//5452 3184//3152
f 833//833 3184//3152 5612//5484 3131//3099
f 833//833 3131//3099 5613//5485 3181//3149
f 834//834 3282//3250 5666//5538 3216//3184
f 834//834 3216//3184 5665//5537 3283//3251
f 834//834 3283//3251 5697//5569 3280//3248
f 834//834 3280//3248 5698//5570 3282//3250
f 835//835 3220//3188 5621//5493 3139//3107
f 835//835 3139//3107 5620//5492 3221//3189
f 835//835 3221//3189 5652//5524 3203//3171
f 835//835 3203//3171 5653//5525 3220//3188
f 836//836 3222//3190 5610//5482 3128//3096
f 836//836 3128//3096 5609//5481 3223//3191
f 836//836 3223//3191 5641//5513 3192//3160
f 836//836 3192//3160 5642//5514 3222//3190
f 837//837 3224//3192 5630//5502 3148//3116
f 837//837 3148//3116 5629//5501 3225//3193
f 837//837 3225//3193 5661//5533 3212//3180
f 837//837 3212//3180 5662//5534 3224//3192
f 838//838 3226//3194 5619//5491 3137//3105
f 838//838 3137//3105 5618//5490 3227//3195
f 838//838 3227//3195 5650//5522 3201//3169
f 838//838 3201//3169 5651//5523 3226//3194
f 839//839 3228//3196 5628//5500 3146//3114
f 839//839 3146//3114 5627//5499 3229//3197
f 839//839 3229//3197 5659//5531 3210//3178
f 839//839 3210//3178 5660//5532 3228//3196
f 840//840 3230//3198 5617//5489 3135//3103
f 840//840 3135//3103 5616//5488 3231//3199
f 840//840 3231//3199 5648//5520 3199//3167
f 840//840 3199//3167 5649//5521 3230//3198
f 841//841 3223//3191 5609//5481 3127//3095
f 841//841 3127//3095 5608//5480 3232//3200
f 841//841 3232//3200 5640//5512 3191//3159
f 841//841 3191//3159 5641//5513 3223//3191
f 842//842 3233//3201 5626//5498 3144//3112
f 842//842 3144//3112 5625//5497 3234//3202
f 842//842 3234//3202 5657//5529 3208//3176
f 842//842 3208//3176 5658//5530 3233//3201
f 843//843 3235//3203 5615//5487 3133//3101
f 843//843 3133//3101 5614//5486 3236//3204
f 843//843 3236//3204 5646//5518 3197//3165
f 843//843 3197//3165 5647//5519 3235//3203
f 844//844 3237//3205 5607//5479 3125//3093
f 844//844 3125//3093 5606//5478 3238//3206
f 844//844 3238//3206 5638//5510 3189//3157
f 844//844 3189//3157 5639//5511 3237//3205
f 845//845 3239//3207 5603//5475 3153//3121
f 845//845 3153//3121 5634//5506 3240//3208
f 845//845 3240//3208 5666//5538 3217//3185
f 845//845 3217//3185 5635//5507 3239//3207
f 846//846 3241//3209 5624//5496 3142//3110
f 846//846 3142//3110 5623//5495 3242//3210
f 846//846 3242//3210 5655//5527 3206//3174
f 846//846 3206//3174 5656//5528 3241//3209
f 847//847 3243//3211 5613//5485 3131//3099
f 847//847 3131//3099 5612//5484 3244//3212
f 847//847 3244//3212 5644//5516 3195//3163
f 847//847 3195//3163 5645//5517 3243//3211
f 848//848 3245//3213 5605//5477 3123//3091
f 848//848 3123//3091 5604//5476 3246//3214
f 848//848 3246//3214 5636//5508 3187//3155
f 848//848 3187//3155 5637//5509 3245//3213
f 849//849 3247//3215 5633//5505 3151//3119
f 849//849 3151//3119 5632//5504 3218//3186
f 849//849 3218//3186 5664//5536 3215//3183
f 849//849 3215//3183 5665//5537 3247//3215
f 850//850 3248//3216 5622//5494 3140//3108
f 850//850 3140//3108 5621//5493 3220//3188
f 850//850 3220//3188 5653//5525 3204//3172
f 850//850 3204//3172 5654//5526 3248//3216
f 851//851 3249//3217 5611//5483 3129//3097
f 851//851 3129//3097 5610//5482 3222//3190
f 851//851 3222//3190 5642//5514 3193//3161
f 851//851 3193//3161 5643//5515 3249//3217
f 852//852 3219//3187 5631//5503 3149//3117
f 852//852 3149//3117 5630//5502 3224//3192
f 852//852 3224//3192 5662//5534 3213//3181
f 852//852 3213//3181 5663//5535 3219//3187
f 853//853 3221//3189 5620//5492 3138//3106
f 853//853 3138//3106 5619//5491 3226//3194
f 853//853 3226//3194 5651//5523 3202//3170
f 853//853 3202//3170 5652//5524 3221//3189
f 854//854 3225//3193 5629//5501 3147//3115
f 854//854 3147//3115 5628//5500 3228//3196
f 854//854 3228//3196 5660//5532 3211//3179
f 854//854 3211//3179 5661//5533 3225//3193
f 855//855 3227//3195 5618//5490 3136//3104
f 855//855 3136//3104 5617//5489 3230//3198
f 855//855 3230//3198 5649//5521 3200//3168
f 855//855 3200//3168 5650//5522 3227//3195
f 856//856 3229//3197 5627//5499 3145//3113
f 856//856 3145//3113 5626//5498 3233//3201
f 856//856 3233//3201 5658//5530 3209//3177
f 856//856 3209//3177 5659//5531 3229//3197
f 857//857 3231//3199 5616//5488 3134//3102
f 857//857 3134//3102 5615//5487 3235//3203
f 857//857 3235//3203 5647//5519 3198//3166
f 857//857 3198//3166 5648//5520 3231//3199
f 858//858 3232//3200 5608//5480 3126//3094
f 858//858 3126//3094 5607//5479 3237//3205
f 858//858 3237//3205 5639//5511 3190//3158
f 858//858 3190//3158 5640//5512 3232//3200
f 859//859 3234//3202 5625//5497 3143//3111
f 859//859 3143//3111 5624//5496 3241//3209
f 859//859 3241//3209 5656//5528 3207//3175
f 859//859 3207//3175 5657//5529 3234//3202
f 860//860 3236//3204 5614//5486 3132//3100
f 860//860 3132//3100 5613//5485 3243//3211
f 860//860 3243//3211 5645//5517 3196//3164
f 860//860 3196//3164 5646//5518 3236//3204
f 861//861 3238//3206 5606//5478 3124//3092
f 861//861 3124//3092 5605//5477 3245//3213
f 861//861 3245//3213 5637//5509 3188//3156
f 861//861 3188//3156 5638//5510 3238//3206
f 862//862 3240//3208 5634//5506 3152//3120
f 862//862 3152//3120 5633//5505 3247//3215
f 862//862 3247//3215 5665//5537 3216//3184
f 862//862 3216//3184 5666//5538 3240//3208
f 863//863 3242//3210 5623//5495 3141//3109
f 863//863 3141//3109 5622//5494 3248//3216
f 863//863 3248//3216 5654//5526 3205//3173
f 863//863 3205//3173 5655//5527 3242//3210
f 864//864 3244//3212 5612//5484 3130//3098
f 864//864 3130//3098 5611//5483 3249//3217
f 864//864 3249//3217 5643//5515 3194//3162
f 864//864 3194//3162 5644//5516 3244//3212
f 865//865 3246//3214 5604//5476 3122//3090
f 865//865 3122//3090 5603//5475 3239//3207
f 865//865 3239//3207 5635//5507 3186//3154
f 865//865 3186//3154 5636//5508 3246//3214
f 866//866 3346//3314 5689//5561 3271//3239
f 866//866 3271//3239 5688//5560 3347//3315
f 866//866 3347//3315 5720//5592 3335//3303
f 866//866 3335//3303 5721//5593 3346//3314
f 867//867 3284//3252 5655//5527 3205//3173
f 867//867 3205//3173 5654//5526 3285//3253
f 867//867 3285//3253 5686//5558 3269//3237
f 867//867 3269//3237 5687//5559 3284//3252
f 868//868 3286//3254 5644//5516 3194//3162
f 868//868 3194//3162 5643//5515 3287//3255
f 868//868 3287//3255 5675//5547 3258//3226
f 868//868 3258//3226 5676//5548 3286//3254
f 869//869 3288//3256 5664//5536 3214//3182
f 869//869 3214//3182 5663//5535 3289//3257
f 869//869 3289//3257 5695//5567 3278//3246
f 869//869 3278//3246 5696//5568 3288//3256
f 870//870 3290//3258 5653//5525 3203//3171
f 870//870 3203//3171 5652//5524 3291//3259
f 870//870 3291//3259 5684//5556 3267//3235
f 870//870 3267//3235 5685//5557 3290//3258
f 871//871 3292//3260 5642//5514 3192//3160
f 871//871 3192//3160 5641//5513 3293//3261
f 871//871 3293//3261 5673//5545 3256//3224
f 871//871 3256//3224 5674//5546 3292//3260
f 872//872 3294//3262 5662//5534 3212//3180
f 872//872 3212//3180 5661//5533 3295//3263
f 872//872 3295//3263 5693//5565 3276//3244
f 872//872 3276//3244 5694//5566 3294//3262
f 873//873 3296//3264 5640//5512 3190//3158
f 873//873 3190//3158 5639//5511 3297//3265
f 873//873 3297//3265 5671//5543 3254//3222
f 873//873 3254//3222 5672//5544 3296//3264
f 874//874 3298//3266 5651//5523 3201//3169
f 874//874 3201//3169 5650//5522 3299//3267
f 874//874 3299//3267 5682//5554 3265//3233
f 874//874 3265//3233 5683//5555 3298//3266
f 875//875 3300//3268 5660//5532 3210//3178
f 875//875 3210//3178 5659//5531 3301//3269
f 875//875 3301//3269 5691//5563 3274//3242
f 875//875 3274//3242 5692//5564 3300//3268
f 876//876 3302//3270 5638//5510 3188//3156
f 876//876 3188//3156 5637//5509 3303//3271
f 876//876 3303//3271 5669//5541 3252//3220
f 876//876 3252//3220 5670//5542 3302//3270
f 877//877 3304//3272 5649//5521 3199//3167
f 877//877 3199//3167 5648//5520 3305//3273
f 877//877 3305//3273 5680//5552 3263//3231
f 877//877 3263//3231 5681//5553 3304//3272
f 878//878 3306//3274 5658//5530 3208//3176
f 878//878 3208//3176 5657//5529 3307//3275
f 878//878 3307//3275 5689//5561 3272//3240
f 878//878 3272//3240 5690//5562 3306//3274
f 879//879 3308//3276 5636//5508 3186//3154
f 879//879 3186//3154 5635//5507 3309//3277
f 879//879 3309//3277 5667//5539 3250//3218
f 879//879 3250//3218 5668//5540 3308//3276
f 880//880 3310//3278 5647//5519 3197//3165
f 880//880 3197//3165 5646//5518 3311//3279
f 880//880 3311//3279 5678//5550 3261//3229
f 880//880 3261//3229 5679//5551 3310//3278
f 881//881 3309//3277 5635//5507 3217//3185
f 881//881 3217//3185 5666//5538 3282//3250
f 881//881 3282//3250 5698//5570 3281//3249
f 881//881 3281//3249 5667//5539 3309//3277
f 882//882 3312//3280 5656//5528 3206//3174
f 882//882 3206//3174 5655//5527 3284//3252
f 882//882 3284//3252 5687//5559 3270//3238
f 882//882 3270//3238 5688//5560 3312//3280
f 883//883 3313//3281 5645//5517 3195//3163
f 883//883 3195//3163 5644//5516 3286//3254
f 883//883 3286//3254 5676//5548 3259//3227
f 883//883 3259//3227 5677//5549 3313//3281
f 884//884 3283//3251 5665//5537 3215//3183
f 884//884 3215//3183 5664//5536 3288//3256
f 884//884 3288//3256 5696//5568 3279//3247
f 884//884 3279//3247 5697//5569 3283//3251
f 885//885 3285//3253 5654//5526 3204//3172
f 885//885 3204//3172 5653//5525 3290//3258
f 885//885 3290//3258 5685//5557 3268//3236
f 885//885 3268//3236 5686//5558 3285//3253
f 886//886 3287//3255 5643//5515 3193//3161
f 886//886 3193//3161 5642//5514 3292//3260
f 886//886 3292//3260 5674//5546 3257//3225
f 886//886 3257//3225 5675//5547 3287//3255
f 887//887 3289//3257 5663//5535 3213//3181
f 887//887 3213//3181 5662//5534 3294//3262
f 887//887 3294//3262 5694//5566 3277//3245
f 887//887 3277//3245 5695//5567 3289//3257
f 888//888 3291//3259 5652//5524 3202//3170
f 888//888 3202//3170 5651//5523 3298//3266
f 888//888 3298//3266 5683//5555 3266//3234
f 888//888 3266//3234 5684//5556 3291//3259
f 889//889 3293//3261 5641//5513 3191//3159
f 889//889 3191//3159 5640//5512 3296//3264
f 889//889 3296//3264 5672//5544 3255//3223
f 889//889 3255//3223 5673//5545 3293//3261
f 890//890 3295//3263 5661//5533 3211//3179
f 890//890 3211//3179 5660//5532 3300//3268
f 890//890 3300//3268 5692//5564 3275//3243
f 890//890 3275//3243 5693//5565 3295//3263
f 891//891 3297//3265 5639//5511 3189//3157
f 891//891 3189//3157 5638//5510 3302//3270
f 891//891 3302//3270 5670//5542 3253//3221
f 891//891 3253//3221 5671//5543 3297//3265
f 892//892 3299//3267 5650//5522 3200//3168
f 892//892 3200//3168 5649//5521 3304//3272
f 892//892 3304//3272 5681//5553 3264//3232
f 892//892 3264//3232 5682//5554 3299//3267
f 893//893 3301//3269 5659//5531 3209//3177
f 893//893 3209//3177 5658//5530 3306//3274
f 893//893 3306//3274 5690//5562 3273//3241
f 893//893 3273//3241 5691//5563 3301//3269
f 894//894 3303//3271 5637//5509 3187//3155
f 894//894 3187//3155 5636//5508 3308//3276
f 894//894 3308//3276 5668//5540 3251//3219
f 894//894 3251//3219 5669//5541 3303//3271
f 895//895 3305//3273 5648//5520 3198//3166
f 895//895 3198//3166 5647//5519 3310//3278
f 895//895 3310//3278 5679//5551 3262//3230
f 895//895 3262//3230 5680//5552 3305//3273
f 896//896 3307//3275 5657//5529 3207//3175
f 896//896 3207//3175 5656//5528 3312//3280
f 896//896 3312//3280 5688//5560 3271//3239
f 896//896 3271//3239 5689//5561 3307//3275
f 897//897 3311//3279 5646//5518 3196//3164
f 897//897 3196//3164 5645//5517 3313//3281
f 897//897 3313//3281 5677//5549 3260//3228
f 897//897 3260//3228 5678//5550 3311//3279
f 898//898 3410//3378 5723//5595 3337//3305
f 898//898 3337//3305 5722//5594 3411//3379
f 898//898 3411//3379 5754//5626 3401//3369
f 898//898 3401//3369 5755//5627 3410//3378
f 899//899 3348//3316 5678//5550 3260//3228
f 899//899 3260//3228 5677//5549 3349//3317
f 899//899 3349//3317 5709//5581 3324//3292
f 899//899 3324//3292 5710//5582 3348//3316
f 900//900 3350//3318 5698//5570 3280//3248
f 900//900 3280//3248 5697//5569 3351//3319
f 900//900 3351//3319 5729//5601 3344//3312
f 900//900 3344//3312 5730//5602 3350//3318
f 901//901 3352//3320 5687//5559 3269//3237
f 901//901 3269//3237 5686//5558 3353//3321
f 901//901 3353//3321 5718//5590 3333//3301
f 901//901 3333//3301 5719//5591 3352//3320
f 902//902 3354//3322 5676//5548 3258//3226
f 902//902 3258//3226 5675//5547 3355//3323
f 902//902 3355//3323 5707//5579 3322//3290
f 902//902 3322//3290 5708//5580 3354//3322
f 903//903 3356//3324 5696//5568 3278//3246
f 903//903 3278//3246 5695//5567 3357//3325
f 903//903 3357//3325 5727//5599 3342//3310
f 903//903 3342//3310 5728//5600 3356//3324
f 904//904 3358//3326 5685//5557 3267//3235
f 904//904 3267//3235 5684//5556 3359//3327
f 904//904 3359//3327 5716//5588 3331//3299
f 904//904 3331//3299 5717//5589 3358//3326
f 905//905 3360//3328 5674//5546 3256//3224
f 905//905 3256//3224 5673//5545 3361//3329
f 905//905 3361//3329 5705//5577 3320//3288
f 905//905 3320//3288 5706//5578 3360//3328
f 906//906 3362//3330 5694//5566 3276//3244
f 906//906 3276//3244 5693//5565 3363//3331
f 906//906 3363//3331 5725//5597 3340//3308
f 906//906 3340//3308 5726//5598 3362//3330
f 907//907 3364//3332 5672//5544 3254//3222
f 907//907 3254//3222 5671//5543 3365//3333
f 907//907 3365//3333 5703//5575 3318//3286
f 907//907 3318//3286 5704//5576 3364//3332
f 908//908 3366//3334 5683//5555 3265//3233
f 908//908 3265//3233 5682//5554 3367//3335
f 908//908 3367//3335 5714//5586 3329//3297
f 908//908 3329//3297 5715//5587 3366//3334
f 909//909 3368//3336 5692//5564 3274//3242
f 909//909 3274//3242 5691//5563 3369//3337
f 909//909 3369//3337 5723//5595 3338//3306
f 909//909 3338//3306 5724//5596 3368//3336
f 910//910 3370//3338 5670//5542 3252//3220
f 910//910 3252//3220 5669//5541 3371//3339
f 910//910 3371//3339 5701//5573 3316//3284
f 910//910 3316//3284 5702//5574 3370//3338
f 911//911 3372//3340 5681//5553 3263//3231
f 911//911 3263//3231 5680//5552 3373//3341
f 911//911 3373//3341 5712//5584 3327//3295
f 911//911 3327//3295 5713//5585 3372//3340
f 912//912 3374//3342 5690//5562 3272//3240
f 912//912 3272//3240 5689//5561 3346//3314
f 912//912 3346//3314 5721//5593 3336//3304
f 912//912 3336//3304 5722//5594 3374//3342
f 913//913 3375//3343 5668//5540 3250//3218
f 913//913 3250//3218 5667//5539 3376//3344
f 913//913 3376//3344 5699//5571 3314//3282
f 913//913 3314//3282 5700//5572 3375//3343
f 914//914 3377//3345 5679//5551 3261//3229
f 914//914 3261//3229 5678//5550 3348//3316
f 914//914 3348//3316 5710//5582 3325//3293
f 914//914 3325//3293 5711//5583 3377//3345
f 915//915 3376//3344 5667//5539 3281//3249
f 915//915 3281//3249 5698//5570 3350//3318
f 915//915 3350//3318 5730//5602 3345//3313
f 915//915 3345//3313 5699//5571 3376//3344
f 916//916 3347//3315 5688//5560 3270//3238
f 916//916 3270//3238 5687//5559 3352//3320
f 916//916 3352//3320 5719//5591 3334//3302
f 916//916 3334//3302 5720//5592 3347//3315
f 917//917 3349//3317 5677//5549 3259//3227
f 917//917 3259//3227 5676//5548 3354//3322
f 917//917 3354//3322 5708//5580 3323//3291
f 917//917 3323//3291 5709//5581 3349//3317
f 918//918 3351//3319 5697//5569 3279//3247
f 918//918 3279//3247 5696//5568 3356//3324
f 918//918 3356//3324 5728//5600 3343//3311
f 918//918 3343//3311 5729//5601 3351//3319
f 919//919 3353//3321 5686//5558 3268//3236
f 919//919 3268//3236 5685//5557 3358//3326
f 919//919 3358//3326 5717//5589 3332//3300
f 919//919 3332//3300 5718//5590 3353//3321
f 920//920 3355//3323 5675//5547 3257//3225
f 920//920 3257//3225 5674//5546 3360//3328
f 920//920 3360//3328 5706//5578 3321//3289
f 920//920 3321//3289 5707//5579 3355//3323
f 921//921 3357//3325 5695//5567 3277//3245
f 921//921 3277//3245 5694//5566 3362//3330
f 921//921 3362//3330 5726//5598 3341//3309
f 921//921 3341//3309 5727//5599 3357//3325
f 922//922 3359//3327 5684//5556 3266//3234
f 922//922 3266//3234 5683//5555 3366//3334
f 922//922 3366//3334 5715//5587 3330//3298
f 922//922 3330//3298 5716//5588 3359//3327
f 923//923 3361//3329 5673//5545 3255//3223
f 923//923 3255//3223 5672//5544 3364//3332
f 923//923 3364//3332 5704//5576 3319//3287
f 923//923 3319//3287 5705//5577 3361//3329
f 924//924 3363//3331 5693//5565 3275//3243
f 924//924 3275//3243 5692//5564 3368//3336
f 924//924 3368//3336 5724//5596 3339//3307
f 924//924 3339//3307 5725//5597 3363//3331
f 925//925 3365//3333 5671//5543 3253//3221
f 925//925 3253//3221 5670//5542 3370//3338
f 925//925 3370//3338 5702//5574 3317//3285
f 925//925 3317//3285 5703//5575 3365//3333
f 926//926 3367//3335 5682//5554 3264//3232
f 926//926 3264//3232 5681//5553 3372//3340
f 926//926 3372//3340 5713//5585 3328//3296
f 926//926 3328//3296 5714//5586 3367//3335
f 927//927 3369//3337 5691//5563 3273//3241
f 927//927 3273//3241 5690//5562 3374//3342
f 927//927 3374//3342 5722//5594 3337//3305
f 927//927 3337//3305 5723//5595 3369//3337
f 928//928 3371//3339 5669//5541 3251//3219
f 928//928 3251//3219 5668//5540 3375//3343
f 928//928 3375//3343 5700//5572 3315//3283
f 928//928 3315//3283 5701//5573 3371//3339
f 929//929 3373//3341 5680//5552 3262//3230
f 929//929 3262//3230 5679//5551 3377//3345
f 929//929 3377//3345 5711//5583 3326//3294
f 929//929 3326//3294 5712//5584 3373//3341
f 930//930 3474//3442 5757//5629 3403//3371
f 930//930 3403//3371 5756//5628 3475//3443
f 930//930 3475//3443 5788//5660 3467//3435
f 930//930 3467//3435 5789//5661 3474//3442
f 931//931 3412//3380 5701//5573 3315//3283
f 931//931 3315//3283 5700//5572 3413//3381
f 931//931 3413//3381 5732//5604 3379//3347
f 931//931 3379//3347 5733//5605 3412//3380
f 932//932 3414//3382 5712//5584 3326//3294
f 932//932 3326//3294 5711//5583 3415//3383
f 932//932 3415//3383 5743//5615 3390//3358
f 932//932 3390//3358 5744//5616 3414//3382
f 933//933 3416//3384 5721//5593 3335//3303
f 933//933 3335//3303 5720//5592 3417//3385
f 933//933 3417//3385 5752//5624 3399//3367
f 933//933 3399//3367 5753//5625 3416//3384
f 934//934 3418//3386 5710//5582 3324//3292
f 934//934 3324//3292 5709//5581 3419//3387
f 934//934 3419//3387 5741//5613 3388//3356
f 934//934 3388//3356 5742//5614 3418//3386
f 935//935 3420//3388 5730//5602 3344//3312
f 935//935 3344//3312 5729//5601 3421//3389
f 935//935 3421//3389 5761//5633 3408//3376
f 935//935 3408//3376 5762//5634 3420//3388
f 936//936 3422//3390 5719//5591 3333//3301
f 936//936 3333//3301 5718//5590 3423//3391
f 936//936 3423//3391 5750//5622 3397//3365
f 936//936 3397//3365 5751//5623 3422//3390
f 937//937 3424//3392 5708//5580 3322//3290
f 937//937 3322//3290 5707//5579 3425//3393
f 937//937 3425//3393 5739//5611 3386//3354
f 937//937 3386//3354 5740//5612 3424//3392
f 938//938 3426//3394 5728//5600 3342//3310
f 938//938 3342//3310 5727//5599 3427//3395
f 938//938 3427//3395 5759//5631 3406//3374
f 938//938 3406//3374 5760//5632 3426//3394
f 939//939 3428//3396 5717//5589 3331//3299
f 939//939 3331//3299 5716//5588 3429//3397
f 939//939 3429//3397 5748//5620 3395//3363
f 939//939 3395//3363 5749//5621 3428//3396
f 940//940 3430//3398 5706//5578 3320//3288
f 940//940 3320//3288 5705//5577 3431//3399
f 940//940 3431//3399 5737//5609 3384//3352
f 940//940 3384//3352 5738//5610 3430//3398
f 941//941 3432//3400 5726//5598 3340//3308
f 941//941 3340//3308 5725//5597 3433//3401
f 941//941 3433//3401 5757//5629 3404//3372
f 941//941 3404//3372 5758//5630 3432//3400
f 942//942 3434//3402 5704//5576 3318//3286
f 942//942 3318//3286 5703//5575 3435//3403
f 942//942 3435//3403 5735//5607 3382//3350
f 942//942 3382//3350 5736//5608 3434//3402
f 943//943 3436//3404 5715//5587 3329//3297
f 943//943 3329//3297 5714//5586 3437//3405
f 943//943 3437//3405 5746//5618 3393//3361
f 943//943 3393//3361 5747//5619 3436//3404
f 944//944 3438//3406 5724//5596 3338//3306
f 944//944 3338//3306 5723//5595 3410//3378
f 944//944 3410//3378 5755//5627 3402//3370
f 944//944 3402//3370 5756//5628 3438//3406
f 945//945 3439//3407 5702//5574 3316//3284
f 945//945 3316//3284 5701//5573 3412//3380
f 945//945 3412//3380 5733//5605 3380//3348
f 945//945 3380//3348 5734//5606 3439//3407
f 946//946 3440//3408 5713//5585 3327//3295
f 946//946 3327//3295 5712//5584 3414//3382
f 946//946 3414//3382 5744//5616 3391//3359
f 946//946 3391//3359 5745//5617 3440//3408
f 947//947 3411//3379 5722//5594 3336//3304
f 947//947 3336//3304 5721//5593 3416//3384
f 947//947 3416//3384 5753//5625 3400//3368
f 947//947 3400//3368 5754//5626 3411//3379
f 948//948 3413//3381 5700//5572 3314//3282
f 948//948 3314//3282 5699//5571 3441//3409
f 948//948 3441//3409 5731//5603 3378//3346
f 948//948 3378//3346 5732//5604 3413//3381
f 949//949 3415//3383 5711//5583 3325//3293
f 949//949 3325//3293 5710//5582 3418//3386
f 949//949 3418//3386 5742//5614 3389//3357
f 949//949 3389//3357 5743//5615 3415//3383
f 950//950 3441//3409 5699//5571 3345//3313
f 950//950 3345//3313 5730//5602 3420//3388
f 950//950 3420//3388 5762//5634 3409//3377
f 950//950 3409//3377 5731//5603 3441//3409
f 951//951 3417//3385 5720//5592 3334//3302
f 951//951 3334//3302 5719//5591 3422//3390
f 951//951 3422//3390 5751//5623 3398//3366
f 951//951 3398//3366 5752//5624 3417//3385
f 952//952 3419//3387 5709//5581 3323//3291
f 952//952 3323//3291 5708//5580 3424//3392
f 952//952 3424//3392 5740//5612 3387//3355
f 952//952 3387//3355 5741//5613 3419//3387
f 953//953 3421//3389 5729//5601 3343//3311
f 953//953 3343//3311 5728//5600 3426//3394
f 953//953 3426//3394 5760//5632 3407//3375
f 953//953 3407//3375 5761//5633 3421//3389
f 954//954 3423//3391 5718//5590 3332//3300
f 954//954 3332//3300 5717//5589 3428//3396
f 954//954 3428//3396 5749//5621 3396//3364
f 954//954 3396//3364 5750//5622 3423//3391
f 955//955 3425//3393 5707//5579 3321//3289
f 955//955 3321//3289 5706//5578 3430//3398
f 955//955 3430//3398 5738//5610 3385//3353
f 955//955 3385//3353 5739//5611 3425//3393
f 956//956 3427//3395 5727//5599 3341//3309
f 956//956 3341//3309 5726//5598 3432//3400
f 956//956 3432//3400 5758//5630 3405//3373
f 956//956 3405//3373 5759//5631 3427//3395
f 957//957 3429//3397 5716//5588 3330//3298
f 957//957 3330//3298 5715//5587 3436//3404
f 957//957 3436//3404 5747//5619 3394//3362
f 957//957 3394//3362 5748//5620 3429//3397
f 958//958 3431//3399 5705//5577 3319//3287
f 958//958 3319//3287 5704//5576 3434//3402
f 958//958 3434//3402 5736//5608 3383//3351
f 958//958 3383//3351 5737//5609 3431//3399
f 959//959 3433//3401 5725//5597 3339//3307
f 959//959 3339//3307 5724//5596 3438//3406
f 959//959 3438//3406 5756//5628 3403//3371
f 959//959 3403//3371 5757//5629 3433//3401
f 960//960 3435//3403 5703//5575 3317//3285
f 960//960 3317//3285 5702//5574 3439//3407
f 960//960 3439//3407 5734//5606 3381//3349
f 960//960 3381//3349 5735//5607 3435//3403
f 961//961 3437//3405 5714//5586 3328//3296
f 961//961 3328//3296 5713//5585 3440//3408
f 961//961 3440//3408 5745//5617 3392//3360
f 961//961 3392//3360 5746//5618 3437//3405
f 962//962 3538//3506 5791//5663 3469//3437
f 962//962 3469//3437 5790//5662 3539//3507
f 962//962 3539//3507 5822//5694 3533//3501
f 962//962 3533//3501 5823//5695 3538//3506
f 963//963 3476//3444 5735//5607 3381//3349
f 963//963 3381//3349 5734//5606 3477//3445
f 963//963 3477//3445 5766//5638 3445//3413
f 963//963 3445//3413 5767//5639 3476//3444
f 964//964 3478//3446 5746//5618 3392//3360
f 964//964 3392//3360 5745//5617 3479//3447
f 964//964 3479//3447 5777//5649 3456//3424
f 964//964 3456//3424 5778//5650 3478//3446
f 965//965 3480//3448 5755//5627 3401//3369
f 965//965 3401//3369 5754//5626 3481//3449
f 965//965 3481//3449 5786//5658 3465//3433
f 965//965 3465//3433 5787//5659 3480//3448
f 966//966 3482//3450 5733//5605 3379//3347
f 966//966 3379//3347 5732//5604 3483//3451
f 966//966 3483//3451 5764//5636 3443//3411
f 966//966 3443//3411 5765//5637 3482//3450
f 967//967 3484//3452 5744//5616 3390//3358
f 967//967 3390//3358 5743//5615 3485//3453
f 967//967 3485//3453 5775//5647 3454//3422
f 967//967 3454//3422 5776//5648 3484//3452
f 968//968 3486//3454 5753//5625 3399//3367
f 968//968 3399//3367 5752//5624 3487//3455
f 968//968 3487//3455 5784//5656 3463//3431
f 968//968 3463//3431 5785//5657 3486//3454
f 969//969 3488//3456 5742//5614 3388//3356
f 969//969 3388//3356 5741//5613 3489//3457
f 969//969 3489//3457 5773//5645 3452//3420
f 969//969 3452//3420 5774//5646 3488//3456
f 970//970 3490//3458 5762//5634 3408//3376
f 970//970 3408//3376 5761//5633 3491//3459
f 970//970 3491//3459 5793//5665 3472//3440
f 970//970 3472//3440 5794//5666 3490//3458
f 971//971 3492//3460 5751//5623 3397//3365
f 971//971 3397//3365 5750//5622 3493//3461
f 971//971 3493//3461 5782//5654 3461//3429
f 971//971 3461//3429 5783//5655 3492//3460
f 972//972 3494//3462 5740//5612 3386//3354
f 972//972 3386//3354 5739//5611 3495//3463
f 972//972 3495//3463 5771//5643 3450//3418
f 972//972 3450//3418 5772//5644 3494//3462
f 973//973 3496//3464 5760//5632 3406//3374
f 973//973 3406//3374 5759//5631 3497//3465
f 973//973 3497//3465 5791//5663 3470//3438
f 973//973 3470//3438 5792//5664 3496//3464
f 974//974 3498//3466 5749//5621 3395//3363
f 974//974 3395//3363 5748//5620 3499//3467
f 974//974 3499//3467 5780//5652 3459//3427
f 974//974 3459//3427 5781//5653 3498//3466
f 975//975 3500//3468 5738//5610 3384//3352
f 975//975 3384//3352 5737//5609 3501//3469
f 975//975 3501//3469 5769//5641 3448//3416
f 975//975 3448//3416 5770//5642 3500//3468
f 976//976 3502//3470 5758//5630 3404//3372
f 976//976 3404//3372 5757//5629 3474//3442
f 976//976 3474//3442 5789//5661 3468//3436
f 976//976 3468//3436 5790//5662 3502//3470
f 977//977 3503//3471 5736//5608 3382//3350
f 977//977 3382//3350 5735//5607 3476//3444
f 977//977 3476//3444 5767//5639 3446//3414
f 977//977 3446//3414 5768//5640 3503//3471
f 978//978 3504//3472 5747//5619 3393//3361
f 978//978 3393//3361 5746//5618 3478//3446
f 978//978 3478//3446 5778//5650 3457//3425
f 978//978 3457//3425 5779//5651 3504//3472
f 979//979 3475//3443 5756//5628 3402//3370
f 979//979 3402//3370 5755//5627 3480//3448
f 979//979 3480//3448 5787//5659 3466//3434
f 979//979 3466//3434 5788//5660 3475//3443
f 980//980 3477//3445 5734//5606 3380//3348
f 980//980 3380//3348 5733//5605 3482//3450
f 980//980 3482//3450 5765//5637 3444//3412
f 980//980 3444//3412 5766//5638 3477//3445
f 981//981 3479//3447 5745//5617 3391//3359
f 981//981 3391//3359 5744//5616 3484//3452
f 981//981 3484//3452 5776//5648 3455//3423
f 981//981 3455//3423 5777//5649 3479//3447
f 982//982 3481//3449 5754//5626 3400//3368
f 982//982 3400//3368 5753//5625 3486//3454
f 982//982 3486//3454 5785//5657 3464//3432
f 982//982 3464//3432 5786//5658 3481//3449
f 983//983 3483//3451 5732//5604 3378//3346
f 983//983 3378//3346 5731//5603 3505//3473
f 983//983 3505//3473 5763//5635 3442//3410
f 983//983 3442//3410 5764//5636 3483//3451
f 984//984 3485//3453 5743//5615 3389//3357
f 984//984 3389//3357 5742//5614 3488//3456
f 984//984 3488//3456 5774//5646 3453//3421
f 984//984 3453//3421 5775//5647 3485//3453
f 985//985 3505//3473 5731//5603 3409//3377
f 985//985 3409//3377 5762//5634 3490//3458
f 985//985 3490//3458 5794//5666 3473//3441
f 985//985 3473//3441 5763//5635 3505//3473
f 986//986 3487//3455 5752//5624 3398//3366
f 986//986 3398//3366 5751//5623 3492//3460
f 986//986 3492//3460 5783//5655 3462//3430
f 986//986 3462//3430 5784//5656 3487//3455
f 987//987 3489//3457 5741//5613 3387//3355
f 987//987 3387//3355 5740//5612 3494//3462
f 987//987 3494//3462 5772//5644 3451//3419
f 987//987 3451//3419 5773//5645 3489//3457
f 988//988 3491//3459 5761//5633 3407//3375
f 988//988 3407//3375 5760//5632 3496//3464
f 988//988 3496//3464 5792//5664 3471//3439
f 988//988 3471//3439 5793//5665 3491//3459
f 989//989 3493//3461 5750//5622 3396//3364
f 989//989 3396//3364 5749//5621 3498//3466
f 989//989 3498//3466 5781//5653 3460//3428
f 989//989 3460//3428 5782//5654 3493//3461
f 990//990 3495//3463 5739//5611 3385//3353
f 990//990 3385//3353 5738//5610 3500//3468
f 990//990 3500//3468 5770//5642 3449//3417
f 990//990 3449//3417 5771//5643 3495//3463
f 991//991 3497//3465 5759//5631 3405//3373
f 991//991 3405//3373 5758//5630 3502//3470
f 991//991 3502//3470 5790//5662 3469//3437
f 991//991 3469//3437 5791//5663 3497//3465
f 992//992 3499//3467 5748//5620 3394//3362
f 992//992 3394//3362 5747//5619 3504//3472
f 992//992 3504//3472 5779//5651 3458//3426
f 992//992 3458//3426 5780//5652 3499//3467
f 993//993 3501//3469 5737//5609 3383//3351
f 993//993 3383//3351 5736//5608 3503//3471
f 993//993 3503//3471 5768//5640 3447//3415
f 993//993 3447//3415 5769//5641 3501//3469
f 994//994 3602//3570 5825//5697 3535//3503
f 994//994 3535//3503 5824//5696 3603//3571
f 994//994 3603//3571 5856//5728 3599//3567
f 994//994 3599//3567 5857//5729 3602//3570
f 995//995 3540//3508 5780//5652 3458//3426
f 995//995 3458//3426 5779//5651 3541//3509
f 995//995 3541//3509 5811//5683 3522//3490
f 995//995 3522//3490 5812//5684 3540//3508
f 996//996 3542//3510 5769//5641 3447//3415
f 996//996 3447//3415 5768//5640 3543//3511
f 996//996 3543//3511 5800//5672 3511//3479
f 996//996 3511//3479 5801//5673 3542//3510
f 997//997 3544//3512 5789//5661 3467//3435
f 997//997 3467//3435 5788//5660 3545//3513
f 997//997 3545//3513 5820//5692 3531//3499
f 997//997 3531//3499 5821//5693 3544//3512
f 998//998 3546//3514 5767//5639 3445//3413
f 998//998 3445//3413 5766//5638 3547//3515
f 998//998 3547//3515 5798//5670 3509//3477
f 998//998 3509//3477 5799//5671 3546//3514
f 999//999 3548//3516 5778//5650 3456//3424
f 999//999 3456//3424 5777//5649 3549//3517
f 999//999 3549//3517 5809//5681 3520//3488
f 999//999 3520//3488 5810//5682 3548//3516
f 1000//1000 3550//3518 5787//5659 3465//3433
f 1000//1000 3465//3433 5786//5658 3551//3519
f 1000//1000 3551//3519 5818//5690 3529//3497
f 1000//1000 3529//3497 5819//5691 3550//3518
f 1001//1001 3552//3520 5765//5637 3443//3411
f 1001//1001 3443//3411 5764//5636 3553//3521
f 1001//1001 3553//3521 5796//5668 3507//3475
f 1001//1001 3507//3475 5797//5669 3552//3520
f 1002//1002 3554//3522 5776//5648 3454//3422
f 1002//1002 3454//3422 5775//5647 3555//3523
f 1002//1002 3555//3523 5807//5679 3518//3486
f 1002//1002 3518//3486 5808//5680 3554//3522
f 1003//1003 3556//3524 5785//5657 3463//3431
f 1003//1003 3463//3431 5784//5656 3557//3525
f 1003//1003 3557//3525 5816//5688 3527//3495
f 1003//1003 3527//3495 5817//5689 3556//3524
f 1004//1004 3558//3526 5774//5646 3452//3420
f 1004//1004 3452//3420 5773//5645 3559//3527
f 1004//1004 3559//3527 5805//5677 3516//3484
f 1004//1004 3516//3484 5806//5678 3558//3526
f 1005//1005 3560//3528 5794//5666 3472//3440
f 1005//1005 3472//3440 5793//5665 3561//3529
f 1005//1005 3561//3529 5825//5697 3536//3504
f 1005//1005 3536//3504 5826//5698 3560//3528
f 1006//1006 3562//3530 5783//5655 3461//3429
f 1006//1006 3461//3429 5782//5654 3563//3531
f 1006//1006 3563//3531 5814//5686 3525//3493
f 1006//1006 3525//3493 5815//5687 3562//3530
f 1007//1007 3564//3532 5772//5644 3450//3418
f 1007//1007 3450//3418 5771//5643 3565//3533
f 1007//1007 3565//3533 5803//5675 3514//3482
f 1007//1007 3514//3482 5804//5676 3564//3532
f 1008//1008 3566//3534 5792//5664 3470//3438
f 1008//1008 3470//3438 5791//5663 3538//3506
f 1008//1008 3538//3506 5823//5695 3534//3502
f 1008//1008 3534//3502 5824//5696 3566//3534
f 1009//1009 3567//3535 5781//5653 3459//3427
f 1009//1009 3459//3427 5780//5652 3540//3508
f 1009//1009 3540//3508 5812//5684 3523//3491
f 1009//1009 3523//3491 5813//5685 3567//3535
f 1010//1010 3568//3536 5770//5642 3448//3416
f 1010//1010 3448//3416 5769//5641 3542//3510
f 1010//1010 3542//3510 5801//5673 3512//3480
f 1010//1010 3512//3480 5802//5674 3568//3536
f 1011//1011 3539//3507 5790//5662 3468//3436
f 1011//1011 3468//3436 5789//5661 3544//3512
f 1011//1011 3544//3512 5821//5693 3532//3500
f 1011//1011 3532//3500 5822//5694 3539//3507
f 1012//1012 3543//3511 5768//5640 3446//3414
f 1012//1012 3446//3414 5767//5639 3546//3514
f 1012//1012 3546//3514 5799//5671 3510//3478
f 1012//1012 3510//3478 5800//5672 3543//3511
f 1013//1013 3541//3509 5779//5651 3457//3425
f 1013//1013 3457//3425 5778//5650 3548//3516
f 1013//1013 3548//3516 5810//5682 3521//3489
f 1013//1013 3521//3489 5811//5683 3541//3509
f 1014//1014 3545//3513 5788//5660 3466//3434
f 1014//1014 3466//3434 5787//5659 3550//3518
f 1014//1014 3550//3518 5819//5691 3530//3498
f 1014//1014 3530//3498 5820//5692 3545//3513
f 1015//1015 3547//3515 5766//5638 3444//3412
f 1015//1015 3444//3412 5765//5637 3552//3520
f 1015//1015 3552//3520 5797//5669 3508//3476
f 1015//1015 3508//3476 5798//5670 3547//3515
f 1016//1016 3549//3517 5777//5649 3455//3423
f 1016//1016 3455//3423 5776//5648 3554//3522
f 1016//1016 3554//3522 5808//5680 3519//3487
f 1016//1016 3519//3487 5809//5681 3549//3517
f 1017//1017 3551//3519 5786//5658 3464//3432
f 1017//1017 3464//3432 5785//5657 3556//3524
f 1017//1017 3556//3524 5817//5689 3528//3496
f 1017//1017 3528//3496 5818//5690 3551//3519
f 1018//1018 3553//3521 5764//5636 3442//3410
f 1018//1018 3442//3410 5763//5635 3569//3537
f 1018//1018 3569//3537 5795//5667 3506//3474
f 1018//1018 3506//3474 5796//5668 3553//3521
f 1019//1019 3555//3523 5775//5647 3453//3421
f 1019//1019 3453//3421 5774//5646 3558//3526
f 1019//1019 3558//3526 5806//5678 3517//3485
f 1019//1019 3517//3485 5807//5679 3555//3523
f 1020//1020 3569//3537 5763//5635 3473//3441
f 1020//1020 3473//3441 5794//5666 3560//3528
f 1020//1020 3560//3528 5826//5698 3537//3505
f 1020//1020 3537//3505 5795//5667 3569//3537
f 1021//1021 3557//3525 5784//5656 3462//3430
f 1021//1021 3462//3430 5783//5655 3562//3530
f 1021//1021 3562//3530 5815//5687 3526//3494
f 1021//1021 3526//3494 5816//5688 3557//3525
f 1022//1022 3559//3527 5773//5645 3451//3419
f 1022//1022 3451//3419 5772//5644 3564//3532
f 1022//1022 3564//3532 5804//5676 3515//3483
f 1022//1022 3515//3483 5805//5677 3559//3527
f 1023//1023 3561//3529 5793//5665 3471//3439
f 1023//1023 3471//3439 5792//5664 3566//3534
f 1023//1023 3566//3534 5824//5696 3535//3503
f 1023//1023 3535//3503 5825//5697 3561//3529
f 1024//1024 3563//3531 5782//5654 3460//3428
f 1024//1024 3460//3428 5781//5653 3567//3535
f 1024//1024 3567//3535 5813//5685 3524//3492
f 1024//1024 3524//3492 5814//5686 3563//3531
f 1025//1025 3565//3533 5771//5643 3449//3417
f 1025//1025 3449//3417 5770//5642 3568//3536
f 1025//1025 3568//3536 5802//5674 3513//3481
f 1025//1025 3513//3481 5803//5675 3565//3533
f 1026//1026 3666//3634 5827//5699 3601//3569
f 1026//1026 3601//3569 5858//5730 3667//3635
f 1026//1026 3667//3635 5890//5762 3665//3633
f 1026//1026 3665//3633 5859//5731 3666//3634
f 1027//1027 3604//3572 5814//5686 3524//3492
f 1027//1027 3524//3492 5813//5685 3605//3573
f 1027//1027 3605//3573 5845//5717 3588//3556
f 1027//1027 3588//3556 5846//5718 3604//3572
f 1028//1028 3606//3574 5803//5675 3513//3481
f 1028//1028 3513//3481 5802//5674 3607//3575
f 1028//1028 3607//3575 5834//5706 3577//3545
f 1028//1028 3577//3545 5835//5707 3606//3574
f 1029//1029 3608//3576 5823//5695 3533//3501
f 1029//1029 3533//3501 5822//5694 3609//3577
f 1029//1029 3609//3577 5854//5726 3597//3565
f 1029//1029 3597//3565 5855//5727 3608//3576
f 1030//1030 3610//3578 5812//5684 3522//3490
f 1030//1030 3522//3490 5811//5683 3611//3579
f 1030//1030 3611//3579 5843//5715 3586//3554
f 1030//1030 3586//3554 5844//5716 3610//3578
f 1031//1031 3612//3580 5801//5673 3511//3479
f 1031//1031 3511//3479 5800//5672 3613//3581
f 1031//1031 3613//3581 5832//5704 3575//3543
f 1031//1031 3575//3543 5833//5705 3612//3580
f 1032//1032 3614//3582 5821//5693 3531//3499
f 1032//1032 3531//3499 5820//5692 3615//3583
f 1032//1032 3615//3583 5852//5724 3595//3563
f 1032//1032 3595//3563 5853//5725 3614//3582
f 1033//1033 3616//3584 5799//5671 3509//3477
f 1033//1033 3509//3477 5798//5670 3617//3585
f 1033//1033 3617//3585 5830//5702 3573//3541
f 1033//1033 3573//3541 5831//5703 3616//3584
f 1034//1034 3618//3586 5810//5682 3520//3488
f 1034//1034 3520//3488 5809//5681 3619//3587
f 1034//1034 3619//3587 5841//5713 3584//3552
f 1034//1034 3584//3552 5842//5714 3618//3586
f 1035//1035 3620//3588 5819//5691 3529//3497
f 1035//1035 3529//3497 5818//5690 3621//3589
f 1035//1035 3621//3589 5850//5722 3593//3561
f 1035//1035 3593//3561 5851//5723 3620//3588
f 1036//1036 3622//3590 5797//5669 3507//3475
f 1036//1036 3507//3475 5796//5668 3623//3591
f 1036//1036 3623//3591 5828//5700 3571//3539
f 1036//1036 3571//3539 5829//5701 3622//3590
f 1037//1037 3624//3592 5808//5680 3518//3486
f 1037//1037 3518//3486 5807//5679 3625//3593
f 1037//1037 3625//3593 5839//5711 3582//3550
f 1037//1037 3582//3550 5840//5712 3624//3592
f 1038//1038 3626//3594 5817//5689 3527//3495
f 1038//1038 3527//3495 5816//5688 3627//3595
f 1038//1038 3627//3595 5848//5720 3591//3559
f 1038//1038 3591//3559 5849//5721 3626//3594
f 1039//1039 3628//3596 5806//5678 3516//3484
f 1039//1039 3516//3484 5805//5677 3629//3597
f 1039//1039 3629//3597 5837//5709 3580//3548
f 1039//1039 3580//3548 5838//5710 3628//3596
f 1040//1040 3630//3598 5826//5698 3536//3504
f 1040//1040 3536//3504 5825//5697 3602//3570
f 1040//1040 3602//3570 5857//5729 3600//3568
f 1040//1040 3600//3568 5858//5730 3630//3598
f 1041//1041 3631//3599 5815//5687 3525//3493
f 1041//1041 3525//3493 5814//5686 3604//3572
f 1041//1041 3604//3572 5846//5718 3589//3557
f 1041//1041 3589//3557 5847//5719 3631//3599
f 1042//1042 3632//3600 5804//5676 3514//3482
f 1042//1042 3514//3482 5803//5675 3606//3574
f 1042//1042 3606//3574 5835//5707 3578//3546
f 1042//1042 3578//3546 5836//5708 3632//3600
f 1043//1043 3603//3571 5824//5696 3534//3502
f 1043//1043 3534//3502 5823//5695 3608//3576
f 1043//1043 3608//3576 5855//5727 3598//3566
f 1043//1043 3598//3566 5856//5728 3603//3571
f 1044//1044 3605//3573 5813//5685 3523//3491
f 1044//1044 3523//3491 5812//5684 3610//3578
f 1044//1044 3610//3578 5844//5716 3587//3555
f 1044//1044 3587//3555 5845//5717 3605//3573
f 1045//1045 3607//3575 5802//5674 3512//3480
f 1045//1045 3512//3480 5801//5673 3612//3580
f 1045//1045 3612//3580 5833//5705 3576//3544
f 1045//1045 3576//3544 5834//5706 3607//3575
f 1046//1046 3609//3577 5822//5694 3532//3500
f 1046//1046 3532//3500 5821//5693 3614//3582
f 1046//1046 3614//3582 5853//5725 3596//3564
f 1046//1046 3596//3564 5854//5726 3609//3577
f 1047//1047 3613//3581 5800//5672 3510//3478
f 1047//1047 3510//3478 5799//5671 3616//3584
f 1047//1047 3616//3584 5831//5703 3574//3542
f 1047//1047 3574//3542 5832//5704 3613//3581
f 1048//1048 3611//3579 5811//5683 3521//3489
f 1048//1048 3521//3489 5810//5682 3618//3586
f 1048//1048 3618//3586 5842//5714 3585//3553
f 1048//1048 3585//3553 5843//5715 3611//3579
f 1049//1049 3615//3583 5820//5692 3530//3498
f 1049//1049 3530//3498 5819//5691 3620//3588
f 1049//1049 3620//3588 5851//5723 3594//3562
f 1049//1049 3594//3562 5852//5724 3615//3583
f 1050//1050 3617//3585 5798//5670 3508//3476
f 1050//1050 3508//3476 5797//5669 3622//3590
f 1050//1050 3622//3590 5829//5701 3572//3540
f 1050//1050 3572//3540 5830//5702 3617//3585
f 1051//1051 3619//3587 5809//5681 3519//3487
f 1051//1051 3519//3487 5808//5680 3624//3592
f 1051//1051 3624//3592 5840//5712 3583//3551
f 1051//1051 3583//3551 5841//5713 3619//3587
f 1052//1052 3621//3589 5818//5690 3528//3496
f 1052//1052 3528//3496 5817//5689 3626//3594
f 1052//1052 3626//3594 5849//5721 3592//3560
f 1052//1052 3592//3560 5850//5722 3621//3589
f 1053//1053 3623//3591 5796//5668 3506//3474
f 1053//1053 3506//3474 5795//5667 3633//3601
f 1053//1053 3633//3601 5827//5699 3570//3538
f 1053//1053 3570//3538 5828//5700 3623//3591
f 1054//1054 3625//3593 5807//5679 3517//3485
f 1054//1054 3517//3485 5806//5678 3628//3596
f 1054//1054 3628//3596 5838//5710 3581//3549
f 1054//1054 3581//3549 5839//5711 3625//3593
f 1055//1055 3633//3601 5795//5667 3537//3505
f 1055//1055 3537//3505 5826//5698 3630//3598
f 1055//1055 3630//3598 5858//5730 3601//3569
f 1055//1055 3601//3569 5827//5699 3633//3601
f 1056//1056 3627//3595 5816//5688 3526//3494
f 1056//1056 3526//3494 5815//5687 3631//3599
f 1056//1056 3631//3599 5847//5719 3590//3558
f 1056//1056 3590//3558 5848//5720 3627//3595
f 1057//1057 3629//3597 5805//5677 3515//3483
f 1057//1057 3515//3483 5804//5676 3632//3600
f 1057//1057 3632//3600 5836//5708 3579//3547
f 1057//1057 3579//3547 5837//5709 3629//3597
f 1058//1058 3730//3698 5882//5754 3656//3624
f 1058//1058 3656//3624 5881//5753 3731//3699
f 1058//1058 3731//3699 5913//5785 3720//3688
f 1058//1058 3720//3688 5914//5786 3730//3698
f 1059//1059 3668//3636 5848//5720 3590//3558
f 1059//1059 3590//3558 5847//5719 3669//3637
f 1059//1059 3669//3637 5879//5751 3654//3622
f 1059//1059 3654//3622 5880//5752 3668//3636
f 1060//1060 3670//3638 5837//5709 3579//3547
f 1060//1060 3579//3547 5836//5708 3671//3639
f 1060//1060 3671//3639 5868//5740 3643//3611
f 1060//1060 3643//3611 5869//5741 3670//3638
f 1061//1061 3672//3640 5857//5729 3599//3567
f 1061//1061 3599//3567 5856//5728 3673//3641
f 1061//1061 3673//3641 5888//5760 3663//3631
f 1061//1061 3663//3631 5889//5761 3672//3640
f 1062//1062 3674//3642 5846//5718 3588//3556
f 1062//1062 3588//3556 5845//5717 3675//3643
f 1062//1062 3675//3643 5877//5749 3652//3620
f 1062//1062 3652//3620 5878//5750 3674//3642
f 1063//1063 3676//3644 5835//5707 3577//3545
f 1063//1063 3577//3545 5834//5706 3677//3645
f 1063//1063 3677//3645 5866//5738 3641//3609
f 1063//1063 3641//3609 5867//5739 3676//3644
f 1064//1064 3678//3646 5855//5727 3597//3565
f 1064//1064 3597//3565 5854//5726 3679//3647
f 1064//1064 3679//3647 5886//5758 3661//3629
f 1064//1064 3661//3629 5887//5759 3678//3646
f 1065//1065 3680//3648 5844//5716 3586//3554
f 1065//1065 3586//3554 5843//5715 3681//3649
f 1065//1065 3681//3649 5875//5747 3650//3618
f 1065//1065 3650//3618 5876//5748 3680//3648
f 1066//1066 3682//3650 5833//5705 3575//3543
f 1066//1066 3575//3543 5832//5704 3683//3651
f 1066//1066 3683//3651 5864//5736 3639//3607
f 1066//1066 3639//3607 5865//5737 3682//3650
f 1067//1067 3684//3652 5853//5725 3595//3563
f 1067//1067 3595//3563 5852//5724 3685//3653
f 1067//1067 3685//3653 5884//5756 3659//3627
f 1067//1067 3659//3627 5885//5757 3684//3652
f 1068//1068 3686//3654 5831//5703 3573//3541
f 1068//1068 3573//3541 5830//5702 3687//3655
f 1068//1068 3687//3655 5862//5734 3637//3605
f 1068//1068 3637//3605 5863//5735 3686//3654
f 1069//1069 3688//3656 5842//5714 3584//3552
f 1069//1069 3584//3552 5841//5713 3689//3657
f 1069//1069 3689//3657 5873//5745 3648//3616
f 1069//1069 3648//3616 5874//5746 3688//3656
f 1070//1070 3690//3658 5851//5723 3593//3561
f 1070//1070 3593//3561 5850//5722 3691//3659
f 1070//1070 3691//3659 5882//5754 3657//3625
f 1070//1070 3657//3625 5883//5755 3690//3658
f 1071//1071 3692//3660 5829//5701 3571//3539
f 1071//1071 3571//3539 5828//5700 3693//3661
f 1071//1071 3693//3661 5860//5732 3635//3603
f 1071//1071 3635//3603 5861//5733 3692//3660
f 1072//1072 3694//3662 5840//5712 3582//3550
f 1072//1072 3582//3550 5839//5711 3695//3663
f 1072//1072 3695//3663 5871//5743 3646//3614
f 1072//1072 3646//3614 5872//5744 3694//3662
f 1073//1073 3696//3664 5849//5721 3591//3559
f 1073//1073 3591//3559 5848//5720 3668//3636
f 1073//1073 3668//3636 5880//5752 3655//3623
f 1073//1073 3655//3623 5881//5753 3696//3664
f 1074//1074 3697//3665 5838//5710 3580//3548
f 1074//1074 3580//3548 5837//5709 3670//3638
f 1074//1074 3670//3638 5869//5741 3644//3612
f 1074//1074 3644//3612 5870//5742 3697//3665
f 1075//1075 3667//3635 5858//5730 3600//3568
f 1075//1075 3600//3568 5857//5729 3672//3640
f 1075//1075 3672//3640 5889//5761 3664//3632
f 1075//1075 3664//3632 5890//5762 3667//3635
f 1076//1076 3669//3637 5847//5719 3589//3557
f 1076//1076 3589//3557 5846//5718 3674//3642
f 1076//1076 3674//3642 5878//5750 3653//3621
f 1076//1076 3653//3621 5879//5751 3669//3637
f 1077//1077 3671//3639 5836//5708 3578//3546
f 1077//1077 3578//3546 5835//5707 3676//3644
f 1077//1077 3676//3644 5867//5739 3642//3610
f 1077//1077 3642//3610 5868//5740 3671//3639
f 1078//1078 3673//3641 5856//5728 3598//3566
f 1078//1078 3598//3566 5855//5727 3678//3646
f 1078//1078 3678//3646 5887//5759 3662//3630
f 1078//1078 3662//3630 5888//5760 3673//3641
f 1079//1079 3675//3643 5845//5717 3587//3555
f 1079//1079 3587//3555 5844//5716 3680//3648
f 1079//1079 3680//3648 5876//5748 3651//3619
f 1079//1079 3651//3619 5877//5749 3675//3643
f 1080//1080 3677//3645 5834//5706 3576//3544
f 1080//1080 3576//3544 5833//5705 3682//3650
f 1080//1080 3682//3650 5865//5737 3640//3608
f 1080//1080 3640//3608 5866//5738 3677//3645
f 1081//1081 3679//3647 5854//5726 3596//3564
f 1081//1081 3596//3564 5853//5725 3684//3652
f 1081//1081 3684//3652 5885//5757 3660//3628
f 1081//1081 3660//3628 5886//5758 3679//3647
f 1082//1082 3683//3651 5832//5704 3574//3542
f 1082//1082 3574//3542 5831//5703 3686//3654
f 1082//1082 3686//3654 5863//5735 3638//3606
f 1082//1082 3638//3606 5864//5736 3683//3651
f 1083//1083 3681//3649 5843//5715 3585//3553
f 1083//1083 3585//3553 5842//5714 3688//3656
f 1083//1083 3688//3656 5874//5746 3649//3617
f 1083//1083 3649//3617 5875//5747 3681//3649
f 1084//1084 3685//3653 5852//5724 3594//3562
f 1084//1084 3594//3562 5851//5723 3690//3658
f 1084//1084 3690//3658 5883//5755 3658//3626
f 1084//1084 3658//3626 5884//5756 3685//3653
f 1085//1085 3687//3655 5830//5702 3572//3540
f 1085//1085 3572//3540 5829//5701 3692//3660
f 1085//1085 3692//3660 5861//5733 3636//3604
f 1085//1085 3636//3604 5862//5734 3687//3655
f 1086//1086 3689//3657 5841//5713 3583//3551
f 1086//1086 3583//3551 5840//5712 3694//3662
f 1086//1086 3694//3662 5872//5744 3647//3615
f 1086//1086 3647//3615 5873//5745 3689//3657
f 1087//1087 3691//3659 5850//5722 3592//3560
f 1087//1087 3592//3560 5849//5721 3696//3664
f 1087//1087 3696//3664 5881//5753 3656//3624
f 1087//1087 3656//3624 5882//5754 3691//3659
f 1088//1088 3693//3661 5828//5700 3570//3538
f 1088//1088 3570//3538 5827//5699 3666//3634
f 1088//1088 3666//3634 5859//5731 3634//3602
f 1088//1088 3634//3602 5860//5732 3693//3661
f 1089//1089 3695//3663 5839//5711 3581//3549
f 1089//1089 3581//3549 5838//5710 3697//3665
f 1089//1089 3697//3665 5870//5742 3645//3613
f 1089//1089 3645//3613 5871//5743 3695//3663
f 1090//1090 3794//3762 5916//5788 3722//3690
f 1090//1090 3722//3690 5915//5787 3795//3763
f 1090//1090 3795//3763 5947//5819 3786//3754
f 1090//1090 3786//3754 5948//5820 3794//3762
f 1091//1091 3732//3700 5860//5732 3634//3602
f 1091//1091 3634//3602 5859//5731 3733//3701
f 1091//1091 3733//3701 5891//5763 3698//3666
f 1091//1091 3698//3666 5892//5764 3732//3700
f 1092//1092 3734//3702 5871//5743 3645//3613
f 1092//1092 3645//3613 5870//5742 3735//3703
f 1092//1092 3735//3703 5902//5774 3709//3677
f 1092//1092 3709//3677 5903//5775 3734//3702
f 1093//1093 3733//3701 5859//5731 3665//3633
f 1093//1093 3665//3633 5890//5762 3736//3704
f 1093//1093 3736//3704 5922//5794 3729//3697
f 1093//1093 3729//3697 5891//5763 3733//3701
f 1094//1094 3737//3705 5880//5752 3654//3622
f 1094//1094 3654//3622 5879//5751 3738//3706
f 1094//1094 3738//3706 5911//5783 3718//3686
f 1094//1094 3718//3686 5912//5784 3737//3705
f 1095//1095 3739//3707 5869//5741 3643//3611
f 1095//1095 3643//3611 5868//5740 3740//3708
f 1095//1095 3740//3708 5900//5772 3707//3675
f 1095//1095 3707//3675 5901//5773 3739//3707
f 1096//1096 3741//3709 5889//5761 3663//3631
f 1096//1096 3663//3631 5888//5760 3742//3710
f 1096//1096 3742//3710 5920//5792 3727//3695
f 1096//1096 3727//3695 5921//5793 3741//3709
f 1097//1097 3743//3711 5878//5750 3652//3620
f 1097//1097 3652//3620 5877//5749 3744//3712
f 1097//1097 3744//3712 5909//5781 3716//3684
f 1097//1097 3716//3684 5910//5782 3743//3711
f 1098//1098 3745//3713 5867//5739 3641//3609
f 1098//1098 3641//3609 5866//5738 3746//3714
f 1098//1098 3746//3714 5898//5770 3705//3673
f 1098//1098 3705//3673 5899//5771 3745//3713
f 1099//1099 3747//3715 5887//5759 3661//3629
f 1099//1099 3661//3629 5886//5758 3748//3716
f 1099//1099 3748//3716 5918//5790 3725//3693
f 1099//1099 3725//3693 5919//5791 3747//3715
f 1100//1100 3749//3717 5876//5748 3650//3618
f 1100//1100 3650//3618 5875//5747 3750//3718
f 1100//1100 3750//3718 5907//5779 3714//3682
f 1100//1100 3714//3682 5908//5780 3749//3717
f 1101//1101 3751//3719 5865//5737 3639//3607
f 1101//1101 3639//3607 5864//5736 3752//3720
f 1101//1101 3752//3720 5896//5768 3703//3671
f 1101//1101 3703//3671 5897//5769 3751//3719
f 1102//1102 3753//3721 5885//5757 3659//3627
f 1102//1102 3659//3627 5884//5756 3754//3722
f 1102//1102 3754//3722 5916//5788 3723//3691
f 1102//1102 3723//3691 5917//5789 3753//3721
f 1103//1103 3755//3723 5863//5735 3637//3605
f 1103//1103 3637//3605 5862//5734 3756//3724
f 1103//1103 3756//3724 5894//5766 3701//3669
f 1103//1103 3701//3669 5895//5767 3755//3723
f 1104//1104 3757//3725 5874//5746 3648//3616
f 1104//1104 3648//3616 5873//5745 3758//3726
f 1104//1104 3758//3726 5905//5777 3712//3680
f 1104//1104 3712//3680 5906//5778 3757//3725
f 1105//1105 3759//3727 5883//5755 3657//3625
f 1105//1105 3657//3625 5882//5754 3730//3698
f 1105//1105 3730//3698 5914//5786 3721//3689
f 1105//1105 3721//3689 5915//5787 3759//3727
f 1106//1106 3760//3728 5861//5733 3635//3603
f 1106//1106 3635//3603 5860//5732 3732//3700
f 1106//1106 3732//3700 5892//5764 3699//3667
f 1106//1106 3699//3667 5893//5765 3760//3728
f 1107//1107 3761//3729 5872//5744 3646//3614
f 1107//1107 3646//3614 5871//5743 3734//3702
f 1107//1107 3734//3702 5903//5775 3710//3678
f 1107//1107 3710//3678 5904//5776 3761//3729
f 1108//1108 3731//3699 5881//5753 3655//3623
f 1108//1108 3655//3623 5880//5752 3737//3705
f 1108//1108 3737//3705 5912//5784 3719//3687
f 1108//1108 3719//3687 5913//5785 3731//3699
f 1109//1109 3735//3703 5870//5742 3644//3612
f 1109//1109 3644//3612 5869//5741 3739//3707
f 1109//1109 3739//3707 5901//5773 3708//3676
f 1109//1109 3708//3676 5902//5774 3735//3703
f 1110//1110 3736//3704 5890//5762 3664//3632
f 1110//1110 3664//3632 5889//5761 3741//3709
f 1110//1110 3741//3709 5921//5793 3728//3696
f 1110//1110 3728//3696 5922//5794 3736//3704
f 1111//1111 3738//3706 5879//5751 3653//3621
f 1111//1111 3653//3621 5878//5750 3743//3711
f 1111//1111 3743//3711 5910//5782 3717//3685
f 1111//1111 3717//3685 5911//5783 3738//3706
f 1112//1112 3740//3708 5868//5740 3642//3610
f 1112//1112 3642//3610 5867//5739 3745//3713
f 1112//1112 3745//3713 5899//5771 3706//3674
f 1112//1112 3706//3674 5900//5772 3740//3708
f 1113//1113 3742//3710 5888//5760 3662//3630
f 1113//1113 3662//3630 5887//5759 3747//3715
f 1113//1113 3747//3715 5919//5791 3726//3694
f 1113//1113 3726//3694 5920//5792 3742//3710
f 1114//1114 3744//3712 5877//5749 3651//3619
f 1114//1114 3651//3619 5876//5748 3749//3717
f 1114//1114 3749//3717 5908//5780 3715//3683
f 1114//1114 3715//3683 5909//5781 3744//3712
f 1115//1115 3746//3714 5866//5738 3640//3608
f 1115//1115 3640//3608 5865//5737 3751//3719
f 1115//1115 3751//3719 5897//5769 3704//3672
f 1115//1115 3704//3672 5898//5770 3746//3714
f 1116//1116 3748//3716 5886//5758 3660//3628
f 1116//1116 3660//3628 5885//5757 3753//3721
f 1116//1116 3753//3721 5917//5789 3724//3692
f 1116//1116 3724//3692 5918//5790 3748//3716
f 1117//1117 3752//3720 5864//5736 3638//3606
f 1117//1117 3638//3606 5863//5735 3755//3723
f 1117//1117 3755//3723 5895//5767 3702//3670
f 1117//1117 3702//3670 5896//5768 3752//3720
f 1118//1118 3750//3718 5875//5747 3649//3617
f 1118//1118 3649//3617 5874//5746 3757//3725
f 1118//1118 3757//3725 5906//5778 3713//3681
f 1118//1118 3713//3681 5907//5779 3750//3718
f 1119//1119 3754//3722 5884//5756 3658//3626
f 1119//1119 3658//3626 5883//5755 3759//3727
f 1119//1119 3759//3727 5915//5787 3722//3690
f 1119//1119 3722//3690 5916//5788 3754//3722
f 1120//1120 3756//3724 5862//5734 3636//3604
f 1120//1120 3636//3604 5861//5733 3760//3728
f 1120//1120 3760//3728 5893//5765 3700//3668
f 1120//1120 3700//3668 5894//5766 3756//3724
f 1121//1121 3758//3726 5873//5745 3647//3615
f 1121//1121 3647//3615 5872//5744 3761//3729
f 1121//1121 3761//3729 5904//5776 3711//3679
f 1121//1121 3711//3679 5905//5777 3758//3726
f 1122//1122 3858//3794 5950//5822 3788//3756
f 1122//1122 3788//3756 5949//5821 3859//3795
f 1122//1122 3859//3795 5981//1154 3852//1154
f 1122//1122 3852//1154 5982//1154 3858//3794
f 1123//1123 3796//3764 5894//5766 3700//3668
f 1123//1123 3700//3668 5893//5765 3797//3765
f 1123//1123 3797//3765 5925//5797 3764//3732
f 1123//1123 3764//3732 5926//5798 3796//3764
f 1124//1124 3798//3766 5905//5777 3711//3679
f 1124//1124 3711//3679 5904//5776 3799//3767
f 1124//1124 3799//3767 5936//5808 3775//3743
f 1124//1124 3775//3743 5937//5809 3798//3766
f 1125//1125 3800//3768 5914//5786 3720//3688
f 1125//1125 3720//3688 5913//5785 3801//3769
f 1125//1125 3801//3769 5945//5817 3784//3752
f 1125//1125 3784//3752 5946//5818 3800//3768
f 1126//1126 3802//3770 5892//5764 3698//3666
f 1126//1126 3698//3666 5891//5763 3803//3771
f 1126//1126 3803//3771 5923//5795 3762//3730
f 1126//1126 3762//3730 5924//5796 3802//3770
f 1127//1127 3804//3772 5903//5775 3709//3677
f 1127//1127 3709//3677 5902//5774 3805//3773
f 1127//1127 3805//3773 5934//5806 3773//3741
f 1127//1127 3773//3741 5935//5807 3804//3772
f 1128//1128 3803//3771 5891//5763 3729//3697
f 1128//1128 3729//3697 5922//5794 3806//3774
f 1128//1128 3806//3774 5954//5826 3793//3761
f 1128//1128 3793//3761 5923//5795 3803//3771
f 1129//1129 3807//3775 5912//5784 3718//3686
f 1129//1129 3718//3686 5911//5783 3808//3776
f 1129//1129 3808//3776 5943//5815 3782//3750
f 1129//1129 3782//3750 5944//5816 3807//3775
f 1130//1130 3809//3777 5901//5773 3707//3675
f 1130//1130 3707//3675 5900//5772 3810//3778
f 1130//1130 3810//3778 5932//5804 3771//3739
f 1130//1130 3771//3739 5933//5805 3809//3777
f 1131//1131 3811//3779 5921//5793 3727//3695
f 1131//1131 3727//3695 5920//5792 3812//3780
f 1131//1131 3812//3780 5952//5824 3791//3759
f 1131//1131 3791//3759 5953//5825 3811//3779
f 1132//1132 3813//3781 5910//5782 3716//3684
f 1132//1132 3716//3684 5909//5781 3814//3782
f 1132//1132 3814//3782 5941//5813 3780//3748
f 1132//1132 3780//3748 5942//5814 3813//3781
f 1133//1133 3815//3783 5899//5771 3705//3673
f 1133//1133 3705//3673 5898//5770 3816//3784
f 1133//1133 3816//3784 5930//5802 3769//3737
f 1133//1133 3769//3737 5931//5803 3815//3783
f 1134//1134 3817//3785 5919//5791 3725//3693
f 1134//1134 3725//3693 5918//5790 3818//3786
f 1134//1134 3818//3786 5950//5822 3789//3757
f 1134//1134 3789//3757 5951//5823 3817//3785
f 1135//1135 3819//3787 5908//5780 3714//3682
f 1135//1135 3714//3682 5907//5779 3820//3788
f 1135//1135 3820//3788 5939//5811 3778//3746
f 1135//1135 3778//3746 5940//5812 3819//3787
f 1136//1136 3821//3789 5897//5769 3703//3671
f 1136//1136 3703//3671 5896//5768 3822//3790
f 1136//1136 3822//3790 5928//5800 3767//3735
f 1136//1136 3767//3735 5929//5801 3821//3789
f 1137//1137 3823//3791 5917//5789 3723//3691
f 1137//1137 3723//3691 5916//5788 3794//3762
f 1137//1137 3794//3762 5948//5820 3787//3755
f 1137//1137 3787//3755 5949//5821 3823//3791
f 1138//1138 3824//3792 5895//5767 3701//3669
f 1138//1138 3701//3669 5894//5766 3796//3764
f 1138//1138 3796//3764 5926//5798 3765//3733
f 1138//1138 3765//3733 5927//5799 3824//3792
f 1139//1139 3825//3793 5906//5778 3712//3680
f 1139//1139 3712//3680 5905//5777 3798//3766
f 1139//1139 3798//3766 5937//5809 3776//3744
f 1139//1139 3776//3744 5938//5810 3825//3793
f 1140//1140 3795//3763 5915//5787 3721//3689
f 1140//1140 3721//3689 5914//5786 3800//3768
f 1140//1140 3800//3768 5946//5818 3785//3753
f 1140//1140 3785//3753 5947//5819 3795//3763
f 1141//1141 3797//3765 5893//5765 3699//3667
f 1141//1141 3699//3667 5892//5764 3802//3770
f 1141//1141 3802//3770 5924//5796 3763//3731
f 1141//1141 3763//3731 5925//5797 3797//3765
f 1142//1142 3799//3767 5904//5776 3710//3678
f 1142//1142 3710//3678 5903//5775 3804//3772
f 1142//1142 3804//3772 5935//5807 3774//3742
f 1142//1142 3774//3742 5936//5808 3799//3767
f 1143//1143 3801//3769 5913//5785 3719//3687
f 1143//1143 3719//3687 5912//5784 3807//3775
f 1143//1143 3807//3775 5944//5816 3783//3751
f 1143//1143 3783//3751 5945//5817 3801//3769
f 1144//1144 3805//3773 5902//5774 3708//3676
f 1144//1144 3708//3676 5901//5773 3809//3777
f 1144//1144 3809//3777 5933//5805 3772//3740
f 1144//1144 3772//3740 5934//5806 3805//3773
f 1145//1145 3806//3774 5922//5794 3728//3696
f 1145//1145 3728//3696 5921//5793 3811//3779
f 1145//1145 3811//3779 5953//5825 3792//3760
f 1145//1145 3792//3760 5954//5826 3806//3774
f 1146//1146 3808//3776 5911//5783 3717//3685
f 1146//1146 3717//3685 5910//5782 3813//3781
f 1146//1146 3813//3781 5942//5814 3781//3749
f 1146//1146 3781//3749 5943//5815 3808//3776
f 1147//1147 3810//3778 5900//5772 3706//3674
f 1147//1147 3706//3674 5899//5771 3815//3783
f 1147//1147 3815//3783 5931//5803 3770//3738
f 1147//1147 3770//3738 5932//5804 3810//3778
f 1148//1148 3812//3780 5920//5792 3726//3694
f 1148//1148 3726//3694 5919//5791 3817//3785
f 1148//1148 3817//3785 5951//5823 3790//3758
f 1148//1148 3790//3758 5952//5824 3812//3780
f 1149//1149 3814//3782 5909//5781 3715//3683
f 1149//1149 3715//3683 5908//5780 3819//3787
f 1149//1149 3819//3787 5940//5812 3779//3747
f 1149//1149 3779//3747 5941//5813 3814//3782
f 1150//1150 3816//3784 5898//5770 3704//3672
f 1150//1150 3704//3672 5897//5769 3821//3789
f 1150//1150 3821//3789 5929//5801 3768//3736
f 1150//1150 3768//3736 5930//5802 3816//3784
f 1151//1151 3818//3786 5918//5790 3724//3692
f 1151//1151 3724//3692 5917//5789 3823//3791
f 1151//1151 3823//3791 5949//5821 3788//3756
f 1151//1151 3788//3756 5950//5822 3818//3786
f 1152//1152 3822//3790 5896//5768 3702//3670
f 1152//1152 3702//3670 5895//5767 3824//3792
f 1152//1152 3824//3792 5927//5799 3766//3734
f 1152//1152 3766//3734 5928//5800 3822//3790
f 1153//1153 3820//3788 5907//5779 3713//3681
f 1153//1153 3713//3681 5906//5778 3825//3793
f 1153//1153 3825//3793 5938//5810 3777//3745
f 1153//1153 3777//3745 5939//5811 3820//3788
f 1154//1154 4259//1154 5983//1154 3853//1154
f 1154//1154 3853//1154 5982//1154 4260//1154
f 1154//1154 4260//1154 6206//1154 4254//1154
f 1154//1154 4254//1154 6207//1154 4259//1154
f 1155//1155 3860//3796 5928//5800 3766//3734
f 1155//1155 3766//3734 5927//5799 3861//3797
f 1155//1155 3861//3797 5959//1154 3830//1154
f 1155//1155 3830//1154 5960//1154 3860//3796
f 1156//1156 3862//3798 5939//5811 3777//3745
f 1156//1156 3777//3745 5938//5810 3863//3799
f 1156//1156 3863//3799 5970//1154 3841//1154
f 1156//1156 3841//1154 5971//1154 3862//3798
f 1157//1157 3864//3800 5948//5820 3786//3754
f 1157//1157 3786//3754 5947//5819 3865//3801
f 1157//1157 3865//3801 5979//1154 3850//1154
f 1157//1157 3850//1154 5980//1154 3864//3800
f 1158//1158 3866//3802 5926//5798 3764//3732
f 1158//1158 3764//3732 5925//5797 3867//3803
f 1158//1158 3867//3803 5957//1154 3828//1154
f 1158//1158 3828//1154 5958//1154 3866//3802
f 1159//1159 3868//3804 5937//5809 3775//3743
f 1159//1159 3775//3743 5936//5808 3869//3805
f 1159//1159 3869//3805 5968//1154 3839//1154
f 1159//1159 3839//1154 5969//1154 3868//3804
f 1160//1160 3870//3806 5946//5818 3784//3752
f 1160//1160 3784//3752 5945//5817 3871//3807
f 1160//1160 3871//3807 5977//1154 3848//1154
f 1160//1160 3848//1154 5978//1154 3870//3806
f 1161//1161 3872//3808 5924//5796 3762//3730
f 1161//1161 3762//3730 5923//5795 3873//3809
f 1161//1161 3873//3809 5955//1154 3826//1154
f 1161//1161 3826//1154 5956//1154 3872//3808
f 1162//1162 3874//3810 5935//5807 3773//3741
f 1162//1162 3773//3741 5934//5806 3875//3811
f 1162//1162 3875//3811 5966//1154 3837//1154
f 1162//1162 3837//1154 5967//1154 3874//3810
f 1163//1163 3873//3809 5923//5795 3793//3761
f 1163//1163 3793//3761 5954//5826 3876//3812
f 1163//1163 3876//3812 5986//1154 3857//1154
f 1163//1163 3857//1154 5955//1154 3873//3809
f 1164//1164 3877//3813 5944//5816 3782//3750
f 1164//1164 3782//3750 5943//5815 3878//3814
f 1164//1164 3878//3814 5975//1154 3846//1154
f 1164//1164 3846//1154 5976//1154 3877//3813
f 1165//1165 3879//3815 5933//5805 3771//3739
f 1165//1165 3771//3739 5932//5804 3880//3816
f 1165//1165 3880//3816 5964//1154 3835//1154
f 1165//1165 3835//1154 5965//1154 3879//3815
f 1166//1166 3881//3817 5953//5825 3791//3759
f 1166//1166 3791//3759 5952//5824 3882//3818
f 1166//1166 3882//3818 5984//1154 3855//1154
f 1166//1166 3855//1154 5985//1154 3881//3817
f 1167//1167 3883//3819 5942//5814 3780//3748
f 1167//1167 3780//3748 5941//5813 3884//3820
f 1167//1167 3884//3820 5973//1154 3844//1154
f 1167//1167 3844//1154 5974//1154 3883//3819
f 1168//1168 3885//3821 5931//5803 3769//3737
f 1168//1168 3769//3737 5930//5802 3886//3822
f 1168//1168 3886//3822 5962//1154 3833//1154
f 1168//1168 3833//1154 5963//1154 3885//3821
f 1169//1169 3887//3823 5951//5823 3789//3757
f 1169//1169 3789//3757 5950//5822 3858//3794
f 1169//1169 3858//3794 5982//1154 3853//1154
f 1169//1169 3853//1154 5983//1154 3887//3823
f 1170//1170 3888//3824 5940//5812 3778//3746
f 1170//1170 3778//3746 5939//5811 3862//3798
f 1170//1170 3862//3798 5971//1154 3842//1154
f 1170//1170 3842//1154 5972//1154 3888//3824
f 1171//1171 3889//3825 5929//5801 3767//3735
f 1171//1171 3767//3735 5928//5800 3860//3796
f 1171//1171 3860//3796 5960//1154 3831//1154
f 1171//1171 3831//1154 5961//1154 3889//3825
f 1172//1172 3859//3795 5949//5821 3787//3755
f 1172//1172 3787//3755 5948//5820 3864//3800
f 1172//1172 3864//3800 5980//1154 3851//1154
f 1172//1172 3851//1154 5981//1154 3859//3795
f 1173//1173 3861//3797 5927//5799 3765//3733
f 1173//1173 3765//3733 5926//5798 3866//3802
f 1173//1173 3866//3802 5958//1154 3829//1154
f 1173//1173 3829//1154 5959//1154 3861//3797
f 1174//1174 3863//3799 5938//5810 3776//3744
f 1174//1174 3776//3744 5937//5809 3868//3804
f 1174//1174 3868//3804 5969//1154 3840//1154
f 1174//1174 3840//1154 5970//1154 3863//3799
f 1175//1175 3865//3801 5947//5819 3785//3753
f 1175//1175 3785//3753 5946//5818 3870//3806
f 1175//1175 3870//3806 5978//1154 3849//1154
f 1175//1175 3849//1154 5979//1154 3865//3801
f 1176//1176 3867//3803 5925//5797 3763//3731
f 1176//1176 3763//3731 5924//5796 3872//3808
f 1176//1176 3872//3808 5956//1154 3827//1154
f 1176//1176 3827//1154 5957//1154 3867//3803
f 1177//1177 3869//3805 5936//5808 3774//3742
f 1177//1177 3774//3742 5935//5807 3874//3810
f 1177//1177 3874//3810 5967//1154 3838//1154
f 1177//1177 3838//1154 5968//1154 3869//3805
f 1178//1178 3871//3807 5945//5817 3783//3751
f 1178//1178 3783//3751 5944//5816 3877//3813
f 1178//1178 3877//3813 5976//1154 3847//1154
f 1178//1178 3847//1154 5977//1154 3871//3807
f 1179//1179 3875//3811 5934//5806 3772//3740
f 1179//1179 3772//3740 5933//5805 3879//3815
f 1179//1179 3879//3815 5965//1154 3836//1154
f 1179//1179 3836//1154 5966//1154 3875//3811
f 1180//1180 3876//3812 5954//5826 3792//3760
f 1180//1180 3792//3760 5953//5825 3881//3817
f 1180//1180 3881//3817 5985//1154 3856//1154
f 1180//1180 3856//1154 5986//1154 3876//3812
f 1181//1181 3878//3814 5943//5815 3781//3749
f 1181//1181 3781//3749 5942//5814 3883//3819
f 1181//1181 3883//3819 5974//1154 3845//1154
f 1181//1181 3845//1154 5975//1154 3878//3814
f 1182//1182 3880//3816 5932//5804 3770//3738
f 1182//1182 3770//3738 5931//5803 3885//3821
f 1182//1182 3885//3821 5963//1154 3834//1154
f 1182//1182 3834//1154 5964//1154 3880//3816
f 1183//1183 3882//3818 5952//5824 3790//3758
f 1183//1183 3790//3758 5951//5823 3887//3823
f 1183//1183 3887//3823 5983//1154 3854//1154
f 1183//1183 3854//1154 5984//1154 3882//3818
f 1184//1184 3884//3820 5941//5813 3779//3747
f 1184//1184 3779//3747 5940//5812 3888//3824
f 1184//1184 3888//3824 5972//1154 3843//1154
f 1184//1184 3843//1154 5973//1154 3884//3820
f 1185//1185 3886//3822 5930//5802 3768//3736
f 1185//1185 3768//3736 5929//5801 3889//3825
f 1185//1185 3889//3825 5961//1154 3832//1154
f 1185//1185 3832//1154 5962//1154 3886//3822
f 1186//1186 3917//3853 5229//5101 2363//2331
f 1186//1186 2363//2331 5228//5100 2480//2448
f 1186//1186 2480//2448 6017//5857 3922//3858
f 1186//1186 3922//3858 6014//5854 3917//3853
f 1187//1187 3915//3851 5240//5112 2374//2342
f 1187//1187 2374//2342 5239//5111 2479//2447
f 1187//1187 2479//2447 6016//5856 3923//3859
f 1187//1187 3923//3859 6012//5852 3915//3851
f 1188//1188 3921//3857 5219//5091 2385//2353
f 1188//1188 2385//2353 5250//5122 2478//2446
f 1188//1188 2478//2446 6015//5855 3924//3860
f 1188//1188 3924//3860 6018//5858 3921//3857
f 1189//1189 3913//3849 5231//5103 2365//2333
f 1189//1189 2365//2333 5230//5102 2476//2444
f 1189//1189 2476//2444 6013//5853 3925//3861
f 1189//1189 3925//3861 6010//5850 3913//3849
f 1190//1190 3911//3847 5220//5092 2354//2322
f 1190//1190 2354//2322 5219//5091 3921//3857
f 1190//1190 3921//3857 6018//5858 3926//3862
f 1190//1190 3926//3862 6008//5848 3911//3847
f 1191//1191 3909//3845 5242//5114 2376//2344
f 1191//1191 2376//2344 5241//5113 2474//2442
f 1191//1191 2474//2442 6011//5851 3927//3863
f 1191//1191 3927//3863 6006//5846 3909//3845
f 1192//1192 3907//3843 5233//5105 2367//2335
f 1192//1192 2367//2335 5232//5104 2472//2440
f 1192//1192 2472//2440 6009//5849 3928//3864
f 1192//1192 3928//3864 6004//5844 3907//3843
f 1193//1193 3905//3841 5222//5094 2356//2324
f 1193//1193 2356//2324 5221//5093 2470//2438
f 1193//1193 2470//2438 6007//5847 3929//3865
f 1193//1193 3929//3865 6002//5842 3905//3841
f 1194//1194 3903//3839 5244//5116 2378//2346
f 1194//1194 2378//2346 5243//5115 2468//2436
f 1194//1194 2468//2436 6005//5845 3930//3866
f 1194//1194 3930//3866 6000//5840 3903//3839
f 1195//1195 3899//3835 5235//5107 2369//2337
f 1195//1195 2369//2337 5234//5106 2466//2434
f 1195//1195 2466//2434 6003//5843 3931//3867
f 1195//1195 3931//3867 5996//5836 3899//3835
f 1196//1196 3901//3837 5224//5096 2358//2326
f 1196//1196 2358//2326 5223//5095 2464//2432
f 1196//1196 2464//2432 6001//5841 3932//3868
f 1196//1196 3932//3868 5998//5838 3901//3837
f 1197//1197 3897//3833 5246//5118 2380//2348
f 1197//1197 2380//2348 5245//5117 2462//2430
f 1197//1197 2462//2430 5999//5839 3933//3869
f 1197//1197 3933//3869 5994//5834 3897//3833
f 1198//1198 3895//3831 5226//5098 2360//2328
f 1198//1198 2360//2328 5225//5097 2460//2428
f 1198//1198 2460//2428 5997//5837 3934//3870
f 1198//1198 3934//3870 5992//5832 3895//3831
f 1199//1199 3893//3829 5237//5109 2371//2339
f 1199//1199 2371//2339 5236//5108 2458//2426
f 1199//1199 2458//2426 5995//5835 3935//3871
f 1199//1199 3935//3871 5990//5830 3893//3829
f 1200//1200 3891//3827 5248//5120 2382//2350
f 1200//1200 2382//2350 5247//5119 2456//2424
f 1200//1200 2456//2424 5993//5833 3936//3872
f 1200//1200 3936//3872 5988//5828 3891//3827
f 1201//1201 2480//2448 5228//5100 2362//2330
f 1201//1201 2362//2330 5227//5099 2454//2422
f 1201//1201 2454//2422 5991//5831 3937//3873
f 1201//1201 3937//3873 6017//5857 2480//2448
f 1202//1202 2479//2447 5239//5111 2373//2341
f 1202//1202 2373//2341 5238//5110 2452//2420
f 1202//1202 2452//2420 5989//5829 3938//3874
f 1202//1202 3938//3874 6016//5856 2479//2447
f 1203//1203 2478//2446 5250//5122 2384//2352
f 1203//1203 2384//2352 5249//5121 2450//2418
f 1203//1203 2450//2418 5987//5827 3939//3875
f 1203//1203 3939//3875 6015//5855 2478//2446
f 1204//1204 2476//2444 5230//5102 2364//2332
f 1204//1204 2364//2332 5229//5101 3917//3853
f 1204//1204 3917//3853 6014//5854 3940//3876
f 1204//1204 3940//3876 6013//5853 2476//2444
f 1205//1205 2474//2442 5241//5113 2375//2343
f 1205//1205 2375//2343 5240//5112 3915//3851
f 1205//1205 3915//3851 6012//5852 3941//3877
f 1205//1205 3941//3877 6011//5851 2474//2442
f 1206//1206 2472//2440 5232//5104 2366//2334
f 1206//1206 2366//2334 5231//5103 3913//3849
f 1206//1206 3913//3849 6010//5850 3942//3878
f 1206//1206 3942//3878 6009//5849 2472//2440
f 1207//1207 2470//2438 5221//5093 2355//2323
f 1207//1207 2355//2323 5220//5092 3911//3847
f 1207//1207 3911//3847 6008//5848 3943//3879
f 1207//1207 3943//3879 6007//5847 2470//2438
f 1208//1208 2468//2436 5243//5115 2377//2345
f 1208//1208 2377//2345 5242//5114 3909//3845
f 1208//1208 3909//3845 6006//5846 3944//3880
f 1208//1208 3944//3880 6005//5845 2468//2436
f 1209//1209 2466//2434 5234//5106 2368//2336
f 1209//1209 2368//2336 5233//5105 3907//3843
f 1209//1209 3907//3843 6004//5844 3945//3881
f 1209//1209 3945//3881 6003//5843 2466//2434
f 1210//1210 2464//2432 5223//5095 2357//2325
f 1210//1210 2357//2325 5222//5094 3905//3841
f 1210//1210 3905//3841 6002//5842 3946//3882
f 1210//1210 3946//3882 6001//5841 2464//2432
f 1211//1211 2462//2430 5245//5117 2379//2347
f 1211//1211 2379//2347 5244//5116 3903//3839
f 1211//1211 3903//3839 6000//5840 3947//3883
f 1211//1211 3947//3883 5999//5839 2462//2430
f 1212//1212 2460//2428 5225//5097 2359//2327
f 1212//1212 2359//2327 5224//5096 3901//3837
f 1212//1212 3901//3837 5998//5838 3948//3884
f 1212//1212 3948//3884 5997//5837 2460//2428
f 1213//1213 2458//2426 5236//5108 2370//2338
f 1213//1213 2370//2338 5235//5107 3899//3835
f 1213//1213 3899//3835 5996//5836 3949//3885
f 1213//1213 3949//3885 5995//5835 2458//2426
f 1214//1214 2456//2424 5247//5119 2381//2349
f 1214//1214 2381//2349 5246//5118 3897//3833
f 1214//1214 3897//3833 5994//5834 3950//3886
f 1214//1214 3950//3886 5993//5833 2456//2424
f 1215//1215 2454//2422 5227//5099 2361//2329
f 1215//1215 2361//2329 5226//5098 3895//3831
f 1215//1215 3895//3831 5992//5832 3951//3887
f 1215//1215 3951//3887 5991//5831 2454//2422
f 1216//1216 2452//2420 5238//5110 2372//2340
f 1216//1216 2372//2340 5237//5109 3893//3829
f 1216//1216 3893//3829 5990//5830 3952//3888
f 1216//1216 3952//3888 5989//5829 2452//2420
f 1217//1217 2450//2418 5249//5121 2383//2351
f 1217//1217 2383//2351 5248//5120 3891//3827
f 1217//1217 3891//3827 5988//5828 3953//3889
f 1217//1217 3953//3889 5987//5827 2450//2418
f 1218//1218 4771//4643 6435//6243 4834//4706
f 1218//1218 4834//4706 6436//6244 4019//3955
f 1218//1218 4019//3955 6079//5919 4013//3949
f 1218//1218 4013//3949 6078//5918 4771//4643
f 1219//1219 4760//4632 6399//6207 4621//4493
f 1219//1219 4621//4493 6402//6210 4761//4633
f 1219//1219 4761//4633 6040//5880 3974//3910
f 1219//1219 3974//3910 6039//5879 4760//4632
f 1220//1220 4749//4621 6366//6174 4566//4438
f 1220//1220 4566//4438 6369//6177 4750//4622
f 1220//1220 4750//4622 6029//5869 3963//3899
f 1220//1220 3963//3899 6028//5868 4749//4621
f 1221//1221 4769//4641 6426//6234 4666//4538
f 1221//1221 4666//4538 6429//6237 4770//4642
f 1221//1221 4770//4642 6049//5889 3983//3919
f 1221//1221 3983//3919 6048//5888 4769//4641
f 1222//1222 4758//4630 6393//6201 4611//4483
f 1222//1222 4611//4483 6396//6204 4759//4631
f 1222//1222 4759//4631 6038//5878 3972//3908
f 1222//1222 3972//3908 6037//5877 4758//4630
f 1223//1223 4747//4619 6360//6168 4556//4428
f 1223//1223 4556//4428 6363//6171 4748//4620
f 1223//1223 4748//4620 6027//5867 3961//3897
f 1223//1223 3961//3897 6026//5866 4747//4619
f 1224//1224 4767//4639 6420//6228 4656//4528
f 1224//1224 4656//4528 6423//6231 4768//4640
f 1224//1224 4768//4640 6047//5887 3981//3917
f 1224//1224 3981//3917 6046//5886 4767//4639
f 1225//1225 4745//4617 6354//6162 4546//4418
f 1225//1225 4546//4418 6357//6165 4746//4618
f 1225//1225 4746//4618 6025//5865 3959//3895
f 1225//1225 3959//3895 6024//5864 4745//4617
f 1226//1226 4756//4628 6387//6195 4601//4473
f 1226//1226 4601//4473 6390//6198 4757//4629
f 1226//1226 4757//4629 6036//5876 3970//3906
f 1226//1226 3970//3906 6035//5875 4756//4628
f 1227//1227 4765//4637 6414//6222 4646//4518
f 1227//1227 4646//4518 6417//6225 4766//4638
f 1227//1227 4766//4638 6045//5885 3979//3915
f 1227//1227 3979//3915 6044//5884 4765//4637
f 1228//1228 4743//4615 6348//6156 4536//4408
f 1228//1228 4536//4408 6351//6159 4744//4616
f 1228//1228 4744//4616 6023//5863 3957//3893
f 1228//1228 3957//3893 6022//5862 4743//4615
f 1229//1229 4754//4626 6381//6189 4591//4463
f 1229//1229 4591//4463 6384//6192 4755//4627
f 1229//1229 4755//4627 6034//5874 3968//3904
f 1229//1229 3968//3904 6033//5873 4754//4626
f 1230//1230 4763//4635 6408//6216 4636//4508
f 1230//1230 4636//4508 6411//6219 4764//4636
f 1230//1230 4764//4636 6043//5883 3977//3913
f 1230//1230 3977//3913 6042//5882 4763//4635
f 1231//1231 4741//4613 6432//6240 4674//4546
f 1231//1231 4674//4546 6340//6148 4739//4611
f 1231//1231 4739//4611 6019//5859 3985//3921
f 1231//1231 3985//3921 6050//5890 4741//4613
f 1232//1232 4752//4624 6375//6183 4581//4453
f 1232//1232 4581//4453 6378//6186 4753//4625
f 1232//1232 4753//4625 6032//5872 3966//3902
f 1232//1232 3966//3902 6031//5871 4752//4624
f 1233//1233 4740//4612 6342//6150 4526//4398
f 1233//1233 4526//4398 6345//6153 4742//4614
f 1233//1233 4742//4614 6021//5861 3955//3891
f 1233//1233 3955//3891 6020//5860 4740//4612
f 1234//1234 4761//4633 6402//6210 4626//4498
f 1234//1234 4626//4498 6405//6213 4762//4634
f 1234//1234 4762//4634 6041//5881 3975//3911
f 1234//1234 3975//3911 6040//5880 4761//4633
f 1235//1235 4750//4622 6369//6177 4571//4443
f 1235//1235 4571//4443 6372//6180 4751//4623
f 1235//1235 4751//4623 6030//5870 3964//3900
f 1235//1235 3964//3900 6029//5869 4750//4622
f 1236//1236 4770//4642 6429//6237 4671//4543
f 1236//1236 4671//4543 6432//6240 4741//4613
f 1236//1236 4741//4613 6050//5890 3984//3920
f 1236//1236 3984//3920 6049//5889 4770//4642
f 1237//1237 4759//4631 6396//6204 4616//4488
f 1237//1237 4616//4488 6399//6207 4760//4632
f 1237//1237 4760//4632 6039//5879 3973//3909
f 1237//1237 3973//3909 6038//5878 4759//4631
f 1238//1238 4748//4620 6363//6171 4561//4433
f 1238//1238 4561//4433 6366//6174 4749//4621
f 1238//1238 4749//4621 6028//5868 3962//3898
f 1238//1238 3962//3898 6027//5867 4748//4620
f 1239//1239 4768//4640 6423//6231 4661//4533
f 1239//1239 4661//4533 6426//6234 4769//4641
f 1239//1239 4769//4641 6048//5888 3982//3918
f 1239//1239 3982//3918 6047//5887 4768//4640
f 1240//1240 4757//4629 6390//6198 4606//4478
f 1240//1240 4606//4478 6393//6201 4758//4630
f 1240//1240 4758//4630 6037//5877 3971//3907
f 1240//1240 3971//3907 6036//5876 4757//4629
f 1241//1241 4746//4618 6357//6165 4551//4423
f 1241//1241 4551//4423 6360//6168 4747//4619
f 1241//1241 4747//4619 6026//5866 3960//3896
f 1241//1241 3960//3896 6025//5865 4746//4618
f 1242//1242 4766//4638 6417//6225 4651//4523
f 1242//1242 4651//4523 6420//6228 4767//4639
f 1242//1242 4767//4639 6046//5886 3980//3916
f 1242//1242 3980//3916 6045//5885 4766//4638
f 1243//1243 4744//4616 6351//6159 4541//4413
f 1243//1243 4541//4413 6354//6162 4745//4617
f 1243//1243 4745//4617 6024//5864 3958//3894
f 1243//1243 3958//3894 6023//5863 4744//4616
f 1244//1244 4755//4627 6384//6192 4596//4468
f 1244//1244 4596//4468 6387//6195 4756//4628
f 1244//1244 4756//4628 6035//5875 3969//3905
f 1244//1244 3969//3905 6034//5874 4755//4627
f 1245//1245 4764//4636 6411//6219 4641//4513
f 1245//1245 4641//4513 6414//6222 4765//4637
f 1245//1245 4765//4637 6044//5884 3978//3914
f 1245//1245 3978//3914 6043//5883 4764//4636
f 1246//1246 4742//4614 6345//6153 4531//4403
f 1246//1246 4531//4403 6348//6156 4743//4615
f 1246//1246 4743//4615 6022//5862 3956//3892
f 1246//1246 3956//3892 6021//5861 4742//4614
f 1247//1247 4753//4625 6378//6186 4586//4458
f 1247//1247 4586//4458 6381//6189 4754//4626
f 1247//1247 4754//4626 6033//5873 3967//3903
f 1247//1247 3967//3903 6032//5872 4753//4625
f 1248//1248 4762//4634 6405//6213 4631//4503
f 1248//1248 4631//4503 6408//6216 4763//4635
f 1248//1248 4763//4635 6042//5882 3976//3912
f 1248//1248 3976//3912 6041//5881 4762//4634
f 1249//1249 4751//4623 6372//6180 4576//4448
f 1249//1249 4576//4448 6375//6183 4752//4624
f 1249//1249 4752//4624 6031//5871 3965//3901
f 1249//1249 3965//3901 6030//5870 4751//4623
f 1250//1250 4082//4018 6080//5920 4015//3951
f 1250//1250 4015//3951 6081//5921 4083//4019
f 1250//1250 4083//4019 6113//5953 4079//4015
f 1250//1250 4079//4015 6112//5952 4082//4018
f 1251//1251 4773//4645 6437//6245 4833//4705
f 1251//1251 4833//4705 6438//6246 4021//3957
f 1251//1251 4021//3957 6068//5908 4002//3938
f 1251//1251 4002//3938 6067//5907 4773//4645
f 1252//1252 4775//4647 6439//6247 4832//4704
f 1252//1252 4832//4704 6440//6248 4023//3959
f 1252//1252 4023//3959 6057//5897 3991//3927
f 1252//1252 3991//3927 6056//5896 4775//4647
f 1253//1253 4777//4649 6441//6249 4831//4703
f 1253//1253 4831//4703 6442//6250 4025//3961
f 1253//1253 4025//3961 6077//5917 4011//3947
f 1253//1253 4011//3947 6076//5916 4777//4649
f 1254//1254 4779//4651 6443//6251 4830//4702
f 1254//1254 4830//4702 6444//6252 4027//3963
f 1254//1254 4027//3963 6055//5895 3989//3925
f 1254//1254 3989//3925 6054//5894 4779//4651
f 1255//1255 4781//4653 6445//6253 4829//4701
f 1255//1255 4829//4701 6446//6254 4029//3965
f 1255//1255 4029//3965 6066//5906 4000//3936
f 1255//1255 4000//3936 6065//5905 4781//4653
f 1256//1256 4783//4655 6447//6255 4828//4700
f 1256//1256 4828//4700 6448//6256 4031//3967
f 1256//1256 4031//3967 6075//5915 4009//3945
f 1256//1256 4009//3945 6074//5914 4783//4655
f 1257//1257 4785//4657 6449//6257 4827//4699
f 1257//1257 4827//4699 6450//6258 4033//3969
f 1257//1257 4033//3969 6053//5893 3987//3923
f 1257//1257 3987//3923 6052//5892 4785//4657
f 1258//1258 4787//4659 6451//6259 4826//4698
f 1258//1258 4826//4698 6452//6260 4035//3971
f 1258//1258 4035//3971 6064//5904 3998//3934
f 1258//1258 3998//3934 6063//5903 4787//4659
f 1259//1259 4789//4661 6453//6261 4825//4697
f 1259//1259 4825//4697 6454//6262 4037//3973
f 1259//1259 4037//3973 6073//5913 4007//3943
f 1259//1259 4007//3943 6072//5912 4789//4661
f 1260//1260 4791//4663 6455//6263 4824//4696
f 1260//1260 4824//4696 6456//6264 4039//3975
f 1260//1260 4039//3975 6062//5902 3996//3932
f 1260//1260 3996//3932 6061//5901 4791//4663
f 1261//1261 4793//4665 6457//6265 4823//4695
f 1261//1261 4823//4695 6458//6266 4041//3977
f 1261//1261 4041//3977 6082//5922 4016//3952
f 1261//1261 4016//3952 6081//5921 4793//4665
f 1262//1262 4795//4667 6459//6267 4822//4694
f 1262//1262 4822//4694 6460//6268 4043//3979
f 1262//1262 4043//3979 6071//5911 4005//3941
f 1262//1262 4005//3941 6070//5910 4795//4667
f 1263//1263 4797//4669 6461//6269 4821//4693
f 1263//1263 4821//4693 6462//6270 4045//3981
f 1263//1263 4045//3981 6060//5900 3994//3930
f 1263//1263 3994//3930 6059//5899 4797//4669
f 1264//1264 4019//3955 6436//6244 4820//4692
f 1264//1264 4820//4692 6463//6271 4046//3982
f 1264//1264 4046//3982 6080//5920 4014//3950
f 1264//1264 4014//3950 6079//5919 4019//3955
f 1265//1265 4021//3957 6438//6246 4819//4691
f 1265//1265 4819//4691 6464//6272 4047//3983
f 1265//1265 4047//3983 6069//5909 4003//3939
f 1265//1265 4003//3939 6068//5908 4021//3957
f 1266//1266 4023//3959 6440//6248 4818//4690
f 1266//1266 4818//4690 6465//6273 4048//3984
f 1266//1266 4048//3984 6058//5898 3992//3928
f 1266//1266 3992//3928 6057//5897 4023//3959
f 1267//1267 4025//3961 6442//6250 4817//4689
f 1267//1267 4817//4689 6435//6243 4771//4643
f 1267//1267 4771//4643 6078//5918 4012//3948
f 1267//1267 4012//3948 6077//5917 4025//3961
f 1268//1268 4027//3963 6444//6252 4816//4688
f 1268//1268 4816//4688 6439//6247 4775//4647
f 1268//1268 4775//4647 6056//5896 3990//3926
f 1268//1268 3990//3926 6055//5895 4027//3963
f 1269//1269 4029//3965 6446//6254 4815//4687
f 1269//1269 4815//4687 6437//6245 4773//4645
f 1269//1269 4773//4645 6067//5907 4001//3937
f 1269//1269 4001//3937 6066//5906 4029//3965
f 1270//1270 4031//3967 6448//6256 4814//4686
f 1270//1270 4814//4686 6441//6249 4777//4649
f 1270//1270 4777//4649 6076//5916 4010//3946
f 1270//1270 4010//3946 6075//5915 4031//3967
f 1271//1271 4033//3969 6450//6258 4813//4685
f 1271//1271 4813//4685 6443//6251 4779//4651
f 1271//1271 4779//4651 6054//5894 3988//3924
f 1271//1271 3988//3924 6053//5893 4033//3969
f 1272//1272 4035//3971 6452//6260 4812//4684
f 1272//1272 4812//4684 6445//6253 4781//4653
f 1272//1272 4781//4653 6065//5905 3999//3935
f 1272//1272 3999//3935 6064//5904 4035//3971
f 1273//1273 4037//3973 6454//6262 4811//4683
f 1273//1273 4811//4683 6447//6255 4783//4655
f 1273//1273 4783//4655 6074//5914 4008//3944
f 1273//1273 4008//3944 6073//5913 4037//3973
f 1274//1274 4802//4674 6466//6274 4810//4682
f 1274//1274 4810//4682 6449//6257 4785//4657
f 1274//1274 4785//4657 6052//5892 3986//3922
f 1274//1274 3986//3922 6051//5891 4802//4674
f 1275//1275 4039//3975 6456//6264 4809//4681
f 1275//1275 4809//4681 6451//6259 4787//4659
f 1275//1275 4787//4659 6063//5903 3997//3933
f 1275//1275 3997//3933 6062//5902 4039//3975
f 1276//1276 4041//3977 6458//6266 4808//4680
f 1276//1276 4808//4680 6466//6274 4802//4674
f 1276//1276 4802//4674 6051//5891 4017//3953
f 1276//1276 4017//3953 6082//5922 4041//3977
f 1277//1277 4043//3979 6460//6268 4807//4679
f 1277//1277 4807//4679 6453//6261 4789//4661
f 1277//1277 4789//4661 6072//5912 4006//3942
f 1277//1277 4006//3942 6071//5911 4043//3979
f 1278//1278 4045//3981 6462//6270 4806//4678
f 1278//1278 4806//4678 6455//6263 4791//4663
f 1278//1278 4791//4663 6061//5901 3995//3931
f 1278//1278 3995//3931 6060//5900 4045//3981
f 1279//1279 4046//3982 6463//6271 4805//4677
f 1279//1279 4805//4677 6457//6265 4793//4665
f 1279//1279 4793//4665 6081//5921 4015//3951
f 1279//1279 4015//3951 6080//5920 4046//3982
f 1280//1280 4047//3983 6464//6272 4804//4676
f 1280//1280 4804//4676 6459//6267 4795//4667
f 1280//1280 4795//4667 6070//5910 4004//3940
f 1280//1280 4004//3940 6069//5909 4047//3983
f 1281//1281 4048//3984 6465//6273 4803//4675
f 1281//1281 4803//4675 6461//6269 4797//4669
f 1281//1281 4797//4669 6059//5899 3993//3929
f 1281//1281 3993//3929 6058//5898 4048//3984
f 1282//1282 4081//4017 6083//5923 4050//3986
f 1282//1282 4050//3986 6084//5924 4051//3987
f 1282//1282 4051//3987 6085//5925 4052//3988
f 1282//1282 4052//3988 6086//5926 4053//3989
f 1282//1282 4053//3989 6087//5927 4054//3990
f 1282//1282 4054//3990 6088//5928 4055//3991
f 1282//1282 4055//3991 6089//5929 4056//3992
f 1282//1282 4056//3992 6090//5930 4057//3993
f 1282//1282 4057//3993 6091//5931 4058//3994
f 1282//1282 4058//3994 6092//5932 4059//3995
f 1282//1282 4059//3995 6093//5933 4060//3996
f 1282//1282 4060//3996 6094//5934 4061//3997
f 1282//1282 4061//3997 6095//5935 4062//3998
f 1282//1282 4062//3998 6096//5936 4063//3999
f 1282//1282 4063//3999 6097//5937 4064//4000
f 1282//1282 4064//4000 6098//5938 4065//4001
f 1282//1282 4065//4001 6099//5939 4066//4002
f 1282//1282 4066//4002 6100//5940 4067//4003
f 1282//1282 4067//4003 6101//5941 4068//4004
f 1282//1282 4068//4004 6102//5942 4069//4005
f 1282//1282 4069//4005 6103//5943 4070//4006
f 1282//1282 4070//4006 6104//5944 4071//4007
f 1282//1282 4071//4007 6105//5945 4072//4008
f 1282//1282 4072//4008 6106//5946 4073//4009
f 1282//1282 4073//4009 6107//5947 4074//4010
f 1282//1282 4074//4010 6108//5948 4075//4011
f 1282//1282 4075//4011 6109//5949 4076//4012
f 1282//1282 4076//4012 6110//5950 4077//4013
f 1282//1282 4077//4013 6111//5951 4078//4014
f 1282//1282 4078//4014 6112//5952 4079//4015
f 1282//1282 4079//4015 6113//5953 4080//4016
f 1282//1282 4080//4016 6114//5954 4081//4017
f 1283//1283 4084//4020 6069//5909 4004//3940
f 1283//1283 4004//3940 6070//5910 4085//4021
f 1283//1283 4085//4021 6102//5942 4068//4004
f 1283//1283 4068//4004 6101//5941 4084//4020
f 1284//1284 4086//4022 6058//5898 3993//3929
f 1284//1284 3993//3929 6059//5899 4087//4023
f 1284//1284 4087//4023 6091//5931 4057//3993
f 1284//1284 4057//3993 6090//5930 4086//4022
f 1285//1285 4088//4024 6078//5918 4013//3949
f 1285//1285 4013//3949 6079//5919 4089//4025
f 1285//1285 4089//4025 6111//5951 4077//4013
f 1285//1285 4077//4013 6110//5950 4088//4024
f 1286//1286 4090//4026 6067//5907 4002//3938
f 1286//1286 4002//3938 6068//5908 4091//4027
f 1286//1286 4091//4027 6100//5940 4066//4002
f 1286//1286 4066//4002 6099//5939 4090//4026
f 1287//1287 4092//4028 6056//5896 3991//3927
f 1287//1287 3991//3927 6057//5897 4093//4029
f 1287//1287 4093//4029 6089//5929 4055//3991
f 1287//1287 4055//3991 6088//5928 4092//4028
f 1288//1288 4094//4030 6076//5916 4011//3947
f 1288//1288 4011//3947 6077//5917 4095//4031
f 1288//1288 4095//4031 6109//5949 4075//4011
f 1288//1288 4075//4011 6108//5948 4094//4030
f 1289//1289 4096//4032 6054//5894 3989//3925
f 1289//1289 3989//3925 6055//5895 4097//4033
f 1289//1289 4097//4033 6087//5927 4053//3989
f 1289//1289 4053//3989 6086//5926 4096//4032
f 1290//1290 4098//4034 6065//5905 4000//3936
f 1290//1290 4000//3936 6066//5906 4099//4035
f 1290//1290 4099//4035 6098//5938 4064//4000
f 1290//1290 4064//4000 6097//5937 4098//4034
f 1291//1291 4100//4036 6074//5914 4009//3945
f 1291//1291 4009//3945 6075//5915 4101//4037
f 1291//1291 4101//4037 6107//5947 4073//4009
f 1291//1291 4073//4009 6106//5946 4100//4036
f 1292//1292 4102//4038 6052//5892 3987//3923
f 1292//1292 3987//3923 6053//5893 4103//4039
f 1292//1292 4103//4039 6085//5925 4051//3987
f 1292//1292 4051//3987 6084//5924 4102//4038
f 1293//1293 4104//4040 6063//5903 3998//3934
f 1293//1293 3998//3934 6064//5904 4105//4041
f 1293//1293 4105//4041 6096//5936 4062//3998
f 1293//1293 4062//3998 6095//5935 4104//4040
f 1294//1294 4106//4042 6072//5912 4007//3943
f 1294//1294 4007//3943 6073//5913 4107//4043
f 1294//1294 4107//4043 6105//5945 4071//4007
f 1294//1294 4071//4007 6104//5944 4106//4042
f 1295//1295 4108//4044 6061//5901 3996//3932
f 1295//1295 3996//3932 6062//5902 4109//4045
f 1295//1295 4109//4045 6094//5934 4060//3996
f 1295//1295 4060//3996 6093//5933 4108//4044
f 1296//1296 4083//4019 6081//5921 4016//3952
f 1296//1296 4016//3952 6082//5922 4110//4046
f 1296//1296 4110//4046 6114//5954 4080//4016
f 1296//1296 4080//4016 6113//5953 4083//4019
f 1297//1297 4085//4021 6070//5910 4005//3941
f 1297//1297 4005//3941 6071//5911 4111//4047
f 1297//1297 4111//4047 6103//5943 4069//4005
f 1297//1297 4069//4005 6102//5942 4085//4021
f 1298//1298 4087//4023 6059//5899 3994//3930
f 1298//1298 3994//3930 6060//5900 4112//4048
f 1298//1298 4112//4048 6092//5932 4058//3994
f 1298//1298 4058//3994 6091//5931 4087//4023
f 1299//1299 4089//4025 6079//5919 4014//3950
f 1299//1299 4014//3950 6080//5920 4082//4018
f 1299//1299 4082//4018 6112//5952 4078//4014
f 1299//1299 4078//4014 6111//5951 4089//4025
f 1300//1300 4091//4027 6068//5908 4003//3939
f 1300//1300 4003//3939 6069//5909 4084//4020
f 1300//1300 4084//4020 6101//5941 4067//4003
f 1300//1300 4067//4003 6100//5940 4091//4027
f 1301//1301 4093//4029 6057//5897 3992//3928
f 1301//1301 3992//3928 6058//5898 4086//4022
f 1301//1301 4086//4022 6090//5930 4056//3992
f 1301//1301 4056//3992 6089//5929 4093//4029
f 1302//1302 4095//4031 6077//5917 4012//3948
f 1302//1302 4012//3948 6078//5918 4088//4024
f 1302//1302 4088//4024 6110//5950 4076//4012
f 1302//1302 4076//4012 6109//5949 4095//4031
f 1303//1303 4097//4033 6055//5895 3990//3926
f 1303//1303 3990//3926 6056//5896 4092//4028
f 1303//1303 4092//4028 6088//5928 4054//3990
f 1303//1303 4054//3990 6087//5927 4097//4033
f 1304//1304 4099//4035 6066//5906 4001//3937
f 1304//1304 4001//3937 6067//5907 4090//4026
f 1304//1304 4090//4026 6099//5939 4065//4001
f 1304//1304 4065//4001 6098//5938 4099//4035
f 1305//1305 4101//4037 6075//5915 4010//3946
f 1305//1305 4010//3946 6076//5916 4094//4030
f 1305//1305 4094//4030 6108//5948 4074//4010
f 1305//1305 4074//4010 6107//5947 4101//4037
f 1306//1306 4103//4039 6053//5893 3988//3924
f 1306//1306 3988//3924 6054//5894 4096//4032
f 1306//1306 4096//4032 6086//5926 4052//3988
f 1306//1306 4052//3988 6085//5925 4103//4039
f 1307//1307 4105//4041 6064//5904 3999//3935
f 1307//1307 3999//3935 6065//5905 4098//4034
f 1307//1307 4098//4034 6097//5937 4063//3999
f 1307//1307 4063//3999 6096//5936 4105//4041
f 1308//1308 4107//4043 6073//5913 4008//3944
f 1308//1308 4008//3944 6074//5914 4100//4036
f 1308//1308 4100//4036 6106//5946 4072//4008
f 1308//1308 4072//4008 6105//5945 4107//4043
f 1309//1309 4113//4049 6051//5891 3986//3922
f 1309//1309 3986//3922 6052//5892 4102//4038
f 1309//1309 4102//4038 6084//5924 4050//3986
f 1309//1309 4050//3986 6083//5923 4113//4049
f 1310//1310 4109//4045 6062//5902 3997//3933
f 1310//1310 3997//3933 6063//5903 4104//4040
f 1310//1310 4104//4040 6095//5935 4061//3997
f 1310//1310 4061//3997 6094//5934 4109//4045
f 1311//1311 4110//4046 6082//5922 4017//3953
f 1311//1311 4017//3953 6051//5891 4113//4049
f 1311//1311 4113//4049 6083//5923 4081//4017
f 1311//1311 4081//4017 6114//5954 4110//4046
f 1312//1312 4111//4047 6071//5911 4006//3942
f 1312//1312 4006//3942 6072//5912 4106//4042
f 1312//1312 4106//4042 6104//5944 4070//4006
f 1312//1312 4070//4006 6103//5943 4111//4047
f 1313//1313 4112//4048 6060//5900 3995//3931
f 1313//1313 3995//3931 6061//5901 4108//4044
f 1313//1313 4108//4044 6093//5933 4059//3995
f 1313//1313 4059//3995 6092//5932 4112//4048
f 1314//1314 1827//1795 4958//4830 1790//1758
f 1314//1314 1790//1758 4959//4831 4129//4065
f 1314//1314 4129//4065 6130//5970 4146//4082
f 1314//1314 4146//4082 6115//5955 1827//1795
f 1315//1315 1828//1796 4947//4819 1779//1747
f 1315//1315 1779//1747 4948//4820 4130//4066
f 1315//1315 4130//4066 6131//5971 4147//4083
f 1315//1315 4147//4083 6116//5956 1828//1796
f 1316//1316 1829//1797 4936//4808 1768//1736
f 1316//1316 1768//1736 4937//4809 4131//4067
f 1316//1316 4131//4067 6132//5972 4148//4084
f 1316//1316 4148//4084 6117//5957 1829//1797
f 1317//1317 1830//1798 4956//4828 1788//1756
f 1317//1317 1788//1756 4957//4829 4132//4068
f 1317//1317 4132//4068 6133//5973 4149//4085
f 1317//1317 4149//4085 6118//5958 1830//1798
f 1318//1318 1831//1799 4934//4806 1766//1734
f 1318//1318 1766//1734 4935//4807 4133//4069
f 1318//1318 4133//4069 6134//5974 4150//4086
f 1318//1318 4150//4086 6119//5959 1831//1799
f 1319//1319 1832//1800 4945//4817 1777//1745
f 1319//1319 1777//1745 4946//4818 4134//4070
f 1319//1319 4134//4070 6135//5975 4151//4087
f 1319//1319 4151//4087 6120//5960 1832//1800
f 1320//1320 1833//1801 4954//4826 1786//1754
f 1320//1320 1786//1754 4955//4827 4135//4071
f 1320//1320 4135//4071 6136//5976 4152//4088
f 1320//1320 4152//4088 6121//5961 1833//1801
f 1321//1321 1834//1802 4932//4804 1764//1732
f 1321//1321 1764//1732 4933//4805 4136//4072
f 1321//1321 4136//4072 6137//5977 4153//4089
f 1321//1321 4153//4089 6122//5962 1834//1802
f 1322//1322 1835//1803 4943//4815 1775//1743
f 1322//1322 1775//1743 4944//4816 4137//4073
f 1322//1322 4137//4073 6138//5978 4154//4090
f 1322//1322 4154//4090 6123//5963 1835//1803
f 1323//1323 1836//1804 4952//4824 1784//1752
f 1323//1323 1784//1752 4953//4825 4138//4074
f 1323//1323 4138//4074 6139//5979 4155//4091
f 1323//1323 4155//4091 6124//5964 1836//1804
f 1324//1324 1837//1805 4941//4813 1773//1741
f 1324//1324 1773//1741 4942//4814 4139//4075
f 1324//1324 4139//4075 6140//5980 4156//4092
f 1324//1324 4156//4092 6125//5965 1837//1805
f 1325//1325 1838//1806 4961//4833 1793//1761
f 1325//1325 1793//1761 4962//4834 4140//4076
f 1325//1325 4140//4076 6141//5981 4157//4093
f 1325//1325 4157//4093 6126//5966 1838//1806
f 1326//1326 1839//1807 4950//4822 1782//1750
f 1326//1326 1782//1750 4951//4823 4141//4077
f 1326//1326 4141//4077 6142//5982 4158//4094
f 1326//1326 4158//4094 6127//5967 1839//1807
f 1327//1327 1840//1808 4939//4811 1771//1739
f 1327//1327 1771//1739 4940//4812 4142//4078
f 1327//1327 4142//4078 6143//5983 4159//4095
f 1327//1327 4159//4095 6128//5968 1840//1808
f 1328//1328 4129//4065 4959//4831 1791//1759
f 1328//1328 1791//1759 4960//4832 4143//4079
f 1328//1328 4143//4079 6144//5984 4160//4096
f 1328//1328 4160//4096 6130//5970 4129//4065
f 1329//1329 4130//4066 4948//4820 1780//1748
f 1329//1329 1780//1748 4949//4821 4144//4080
f 1329//1329 4144//4080 6145//5985 4161//4097
f 1329//1329 4161//4097 6131//5971 4130//4066
f 1330//1330 4131//4067 4937//4809 1769//1737
f 1330//1330 1769//1737 4938//4810 4145//4081
f 1330//1330 4145//4081 6146//5986 4162//4098
f 1330//1330 4162//4098 6132//5972 4131//4067
f 1331//1331 4132//4068 4957//4829 1789//1757
f 1331//1331 1789//1757 4958//4830 1827//1795
f 1331//1331 1827//1795 6115//5955 4163//4099
f 1331//1331 4163//4099 6133//5973 4132//4068
f 1332//1332 4133//4069 4935//4807 1767//1735
f 1332//1332 1767//1735 4936//4808 1829//1797
f 1332//1332 1829//1797 6117//5957 4164//4100
f 1332//1332 4164//4100 6134//5974 4133//4069
f 1333//1333 4134//4070 4946//4818 1778//1746
f 1333//1333 1778//1746 4947//4819 1828//1796
f 1333//1333 1828//1796 6116//5956 4165//4101
f 1333//1333 4165//4101 6135//5975 4134//4070
f 1334//1334 4135//4071 4955//4827 1787//1755
f 1334//1334 1787//1755 4956//4828 1830//1798
f 1334//1334 1830//1798 6118//5958 4166//4102
f 1334//1334 4166//4102 6136//5976 4135//4071
f 1335//1335 4136//4072 4933//4805 1765//1733
f 1335//1335 1765//1733 4934//4806 1831//1799
f 1335//1335 1831//1799 6119//5959 4167//4103
f 1335//1335 4167//4103 6137//5977 4136//4072
f 1336//1336 4137//4073 4944//4816 1776//1744
f 1336//1336 1776//1744 4945//4817 1832//1800
f 1336//1336 1832//1800 6120//5960 4168//4104
f 1336//1336 4168//4104 6138//5978 4137//4073
f 1337//1337 4138//4074 4953//4825 1785//1753
f 1337//1337 1785//1753 4954//4826 1833//1801
f 1337//1337 1833//1801 6121//5961 4169//4105
f 1337//1337 4169//4105 6139//5979 4138//4074
f 1338//1338 1841//1809 4931//4803 1763//1731
f 1338//1338 1763//1731 4932//4804 1834//1802
f 1338//1338 1834//1802 6122//5962 4170//4106
f 1338//1338 4170//4106 6129//5969 1841//1809
f 1339//1339 4139//4075 4942//4814 1774//1742
f 1339//1339 1774//1742 4943//4815 1835//1803
f 1339//1339 1835//1803 6123//5963 4171//4107
f 1339//1339 4171//4107 6140//5980 4139//4075
f 1340//1340 4140//4076 4962//4834 1794//1762
f 1340//1340 1794//1762 4931//4803 1841//1809
f 1340//1340 1841//1809 6129//5969 4172//4108
f 1340//1340 4172//4108 6141//5981 4140//4076
f 1341//1341 4141//4077 4951//4823 1783//1751
f 1341//1341 1783//1751 4952//4824 1836//1804
f 1341//1341 1836//1804 6124//5964 4173//4109
f 1341//1341 4173//4109 6142//5982 4141//4077
f 1342//1342 4142//4078 4940//4812 1772//1740
f 1342//1342 1772//1740 4941//4813 1837//1805
f 1342//1342 1837//1805 6125//5965 4174//4110
f 1342//1342 4174//4110 6143//5983 4142//4078
f 1343//1343 4143//4079 4960//4832 1792//1760
f 1343//1343 1792//1760 4961//4833 1838//1806
f 1343//1343 1838//1806 6126//5966 4175//4111
f 1343//1343 4175//4111 6144//5984 4143//4079
f 1344//1344 4144//4080 4949//4821 1781//1749
f 1344//1344 1781//1749 4950//4822 1839//1807
f 1344//1344 1839//1807 6127//5967 4176//4112
f 1344//1344 4176//4112 6145//5985 4144//4080
f 1345//1345 4145//4081 4938//4810 1770//1738
f 1345//1345 1770//1738 4939//4811 1840//1808
f 1345//1345 1840//1808 6128//5968 4177//4113
f 1345//1345 4177//4113 6146//5986 4145//4081
f 1346//1346 4194//4130 4993//4865 1874//1842
f 1346//1346 1874//1842 4989//4861 1868//1836
f 1346//1346 1868//1836 6177//6017 4195//4131
f 1346//1346 4195//4131 6163//6003 4194//4130
f 1347//1347 4193//4129 4992//4864 1875//1843
f 1347//1347 1875//1843 4987//4859 1866//1834
f 1347//1347 1866//1834 6176//6016 4196//4132
f 1347//1347 4196//4132 6162//6002 4193//4129
f 1348//1348 4192//4128 4991//4863 1876//1844
f 1348//1348 1876//1844 4985//4857 1864//1832
f 1348//1348 1864//1832 6175//6015 4197//4133
f 1348//1348 4197//4133 6161//6001 4192//4128
f 1349//1349 4191//4127 4990//4862 1877//1845
f 1349//1349 1877//1845 4983//4855 1862//1830
f 1349//1349 1862//1830 6174//6014 4198//4134
f 1349//1349 4198//4134 6160//6000 4191//4127
f 1350//1350 4190//4126 4988//4860 1878//1846
f 1350//1350 1878//1846 4981//4853 1860//1828
f 1350//1350 1860//1828 6173//6013 4199//4135
f 1350//1350 4199//4135 6159//5999 4190//4126
f 1351//1351 4189//4125 4986//4858 1879//1847
f 1351//1351 1879//1847 4994//4866 1873//1841
f 1351//1351 1873//1841 6178//6018 4200//4136
f 1351//1351 4200//4136 6158//5998 4189//4125
f 1352//1352 4188//4124 4984//4856 1880//1848
f 1352//1352 1880//1848 4979//4851 1858//1826
f 1352//1352 1858//1826 6172//6012 4201//4137
f 1352//1352 4201//4137 6157//5997 4188//4124
f 1353//1353 1873//1841 4994//4866 1881//1849
f 1353//1353 1881//1849 4977//4849 1856//1824
f 1353//1353 1856//1824 6171//6011 4202//4138
f 1353//1353 4202//4138 6178//6018 1873//1841
f 1354//1354 4187//4123 4982//4854 1882//1850
f 1354//1354 1882//1850 4975//4847 1854//1822
f 1354//1354 1854//1822 6170//6010 4203//4139
f 1354//1354 4203//4139 6156//5996 4187//4123
f 1355//1355 4186//4122 4980//4852 1883//1851
f 1355//1355 1883//1851 4973//4845 1852//1820
f 1355//1355 1852//1820 6169//6009 4204//4140
f 1355//1355 4204//4140 6155//5995 4186//4122
f 1356//1356 4185//4121 4978//4850 1884//1852
f 1356//1356 1884//1852 4971//4843 1850//1818
f 1356//1356 1850//1818 6168//6008 4205//4141
f 1356//1356 4205//4141 6154//5994 4185//4121
f 1357//1357 4184//4120 4976//4848 1885//1853
f 1357//1357 1885//1853 4969//4841 1848//1816
f 1357//1357 1848//1816 6167//6007 4206//4142
f 1357//1357 4206//4142 6153//5993 4184//4120
f 1358//1358 4183//4119 4974//4846 1886//1854
f 1358//1358 1886//1854 4965//4837 1844//1812
f 1358//1358 1844//1812 6165//6005 4207//4143
f 1358//1358 4207//4143 6152//5992 4183//4119
f 1359//1359 4182//4118 4972//4844 1887//1855
f 1359//1359 1887//1855 4967//4839 1846//1814
f 1359//1359 1846//1814 6166//6006 4208//4144
f 1359//1359 4208//4144 6151//5991 4182//4118
f 1360//1360 4181//4117 4970//4842 1888//1856
f 1360//1360 1888//1856 4963//4835 1842//1810
f 1360//1360 1842//1810 6164//6004 4209//4145
f 1360//1360 4209//4145 6150//5990 4181//4117
f 1361//1361 4180//4116 4968//4840 1889//1857
f 1361//1361 1889//1857 4993//4865 4194//4130
f 1361//1361 4194//4130 6163//6003 4210//4146
f 1361//1361 4210//4146 6149//5989 4180//4116
f 1362//1362 4179//4115 4966//4838 1890//1858
f 1362//1362 1890//1858 4992//4864 4193//4129
f 1362//1362 4193//4129 6162//6002 4211//4147
f 1362//1362 4211//4147 6148//5988 4179//4115
f 1363//1363 4178//4114 4964//4836 1891//1859
f 1363//1363 1891//1859 4991//4863 4192//4128
f 1363//1363 4192//4128 6161//6001 4212//4148
f 1363//1363 4212//4148 6147//5987 4178//4114
f 1364//1364 1868//1836 4989//4861 1892//1860
f 1364//1364 1892//1860 4990//4862 4191//4127
f 1364//1364 4191//4127 6160//6000 4213//4149
f 1364//1364 4213//4149 6177//6017 1868//1836
f 1365//1365 1866//1834 4987//4859 1893//1861
f 1365//1365 1893//1861 4988//4860 4190//4126
f 1365//1365 4190//4126 6159//5999 4214//4150
f 1365//1365 4214//4150 6176//6016 1866//1834
f 1366//1366 1864//1832 4985//4857 1894//1862
f 1366//1366 1894//1862 4986//4858 4189//4125
f 1366//1366 4189//4125 6158//5998 4215//4151
f 1366//1366 4215//4151 6175//6015 1864//1832
f 1367//1367 1862//1830 4983//4855 1895//1863
f 1367//1367 1895//1863 4984//4856 4188//4124
f 1367//1367 4188//4124 6157//5997 4216//4152
f 1367//1367 4216//4152 6174//6014 1862//1830
f 1368//1368 1860//1828 4981//4853 1896//1864
f 1368//1368 1896//1864 4982//4854 4187//4123
f 1368//1368 4187//4123 6156//5996 4217//4153
f 1368//1368 4217//4153 6173//6013 1860//1828
f 1369//1369 1858//1826 4979//4851 1897//1865
f 1369//1369 1897//1865 4980//4852 4186//4122
f 1369//1369 4186//4122 6155//5995 4218//4154
f 1369//1369 4218//4154 6172//6012 1858//1826
f 1370//1370 1856//1824 4977//4849 1898//1866
f 1370//1370 1898//1866 4978//4850 4185//4121
f 1370//1370 4185//4121 6154//5994 4219//4155
f 1370//1370 4219//4155 6171//6011 1856//1824
f 1371//1371 1854//1822 4975//4847 1899//1867
f 1371//1371 1899//1867 4976//4848 4184//4120
f 1371//1371 4184//4120 6153//5993 4220//4156
f 1371//1371 4220//4156 6170//6010 1854//1822
f 1372//1372 1852//1820 4973//4845 1900//1868
f 1372//1372 1900//1868 4974//4846 4183//4119
f 1372//1372 4183//4119 6152//5992 4221//4157
f 1372//1372 4221//4157 6169//6009 1852//1820
f 1373//1373 1850//1818 4971//4843 1901//1869
f 1373//1373 1901//1869 4972//4844 4182//4118
f 1373//1373 4182//4118 6151//5991 4222//4158
f 1373//1373 4222//4158 6168//6008 1850//1818
f 1374//1374 1848//1816 4969//4841 1902//1870
f 1374//1374 1902//1870 4970//4842 4181//4117
f 1374//1374 4181//4117 6150//5990 4223//4159
f 1374//1374 4223//4159 6167//6007 1848//1816
f 1375//1375 1846//1814 4967//4839 1903//1871
f 1375//1375 1903//1871 4968//4840 4180//4116
f 1375//1375 4180//4116 6149//5989 4224//4160
f 1375//1375 4224//4160 6166//6006 1846//1814
f 1376//1376 1844//1812 4965//4837 1904//1872
f 1376//1376 1904//1872 4966//4838 4179//4115
f 1376//1376 4179//4115 6148//5988 4225//4161
f 1376//1376 4225//4161 6165//6005 1844//1812
f 1377//1377 1842//1810 4963//4835 1905//1873
f 1377//1377 1905//1873 4964//4836 4178//4114
f 1377//1377 4178//4114 6147//5987 4226//4162
f 1377//1377 4226//4162 6164//6004 1842//1810
f 1378//1154 4228//1154 6180//1154 4227//1154
f 1378//1154 4227//1154 6179//1154 4258//1154
f 1378//1154 4258//1154 6210//1154 4257//1154
f 1378//1154 4257//1154 6209//1154 4256//1154
f 1378//1154 4256//1154 6208//1154 4255//1154
f 1378//1154 4255//1154 6207//1154 4254//1154
f 1378//1154 4254//1154 6206//1154 4253//1154
f 1378//1154 4253//1154 6205//1154 4252//1154
f 1378//1154 4252//1154 6204//1154 4251//1154
f 1378//1154 4251//1154 6203//1154 4250//1154
f 1378//1154 4250//1154 6202//1154 4249//1154
f 1378//1154 4249//1154 6201//1154 4248//1154
f 1378//1154 4248//1154 6200//1154 4247//1154
f 1378//1154 4247//1154 6199//1154 4246//1154
f 1378//1154 4246//1154 6198//1154 4245//1154
f 1378//1154 4245//1154 6197//1154 4244//1154
f 1378//1154 4244//1154 6196//1154 4243//1154
f 1378//1154 4243//1154 6195//1154 4242//1154
f 1378//1154 4242//1154 6194//1154 4241//1154
f 1378//1154 4241//1154 6193//1154 4240//1154
f 1378//1154 4240//1154 6192//1154 4239//1154
f 1378//1154 4239//1154 6191//1154 4238//1154
f 1378//1154 4238//1154 6190//1154 4237//1154
f 1378//1154 4237//1154 6189//1154 4236//1154
f 1378//1154 4236//1154 6188//1154 4235//1154
f 1378//1154 4235//1154 6187//1154 4234//1154
f 1378//1154 4234//1154 6186//1154 4233//1154
f 1378//1154 4233//1154 6185//1154 4232//1154
f 1378//1154 4232//1154 6184//1154 4231//1154
f 1378//1154 4231//1154 6183//1154 4230//1154
f 1378//1154 4230//1154 6182//1154 4229//1154
f 1378//1154 4229//1154 6181//1154 4228//1154
f 1379//1154 4261//1154 5972//1154 3842//1154
f 1379//1154 3842//1154 5971//1154 4262//1154
f 1379//1154 4262//1154 6195//1154 4243//1154
f 1379//1154 4243//1154 6196//1154 4261//1154
f 1380//1154 4263//1154 5961//1154 3831//1154
f 1380//1154 3831//1154 5960//1154 4264//1154
f 1380//1154 4264//1154 6184//1154 4232//1154
f 1380//1154 4232//1154 6185//1154 4263//1154
f 1381//1154 4265//1154 5981//1154 3851//1154
f 1381//1154 3851//1154 5980//1154 4266//1154
f 1381//1154 4266//1154 6204//1154 4252//1154
f 1381//1154 4252//1154 6205//1154 4265//1154
f 1382//1154 4267//1154 5959//1154 3829//1154
f 1382//1154 3829//1154 5958//1154 4268//1154
f 1382//1154 4268//1154 6182//1154 4230//1154
f 1382//1154 4230//1154 6183//1154 4267//1154
f 1383//1154 4269//1154 5970//1154 3840//1154
f 1383//1154 3840//1154 5969//1154 4270//1154
f 1383//1154 4270//1154 6193//1154 4241//1154
f 1383//1154 4241//1154 6194//1154 4269//1154
f 1384//1154 4271//1154 5979//1154 3849//1154
f 1384//1154 3849//1154 5978//1154 4272//1154
f 1384//1154 4272//1154 6202//1154 4250//1154
f 1384//1154 4250//1154 6203//1154 4271//1154
f 1385//1154 4273//1154 5957//1154 3827//1154
f 1385//1154 3827//1154 5956//1154 4274//1154
f 1385//1154 4274//1154 6180//1154 4228//1154
f 1385//1154 4228//1154 6181//1154 4273//1154
f 1386//1154 4275//1154 5968//1154 3838//1154
f 1386//1154 3838//1154 5967//1154 4276//1154
f 1386//1154 4276//1154 6191//1154 4239//1154
f 1386//1154 4239//1154 6192//1154 4275//1154
f 1387//1154 4277//1154 5977//1154 3847//1154
f 1387//1154 3847//1154 5976//1154 4278//1154
f 1387//1154 4278//1154 6200//1154 4248//1154
f 1387//1154 4248//1154 6201//1154 4277//1154
f 1388//1154 4279//1154 5966//1154 3836//1154
f 1388//1154 3836//1154 5965//1154 4280//1154
f 1388//1154 4280//1154 6189//1154 4237//1154
f 1388//1154 4237//1154 6190//1154 4279//1154
f 1389//1154 4281//1154 5986//1154 3856//1154
f 1389//1154 3856//1154 5985//1154 4282//1154
f 1389//1154 4282//1154 6209//1154 4257//1154
f 1389//1154 4257//1154 6210//1154 4281//1154
f 1390//1154 4283//1154 5975//1154 3845//1154
f 1390//1154 3845//1154 5974//1154 4284//1154
f 1390//1154 4284//1154 6198//1154 4246//1154
f 1390//1154 4246//1154 6199//1154 4283//1154
f 1391//1154 4285//1154 5964//1154 3834//1154
f 1391//1154 3834//1154 5963//1154 4286//1154
f 1391//1154 4286//1154 6187//1154 4235//1154
f 1391//1154 4235//1154 6188//1154 4285//1154
f 1392//1154 4287//1154 5984//1154 3854//1154
f 1392//1154 3854//1154 5983//1154 4259//1154
f 1392//1154 4259//1154 6207//1154 4255//1154
f 1392//1154 4255//1154 6208//1154 4287//1154
f 1393//1154 4288//1154 5973//1154 3843//1154
f 1393//1154 3843//1154 5972//1154 4261//1154
f 1393//1154 4261//1154 6196//1154 4244//1154
f 1393//1154 4244//1154 6197//1154 4288//1154
f 1394//1154 4289//1154 5962//1154 3832//1154
f 1394//1154 3832//1154 5961//1154 4263//1154
f 1394//1154 4263//1154 6185//1154 4233//1154
f 1394//1154 4233//1154 6186//1154 4289//1154
f 1395//1154 4260//1154 5982//1154 3852//1154
f 1395//1154 3852//1154 5981//1154 4265//1154
f 1395//1154 4265//1154 6205//1154 4253//1154
f 1395//1154 4253//1154 6206//1154 4260//1154
f 1396//1154 4264//1154 5960//1154 3830//1154
f 1396//1154 3830//1154 5959//1154 4267//1154
f 1396//1154 4267//1154 6183//1154 4231//1154
f 1396//1154 4231//1154 6184//1154 4264//1154
f 1397//1154 4262//1154 5971//1154 3841//1154
f 1397//1154 3841//1154 5970//1154 4269//1154
f 1397//1154 4269//1154 6194//1154 4242//1154
f 1397//1154 4242//1154 6195//1154 4262//1154
f 1398//1154 4266//1154 5980//1154 3850//1154
f 1398//1154 3850//1154 5979//1154 4271//1154
f 1398//1154 4271//1154 6203//1154 4251//1154
f 1398//1154 4251//1154 6204//1154 4266//1154
f 1399//1154 4268//1154 5958//1154 3828//1154
f 1399//1154 3828//1154 5957//1154 4273//1154
f 1399//1154 4273//1154 6181//1154 4229//1154
f 1399//1154 4229//1154 6182//1154 4268//1154
f 1400//1154 4270//1154 5969//1154 3839//1154
f 1400//1154 3839//1154 5968//1154 4275//1154
f 1400//1154 4275//1154 6192//1154 4240//1154
f 1400//1154 4240//1154 6193//1154 4270//1154
f 1401//1154 4272//1154 5978//1154 3848//1154
f 1401//1154 3848//1154 5977//1154 4277//1154
f 1401//1154 4277//1154 6201//1154 4249//1154
f 1401//1154 4249//1154 6202//1154 4272//1154
f 1402//1154 4274//1154 5956//1154 3826//1154
f 1402//1154 3826//1154 5955//1154 4290//1154
f 1402//1154 4290//1154 6179//1154 4227//1154
f 1402//1154 4227//1154 6180//1154 4274//1154
f 1403//1154 4276//1154 5967//1154 3837//1154
f 1403//1154 3837//1154 5966//1154 4279//1154
f 1403//1154 4279//1154 6190//1154 4238//1154
f 1403//1154 4238//1154 6191//1154 4276//1154
f 1404//1154 4290//1154 5955//1154 3857//1154
f 1404//1154 3857//1154 5986//1154 4281//1154
f 1404//1154 4281//1154 6210//1154 4258//1154
f 1404//1154 4258//1154 6179//1154 4290//1154
f 1405//1154 4278//1154 5976//1154 3846//1154
f 1405//1154 3846//1154 5975//1154 4283//1154
f 1405//1154 4283//1154 6199//1154 4247//1154
f 1405//1154 4247//1154 6200//1154 4278//1154
f 1406//1154 4280//1154 5965//1154 3835//1154
f 1406//1154 3835//1154 5964//1154 4285//1154
f 1406//1154 4285//1154 6188//1154 4236//1154
f 1406//1154 4236//1154 6189//1154 4280//1154
f 1407//1154 4282//1154 5985//1154 3855//1154
f 1407//1154 3855//1154 5984//1154 4287//1154
f 1407//1154 4287//1154 6208//1154 4256//1154
f 1407//1154 4256//1154 6209//1154 4282//1154
f 1408//1154 4284//1154 5974//1154 3844//1154
f 1408//1154 3844//1154 5973//1154 4288//1154
f 1408//1154 4288//1154 6197//1154 4245//1154
f 1408//1154 4245//1154 6198//1154 4284//1154
f 1409//1154 4286//1154 5963//1154 3833//1154
f 1409//1154 3833//1154 5962//1154 4289//1154
f 1409//1154 4289//1154 6186//1154 4234//1154
f 1409//1154 4234//1154 6187//1154 4286//1154
f 1410//1378 4318//4190 5161//5033 2231//2199
f 1410//1378 2231//2199 5160//5032 2351//2319
f 1410//1378 2351//2319 6240//6048 4323//4195
f 1410//1378 4323//4195 6238//6046 4318//4190
f 1411//1379 4316//4188 5172//5044 2242//2210
f 1411//1379 2242//2210 5171//5043 2352//2320
f 1411//1379 2352//2320 6241//6049 4324//4196
f 1411//1379 4324//4196 6236//6044 4316//4188
f 1412//1380 4314//4186 5183//5055 2253//2221
f 1412//1380 2253//2221 5182//5054 2350//2318
f 1412//1380 2350//2318 6239//6047 4325//4197
f 1412//1380 4325//4197 6234//6042 4314//4186
f 1413//1381 4312//4184 5163//5035 2233//2201
f 1413//1381 2233//2201 5162//5034 2348//2316
f 1413//1381 2348//2316 6237//6045 4326//4198
f 1413//1381 4326//4198 6232//6040 4312//4184
f 1414//1382 4310//4182 5174//5046 2244//2212
f 1414//1382 2244//2212 5173//5045 2346//2314
f 1414//1382 2346//2314 6235//6043 4327//4199
f 1414//1382 4327//4199 6230//6038 4310//4182
f 1415//1383 4308//4180 5185//5057 2255//2223
f 1415//1383 2255//2223 5184//5056 2344//2312
f 1415//1383 2344//2312 6233//6041 4328//4200
f 1415//1383 4328//4200 6228//6036 4308//4180
f 1416//1384 4306//4178 5165//5037 2235//2203
f 1416//1384 2235//2203 5164//5036 2342//2310
f 1416//1384 2342//2310 6231//6039 4329//4201
f 1416//1384 4329//4201 6226//6034 4306//4178
f 1417//1385 4304//4176 5176//5048 2246//2214
f 1417//1385 2246//2214 5175//5047 2340//2308
f 1417//1385 2340//2308 6229//6037 4330//4202
f 1417//1385 4330//4202 6224//6032 4304//4176
f 1418//1386 4322//4194 5155//5027 2257//2225
f 1418//1386 2257//2225 5186//5058 2338//2306
f 1418//1386 2338//2306 6227//6035 4331//4203
f 1418//1386 4331//4203 6242//6050 4322//4194
f 1419//1387 4302//4174 5167//5039 2237//2205
f 1419//1387 2237//2205 5166//5038 2336//2304
f 1419//1387 2336//2304 6225//6033 4332//4204
f 1419//1387 4332//4204 6222//6030 4302//4174
f 1420//1388 4300//4172 5156//5028 2226//2194
f 1420//1388 2226//2194 5155//5027 4322//4194
f 1420//1388 4322//4194 6242//6050 4333//4205
f 1420//1388 4333//4205 6220//6028 4300//4172
f 1421//1389 4298//4170 5178//5050 2248//2216
f 1421//1389 2248//2216 5177//5049 2334//2302
f 1421//1389 2334//2302 6223//6031 4334//4206
f 1421//1389 4334//4206 6218//6026 4298//4170
f 1422//1390 4296//4168 5169//5041 2239//2207
f 1422//1390 2239//2207 5168//5040 2332//2300
f 1422//1390 2332//2300 6221//6029 4335//4207
f 1422//1390 4335//4207 6216//6024 4296//4168
f 1423//1391 4294//4166 5158//5030 2228//2196
f 1423//1391 2228//2196 5157//5029 2330//2298
f 1423//1391 2330//2298 6219//6027 4336//4208
f 1423//1391 4336//4208 6214//6022 4294//4166
f 1424//1392 4292//4164 5180//5052 2250//2218
f 1424//1392 2250//2218 5179//5051 2328//2296
f 1424//1392 2328//2296 6217//6025 4337//4209
f 1424//1392 4337//4209 6212//6020 4292//4164
f 1425//1393 2352//2320 5171//5043 2241//2209
f 1425//1393 2241//2209 5170//5042 2326//2294
f 1425//1393 2326//2294 6215//6023 4338//4210
f 1425//1393 4338//4210 6241//6049 2352//2320
f 1426//1394 2351//2319 5160//5032 2230//2198
f 1426//1394 2230//2198 5159//5031 2324//2292
f 1426//1394 2324//2292 6213//6021 4339//4211
f 1426//1394 4339//4211 6240//6048 2351//2319
f 1427//1395 2350//2318 5182//5054 2252//2220
f 1427//1395 2252//2220 5181//5053 2322//2290
f 1427//1395 2322//2290 6211//6019 4340//4212
f 1427//1395 4340//4212 6239//6047 2350//2318
f 1428//1396 2348//2316 5162//5034 2232//2200
f 1428//1396 2232//2200 5161//5033 4318//4190
f 1428//1396 4318//4190 6238//6046 4341//4213
f 1428//1396 4341//4213 6237//6045 2348//2316
f 1429//1397 2346//2314 5173//5045 2243//2211
f 1429//1397 2243//2211 5172//5044 4316//4188
f 1429//1397 4316//4188 6236//6044 4342//4214
f 1429//1397 4342//4214 6235//6043 2346//2314
f 1430//1398 2344//2312 5184//5056 2254//2222
f 1430//1398 2254//2222 5183//5055 4314//4186
f 1430//1398 4314//4186 6234//6042 4343//4215
f 1430//1398 4343//4215 6233//6041 2344//2312
f 1431//1399 2342//2310 5164//5036 2234//2202
f 1431//1399 2234//2202 5163//5035 4312//4184
f 1431//1399 4312//4184 6232//6040 4344//4216
f 1431//1399 4344//4216 6231//6039 2342//2310
f 1432//1400 2340//2308 5175//5047 2245//2213
f 1432//1400 2245//2213 5174//5046 4310//4182
f 1432//1400 4310//4182 6230//6038 4345//4217
f 1432//1400 4345//4217 6229//6037 2340//2308
f 1433//1401 2338//2306 5186//5058 2256//2224
f 1433//1401 2256//2224 5185//5057 4308//4180
f 1433//1401 4308//4180 6228//6036 4346//4218
f 1433//1401 4346//4218 6227//6035 2338//2306
f 1434//1402 2336//2304 5166//5038 2236//2204
f 1434//1402 2236//2204 5165//5037 4306//4178
f 1434//1402 4306//4178 6226//6034 4347//4219
f 1434//1402 4347//4219 6225//6033 2336//2304
f 1435//1403 2334//2302 5177//5049 2247//2215
f 1435//1403 2247//2215 5176//5048 4304//4176
f 1435//1403 4304//4176 6224//6032 4348//4220
f 1435//1403 4348//4220 6223//6031 2334//2302
f 1436//1404 2332//2300 5168//5040 2238//2206
f 1436//1404 2238//2206 5167//5039 4302//4174
f 1436//1404 4302//4174 6222//6030 4349//4221
f 1436//1404 4349//4221 6221//6029 2332//2300
f 1437//1405 2330//2298 5157//5029 2227//2195
f 1437//1405 2227//2195 5156//5028 4300//4172
f 1437//1405 4300//4172 6220//6028 4350//4222
f 1437//1405 4350//4222 6219//6027 2330//2298
f 1438//1406 2328//2296 5179//5051 2249//2217
f 1438//1406 2249//2217 5178//5050 4298//4170
f 1438//1406 4298//4170 6218//6026 4351//4223
f 1438//1406 4351//4223 6217//6025 2328//2296
f 1439//1407 2326//2294 5170//5042 2240//2208
f 1439//1407 2240//2208 5169//5041 4296//4168
f 1439//1407 4296//4168 6216//6024 4352//4224
f 1439//1407 4352//4224 6215//6023 2326//2294
f 1440//1408 2324//2292 5159//5031 2229//2197
f 1440//1408 2229//2197 5158//5030 4294//4166
f 1440//1408 4294//4166 6214//6022 4353//4225
f 1440//1408 4353//4225 6213//6021 2324//2292
f 1441//1409 2322//2290 5181//5053 2251//2219
f 1441//1409 2251//2219 5180//5052 4292//4164
f 1441//1409 4292//4164 6212//6020 4354//4226
f 1441//1409 4354//4226 6211//6019 2322//2290
f 1442//1410 4355//4227 6243//6051 4356//4228
f 1442//1410 4356//4228 6247//6055 4357//4229
f 1442//1410 4357//4229 6248//6056 4358//4230
f 1442//1410 4358//4230 6245//6053 4355//4227
f 1443//1411 4359//4231 6245//6053 4358//4230
f 1443//1411 4358//4230 6248//6056 4360//4232
f 1443//1411 4360//4232 6246//6054 4361//4233
f 1443//1411 4361//4233 6244//6052 4359//4231
f 1444//1412 4357//4229 6247//6055 4362//4234
f 1444//1412 4362//4234 6250//6058 4363//4235
f 1444//1412 4363//4235 6251//6059 4364//4236
f 1444//1412 4364//4236 6248//6056 4357//4229
f 1445//1413 4360//4232 6248//6056 4364//4236
f 1445//1413 4364//4236 6251//6059 4365//4237
f 1445//1413 4365//4237 6249//6057 4366//4238
f 1445//1413 4366//4238 6246//6054 4360//4232
f 1446//1414 4363//4235 6250//6058 4367//4239
f 1446//1414 4367//4239 6253//6061 4368//4240
f 1446//1414 4368//4240 6254//6062 4369//4241
f 1446//1414 4369//4241 6251//6059 4363//4235
f 1447//1415 4365//4237 6251//6059 4369//4241
f 1447//1415 4369//4241 6254//6062 4370//4242
f 1447//1415 4370//4242 6252//6060 4371//4243
f 1447//1415 4371//4243 6249//6057 4365//4237
f 1448//1416 4368//4240 6253//6061 4372//4244
f 1448//1416 4372//4244 6256//6064 4373//4245
f 1448//1416 4373//4245 6257//6065 4374//4246
f 1448//1416 4374//4246 6254//6062 4368//4240
f 1449//1417 4370//4242 6254//6062 4374//4246
f 1449//1417 4374//4246 6257//6065 4375//4247
f 1449//1417 4375//4247 6255//6063 4376//4248
f 1449//1417 4376//4248 6252//6060 4370//4242
f 1450//1418 4373//4245 6256//6064 4377//4249
f 1450//1418 4377//4249 6259//6067 4378//4250
f 1450//1418 4378//4250 6260//6068 4379//4251
f 1450//1418 4379//4251 6257//6065 4373//4245
f 1451//1419 4375//4247 6257//6065 4379//4251
f 1451//1419 4379//4251 6260//6068 4380//4252
f 1451//1419 4380//4252 6258//6066 4381//4253
f 1451//1419 4381//4253 6255//6063 4375//4247
f 1452//1420 4378//4250 6259//6067 4382//4254
f 1452//1420 4382//4254 6262//6070 4383//4255
f 1452//1420 4383//4255 6263//6071 4384//4256
f 1452//1420 4384//4256 6260//6068 4378//4250
f 1453//1421 4380//4252 6260//6068 4384//4256
f 1453//1421 4384//4256 6263//6071 4385//4257
f 1453//1421 4385//4257 6261//6069 4386//4258
f 1453//1421 4386//4258 6258//6066 4380//4252
f 1454//1422 4383//4255 6262//6070 4387//4259
f 1454//1422 4387//4259 6265//6073 4388//4260
f 1454//1422 4388//4260 6266//6074 4389//4261
f 1454//1422 4389//4261 6263//6071 4383//4255
f 1455//1423 4385//4257 6263//6071 4389//4261
f 1455//1423 4389//4261 6266//6074 4390//4262
f 1455//1423 4390//4262 6264//6072 4391//4263
f 1455//1423 4391//4263 6261//6069 4385//4257
f 1456//1424 4388//4260 6265//6073 4392//4264
f 1456//1424 4392//4264 6268//6076 4393//4265
f 1456//1424 4393//4265 6269//6077 4394//4266
f 1456//1424 4394//4266 6266//6074 4388//4260
f 1457//1425 4390//4262 6266//6074 4394//4266
f 1457//1425 4394//4266 6269//6077 4395//4267
f 1457//1425 4395//4267 6267//6075 4396//4268
f 1457//1425 4396//4268 6264//6072 4390//4262
f 1458//1426 4393//4265 6268//6076 4397//4269
f 1458//1426 4397//4269 6271//6079 4398//4270
f 1458//1426 4398//4270 6272//6080 4399//4271
f 1458//1426 4399//4271 6269//6077 4393//4265
f 1459//1427 4395//4267 6269//6077 4399//4271
f 1459//1427 4399//4271 6272//6080 4400//4272
f 1459//1427 4400//4272 6270//6078 4401//4273
f 1459//1427 4401//4273 6267//6075 4395//4267
f 1460//1428 4398//4270 6271//6079 4402//4274
f 1460//1428 4402//4274 6274//6082 4403//4275
f 1460//1428 4403//4275 6275//6083 4404//4276
f 1460//1428 4404//4276 6272//6080 4398//4270
f 1461//1429 4400//4272 6272//6080 4404//4276
f 1461//1429 4404//4276 6275//6083 4405//4277
f 1461//1429 4405//4277 6273//6081 4406//4278
f 1461//1429 4406//4278 6270//6078 4400//4272
f 1462//1430 4403//4275 6274//6082 4407//4279
f 1462//1430 4407//4279 6277//6085 4408//4280
f 1462//1430 4408//4280 6278//6086 4409//4281
f 1462//1430 4409//4281 6275//6083 4403//4275
f 1463//1431 4405//4277 6275//6083 4409//4281
f 1463//1431 4409//4281 6278//6086 4410//4282
f 1463//1431 4410//4282 6276//6084 4411//4283
f 1463//1431 4411//4283 6273//6081 4405//4277
f 1464//1432 4408//4280 6277//6085 4412//4284
f 1464//1432 4412//4284 6280//6088 4413//4285
f 1464//1432 4413//4285 6281//6089 4414//4286
f 1464//1432 4414//4286 6278//6086 4408//4280
f 1465//1433 4410//4282 6278//6086 4414//4286
f 1465//1433 4414//4286 6281//6089 4415//4287
f 1465//1433 4415//4287 6279//6087 4416//4288
f 1465//1433 4416//4288 6276//6084 4410//4282
f 1466//1434 4413//4285 6280//6088 4417//4289
f 1466//1434 4417//4289 6283//6091 4418//4290
f 1466//1434 4418//4290 6284//6092 4419//4291
f 1466//1434 4419//4291 6281//6089 4413//4285
f 1467//1435 4415//4287 6281//6089 4419//4291
f 1467//1435 4419//4291 6284//6092 4420//4292
f 1467//1435 4420//4292 6282//6090 4421//4293
f 1467//1435 4421//4293 6279//6087 4415//4287
f 1468//1436 4418//4290 6283//6091 4422//4294
f 1468//1436 4422//4294 6286//6094 4423//4295
f 1468//1436 4423//4295 6287//6095 4424//4296
f 1468//1436 4424//4296 6284//6092 4418//4290
f 1469//1437 4420//4292 6284//6092 4424//4296
f 1469//1437 4424//4296 6287//6095 4425//4297
f 1469//1437 4425//4297 6285//6093 4426//4298
f 1469//1437 4426//4298 6282//6090 4420//4292
f 1470//1438 4423//4295 6286//6094 4427//4299
f 1470//1438 4427//4299 6289//6097 4428//4300
f 1470//1438 4428//4300 6290//6098 4429//4301
f 1470//1438 4429//4301 6287//6095 4423//4295
f 1471//1439 4425//4297 6287//6095 4429//4301
f 1471//1439 4429//4301 6290//6098 4430//4302
f 1471//1439 4430//4302 6288//6096 4431//4303
f 1471//1439 4431//4303 6285//6093 4425//4297
f 1472//1440 4428//4300 6289//6097 4432//4304
f 1472//1440 4432//4304 6292//6100 4433//4305
f 1472//1440 4433//4305 6293//6101 4434//4306
f 1472//1440 4434//4306 6290//6098 4428//4300
f 1473//1441 4430//4302 6290//6098 4434//4306
f 1473//1441 4434//4306 6293//6101 4435//4307
f 1473//1441 4435//4307 6291//6099 4436//4308
f 1473//1441 4436//4308 6288//6096 4430//4302
f 1474//1442 4433//4305 6292//6100 4437//4309
f 1474//1442 4437//4309 6295//6103 4438//4310
f 1474//1442 4438//4310 6296//6104 4439//4311
f 1474//1442 4439//4311 6293//6101 4433//4305
f 1475//1443 4435//4307 6293//6101 4439//4311
f 1475//1443 4439//4311 6296//6104 4440//4312
f 1475//1443 4440//4312 6294//6102 4441//4313
f 1475//1443 4441//4313 6291//6099 4435//4307
f 1476//1444 4438//4310 6295//6103 4442//4314
f 1476//1444 4442//4314 6298//6106 4443//4315
f 1476//1444 4443//4315 6299//6107 4444//4316
f 1476//1444 4444//4316 6296//6104 4438//4310
f 1477//1445 4440//4312 6296//6104 4444//4316
f 1477//1445 4444//4316 6299//6107 4445//4317
f 1477//1445 4445//4317 6297//6105 4446//4318
f 1477//1445 4446//4318 6294//6102 4440//4312
f 1478//1446 4443//4315 6298//6106 4447//4319
f 1478//1446 4447//4319 6301//6109 4448//4320
f 1478//1446 4448//4320 6302//6110 4449//4321
f 1478//1446 4449//4321 6299//6107 4443//4315
f 1479//1447 4445//4317 6299//6107 4449//4321
f 1479//1447 4449//4321 6302//6110 4450//4322
f 1479//1447 4450//4322 6300//6108 4451//4323
f 1479//1447 4451//4323 6297//6105 4445//4317
f 1480//1448 4448//4320 6301//6109 4452//4324
f 1480//1448 4452//4324 6304//6112 4453//4325
f 1480//1448 4453//4325 6305//6113 4454//4326
f 1480//1448 4454//4326 6302//6110 4448//4320
f 1481//1449 4450//4322 6302//6110 4454//4326
f 1481//1449 4454//4326 6305//6113 4455//4327
f 1481//1449 4455//4327 6303//6111 4456//4328
f 1481//1449 4456//4328 6300//6108 4450//4322
f 1482//1450 4453//4325 6304//6112 4457//4329
f 1482//1450 4457//4329 6307//6115 4458//4330
f 1482//1450 4458//4330 6308//6116 4459//4331
f 1482//1450 4459//4331 6305//6113 4453//4325
f 1483//1451 4455//4327 6305//6113 4459//4331
f 1483//1451 4459//4331 6308//6116 4460//4332
f 1483//1451 4460//4332 6306//6114 4461//4333
f 1483//1451 4461//4333 6303//6111 4455//4327
f 1484//1452 4458//4330 6307//6115 4462//4334
f 1484//1452 4462//4334 6310//6118 4463//4335
f 1484//1452 4463//4335 6311//6119 4464//4336
f 1484//1452 4464//4336 6308//6116 4458//4330
f 1485//1453 4460//4332 6308//6116 4464//4336
f 1485//1453 4464//4336 6311//6119 4465//4337
f 1485//1453 4465//4337 6309//6117 4466//4338
f 1485//1453 4466//4338 6306//6114 4460//4332
f 1486//1454 4463//4335 6310//6118 4467//4339
f 1486//1454 4467//4339 6313//6121 4468//4340
f 1486//1454 4468//4340 6314//6122 4469//4341
f 1486//1454 4469//4341 6311//6119 4463//4335
f 1487//1455 4465//4337 6311//6119 4469//4341
f 1487//1455 4469//4341 6314//6122 4470//4342
f 1487//1455 4470//4342 6312//6120 4471//4343
f 1487//1455 4471//4343 6309//6117 4465//4337
f 1488//1456 4468//4340 6313//6121 4472//4344
f 1488//1456 4472//4344 6316//6124 4473//4345
f 1488//1456 4473//4345 6317//6125 4474//4346
f 1488//1456 4474//4346 6314//6122 4468//4340
f 1489//1457 4470//4342 6314//6122 4474//4346
f 1489//1457 4474//4346 6317//6125 4475//4347
f 1489//1457 4475//4347 6315//6123 4476//4348
f 1489//1457 4476//4348 6312//6120 4470//4342
f 1490//1458 4473//4345 6316//6124 4477//4349
f 1490//1458 4477//4349 6319//6127 4478//4350
f 1490//1458 4478//4350 6320//6128 4479//4351
f 1490//1458 4479//4351 6317//6125 4473//4345
f 1491//1459 4475//4347 6317//6125 4479//4351
f 1491//1459 4479//4351 6320//6128 4480//4352
f 1491//1459 4480//4352 6318//6126 4481//4353
f 1491//1459 4481//4353 6315//6123 4475//4347
f 1492//1460 4478//4350 6319//6127 4482//4354
f 1492//1460 4482//4354 6322//6130 4483//4355
f 1492//1460 4483//4355 6323//6131 4484//4356
f 1492//1460 4484//4356 6320//6128 4478//4350
f 1493//1461 4480//4352 6320//6128 4484//4356
f 1493//1461 4484//4356 6323//6131 4485//4357
f 1493//1461 4485//4357 6321//6129 4486//4358
f 1493//1461 4486//4358 6318//6126 4480//4352
f 1494//1462 4483//4355 6322//6130 4487//4359
f 1494//1462 4487//4359 6325//6133 4488//4360
f 1494//1462 4488//4360 6326//6134 4489//4361
f 1494//1462 4489//4361 6323//6131 4483//4355
f 1495//1463 4485//4357 6323//6131 4489//4361
f 1495//1463 4489//4361 6326//6134 4490//4362
f 1495//1463 4490//4362 6324//6132 4491//4363
f 1495//1463 4491//4363 6321//6129 4485//4357
f 1496//1464 4488//4360 6325//6133 4492//4364
f 1496//1464 4492//4364 6328//6136 4493//4365
f 1496//1464 4493//4365 6329//6137 4494//4366
f 1496//1464 4494//4366 6326//6134 4488//4360
f 1497//1465 4490//4362 6326//6134 4494//4366
f 1497//1465 4494//4366 6329//6137 4495//4367
f 1497//1465 4495//4367 6327//6135 4496//4368
f 1497//1465 4496//4368 6324//6132 4490//4362
f 1498//1466 4493//4365 6328//6136 4497//4369
f 1498//1466 4497//4369 6331//6139 4498//4370
f 1498//1466 4498//4370 6332//6140 4499//4371
f 1498//1466 4499//4371 6329//6137 4493//4365
f 1499//1467 4495//4367 6329//6137 4499//4371
f 1499//1467 4499//4371 6332//6140 4500//4372
f 1499//1467 4500//4372 6330//6138 4501//4373
f 1499//1467 4501//4373 6327//6135 4495//4367
f 1500//1468 4498//4370 6331//6139 4502//4374
f 1500//1468 4502//4374 6334//6142 4503//4375
f 1500//1468 4503//4375 6335//6143 4504//4376
f 1500//1468 4504//4376 6332//6140 4498//4370
f 1501//1469 4500//4372 6332//6140 4504//4376
f 1501//1469 4504//4376 6335//6143 4505//4377
f 1501//1469 4505//4377 6333//6141 4506//4378
f 1501//1469 4506//4378 6330//6138 4500//4372
f 1502//1470 4503//4375 6334//6142 4507//4379
f 1502//1470 4507//4379 6337//6145 4508//4380
f 1502//1470 4508//4380 6338//6146 4509//4381
f 1502//1470 4509//4381 6335//6143 4503//4375
f 1503//1471 4505//4377 6335//6143 4509//4381
f 1503//1471 4509//4381 6338//6146 4510//4382
f 1503//1471 4510//4382 6336//6144 4511//4383
f 1503//1471 4511//4383 6333//6141 4505//4377
f 1504//1472 4508//4380 6337//6145 4512//4384
f 1504//1472 4512//4384 6243//6051 4355//4227
f 1504//1472 4355//4227 6245//6053 4513//4385
f 1504//1472 4513//4385 6338//6146 4508//4380
f 1505//1473 4510//4382 6338//6146 4513//4385
f 1505//1473 4513//4385 6245//6053 4359//4231
f 1505//1473 4359//4231 6244//6052 4514//4386
f 1505//1473 4514//4386 6336//6144 4510//4382
f 1506//1474 4515//4387 6339//6147 4516//4388
f 1506//1474 4516//4388 6343//6151 4517//4389
f 1506//1474 4517//4389 6344//6152 4518//4390
f 1506//1474 4518//4390 6341//6149 4515//4387
f 1507//1475 4519//4391 6341//6149 4518//4390
f 1507//1475 4518//4390 6344//6152 4520//4392
f 1507//1475 4520//4392 6342//6150 4521//4393
f 1507//1475 4521//4393 6340//6148 4519//4391
f 1508//1476 4517//4389 6343//6151 4522//4394
f 1508//1476 4522//4394 6346//6154 4523//4395
f 1508//1476 4523//4395 6347//6155 4524//4396
f 1508//1476 4524//4396 6344//6152 4517//4389
f 1509//1477 4520//4392 6344//6152 4524//4396
f 1509//1477 4524//4396 6347//6155 4525//4397
f 1509//1477 4525//4397 6345//6153 4526//4398
f 1509//1477 4526//4398 6342//6150 4520//4392
f 1510//1478 4523//4395 6346//6154 4527//4399
f 1510//1478 4527//4399 6349//6157 4528//4400
f 1510//1478 4528//4400 6350//6158 4529//4401
f 1510//1478 4529//4401 6347//6155 4523//4395
f 1511//1479 4525//4397 6347//6155 4529//4401
f 1511//1479 4529//4401 6350//6158 4530//4402
f 1511//1479 4530//4402 6348//6156 4531//4403
f 1511//1479 4531//4403 6345//6153 4525//4397
f 1512//1480 4528//4400 6349//6157 4532//4404
f 1512//1480 4532//4404 6352//6160 4533//4405
f 1512//1480 4533//4405 6353//6161 4534//4406
f 1512//1480 4534//4406 6350//6158 4528//4400
f 1513//1481 4530//4402 6350//6158 4534//4406
f 1513//1481 4534//4406 6353//6161 4535//4407
f 1513//1481 4535//4407 6351//6159 4536//4408
f 1513//1481 4536//4408 6348//6156 4530//4402
f 1514//1482 4533//4405 6352//6160 4537//4409
f 1514//1482 4537//4409 6355//6163 4538//4410
f 1514//1482 4538//4410 6356//6164 4539//4411
f 1514//1482 4539//4411 6353//6161 4533//4405
f 1515//1483 4535//4407 6353//6161 4539//4411
f 1515//1483 4539//4411 6356//6164 4540//4412
f 1515//1483 4540//4412 6354//6162 4541//4413
f 1515//1483 4541//4413 6351//6159 4535//4407
f 1516//1484 4538//4410 6355//6163 4542//4414
f 1516//1484 4542//4414 6358//6166 4543//4415
f 1516//1484 4543//4415 6359//6167 4544//4416
f 1516//1484 4544//4416 6356//6164 4538//4410
f 1517//1485 4540//4412 6356//6164 4544//4416
f 1517//1485 4544//4416 6359//6167 4545//4417
f 1517//1485 4545//4417 6357//6165 4546//4418
f 1517//1485 4546//4418 6354//6162 4540//4412
f 1518//1486 4543//4415 6358//6166 4547//4419
f 1518//1486 4547//4419 6361//6169 4548//4420
f 1518//1486 4548//4420 6362//6170 4549//4421
f 1518//1486 4549//4421 6359//6167 4543//4415
f 1519//1487 4545//4417 6359//6167 4549//4421
f 1519//1487 4549//4421 6362//6170 4550//4422
f 1519//1487 4550//4422 6360//6168 4551//4423
f 1519//1487 4551//4423 6357//6165 4545//4417
f 1520//1488 4548//4420 6361//6169 4552//4424
f 1520//1488 4552//4424 6364//6172 4553//4425
f 1520//1488 4553//4425 6365//6173 4554//4426
f 1520//1488 4554//4426 6362//6170 4548//4420
f 1521//1489 4550//4422 6362//6170 4554//4426
f 1521//1489 4554//4426 6365//6173 4555//4427
f 1521//1489 4555//4427 6363//6171 4556//4428
f 1521//1489 4556//4428 6360//6168 4550//4422
f 1522//1490 4553//4425 6364//6172 4557//4429
f 1522//1490 4557//4429 6367//6175 4558//4430
f 1522//1490 4558//4430 6368//6176 4559//4431
f 1522//1490 4559//4431 6365//6173 4553//4425
f 1523//1491 4555//4427 6365//6173 4559//4431
f 1523//1491 4559//4431 6368//6176 4560//4432
f 1523//1491 4560//4432 6366//6174 4561//4433
f 1523//1491 4561//4433 6363//6171 4555//4427
f 1524//1492 4558//4430 6367//6175 4562//4434
f 1524//1492 4562//4434 6370//6178 4563//4435
f 1524//1492 4563//4435 6371//6179 4564//4436
f 1524//1492 4564//4436 6368//6176 4558//4430
f 1525//1493 4560//4432 6368//6176 4564//4436
f 1525//1493 4564//4436 6371//6179 4565//4437
f 1525//1493 4565//4437 6369//6177 4566//4438
f 1525//1493 4566//4438 6366//6174 4560//4432
f 1526//1494 4563//4435 6370//6178 4567//4439
f 1526//1494 4567//4439 6373//6181 4568//4440
f 1526//1494 4568//4440 6374//6182 4569//4441
f 1526//1494 4569//4441 6371//6179 4563//4435
f 1527//1495 4565//4437 6371//6179 4569//4441
f 1527//1495 4569//4441 6374//6182 4570//4442
f 1527//1495 4570//4442 6372//6180 4571//4443
f 1527//1495 4571//4443 6369//6177 4565//4437
f 1528//1496 4568//4440 6373//6181 4572//4444
f 1528//1496 4572//4444 6376//6184 4573//4445
f 1528//1496 4573//4445 6377//6185 4574//4446
f 1528//1496 4574//4446 6374//6182 4568//4440
f 1529//1497 4570//4442 6374//6182 4574//4446
f 1529//1497 4574//4446 6377//6185 4575//4447
f 1529//1497 4575//4447 6375//6183 4576//4448
f 1529//1497 4576//4448 6372//6180 4570//4442
f 1530//1498 4573//4445 6376//6184 4577//4449
f 1530//1498 4577//4449 6379//6187 4578//4450
f 1530//1498 4578//4450 6380//6188 4579//4451
f 1530//1498 4579//4451 6377//6185 4573//4445
f 1531//1499 4575//4447 6377//6185 4579//4451
f 1531//1499 4579//4451 6380//6188 4580//4452
f 1531//1499 4580//4452 6378//6186 4581//4453
f 1531//1499 4581//4453 6375//6183 4575//4447
f 1532//1500 4578//4450 6379//6187 4582//4454
f 1532//1500 4582//4454 6382//6190 4583//4455
f 1532//1500 4583//4455 6383//6191 4584//4456
f 1532//1500 4584//4456 6380//6188 4578//4450
f 1533//1501 4580//4452 6380//6188 4584//4456
f 1533//1501 4584//4456 6383//6191 4585//4457
f 1533//1501 4585//4457 6381//6189 4586//4458
f 1533//1501 4586//4458 6378//6186 4580//4452
f 1534//1502 4583//4455 6382//6190 4587//4459
f 1534//1502 4587//4459 6385//6193 4588//4460
f 1534//1502 4588//4460 6386//6194 4589//4461
f 1534//1502 4589//4461 6383//6191 4583//4455
f 1535//1503 4585//4457 6383//6191 4589//4461
f 1535//1503 4589//4461 6386//6194 4590//4462
f 1535//1503 4590//4462 6384//6192 4591//4463
f 1535//1503 4591//4463 6381//6189 4585//4457
f 1536//1504 4588//4460 6385//6193 4592//4464
f 1536//1504 4592//4464 6388//6196 4593//4465
f 1536//1504 4593//4465 6389//6197 4594//4466
f 1536//1504 4594//4466 6386//6194 4588//4460
f 1537//1505 4590//4462 6386//6194 4594//4466
f 1537//1505 4594//4466 6389//6197 4595//4467
f 1537//1505 4595//4467 6387//6195 4596//4468
f 1537//1505 4596//4468 6384//6192 4590//4462
f 1538//1506 4593//4465 6388//6196 4597//4469
f 1538//1506 4597//4469 6391//6199 4598//4470
f 1538//1506 4598//4470 6392//6200 4599//4471
f 1538//1506 4599//4471 6389//6197 4593//4465
f 1539//1507 4595//4467 6389//6197 4599//4471
f 1539//1507 4599//4471 6392//6200 4600//4472
f 1539//1507 4600//4472 6390//6198 4601//4473
f 1539//1507 4601//4473 6387//6195 4595//4467
f 1540//1508 4598//4470 6391//6199 4602//4474
f 1540//1508 4602//4474 6394//6202 4603//4475
f 1540//1508 4603//4475 6395//6203 4604//4476
f 1540//1508 4604//4476 6392//6200 4598//4470
f 1541//1509 4600//4472 6392//6200 4604//4476
f 1541//1509 4604//4476 6395//6203 4605//4477
f 1541//1509 4605//4477 6393//6201 4606//4478
f 1541//1509 4606//4478 6390//6198 4600//4472
f 1542//1510 4603//4475 6394//6202 4607//4479
f 1542//1510 4607//4479 6397//6205 4608//4480
f 1542//1510 4608//4480 6398//6206 4609//4481
f 1542//1510 4609//4481 6395//6203 4603//4475
f 1543//1511 4605//4477 6395//6203 4609//4481
f 1543//1511 4609//4481 6398//6206 4610//4482
f 1543//1511 4610//4482 6396//6204 4611//4483
f 1543//1511 4611//4483 6393//6201 4605//4477
f 1544//1512 4608//4480 6397//6205 4612//4484
f 1544//1512 4612//4484 6400//6208 4613//4485
f 1544//1512 4613//4485 6401//6209 4614//4486
f 1544//1512 4614//4486 6398//6206 4608//4480
f 1545//1513 4610//4482 6398//6206 4614//4486
f 1545//1513 4614//4486 6401//6209 4615//4487
f 1545//1513 4615//4487 6399//6207 4616//4488
f 1545//1513 4616//4488 6396//6204 4610//4482
f 1546//1514 4613//4485 6400//6208 4617//4489
f 1546//1514 4617//4489 6403//6211 4618//4490
f 1546//1514 4618//4490 6404//6212 4619//4491
f 1546//1514 4619//4491 6401//6209 4613//4485
f 1547//1515 4615//4487 6401//6209 4619//4491
f 1547//1515 4619//4491 6404//6212 4620//4492
f 1547//1515 4620//4492 6402//6210 4621//4493
f 1547//1515 4621//4493 6399//6207 4615//4487
f 1548//1516 4618//4490 6403//6211 4622//4494
f 1548//1516 4622//4494 6406//6214 4623//4495
f 1548//1516 4623//4495 6407//6215 4624//4496
f 1548//1516 4624//4496 6404//6212 4618//4490
f 1549//1517 4620//4492 6404//6212 4624//4496
f 1549//1517 4624//4496 6407//6215 4625//4497
f 1549//1517 4625//4497 6405//6213 4626//4498
f 1549//1517 4626//4498 6402//6210 4620//4492
f 1550//1518 4623//4495 6406//6214 4627//4499
f 1550//1518 4627//4499 6409//6217 4628//4500
f 1550//1518 4628//4500 6410//6218 4629//4501
f 1550//1518 4629//4501 6407//6215 4623//4495
f 1551//1519 4625//4497 6407//6215 4629//4501
f 1551//1519 4629//4501 6410//6218 4630//4502
f 1551//1519 4630//4502 6408//6216 4631//4503
f 1551//1519 4631//4503 6405//6213 4625//4497
f 1552//1520 4628//4500 6409//6217 4632//4504
f 1552//1520 4632//4504 6412//6220 4633//4505
f 1552//1520 4633//4505 6413//6221 4634//4506
f 1552//1520 4634//4506 6410//6218 4628//4500
f 1553//1521 4630//4502 6410//6218 4634//4506
f 1553//1521 4634//4506 6413//6221 4635//4507
f 1553//1521 4635//4507 6411//6219 4636//4508
f 1553//1521 4636//4508 6408//6216 4630//4502
f 1554//1522 4633//4505 6412//6220 4637//4509
f 1554//1522 4637//4509 6415//6223 4638//4510
f 1554//1522 4638//4510 6416//6224 4639//4511
f 1554//1522 4639//4511 6413//6221 4633//4505
f 1555//1523 4635//4507 6413//6221 4639//4511
f 1555//1523 4639//4511 6416//6224 4640//4512
f 1555//1523 4640//4512 6414//6222 4641//4513
f 1555//1523 4641//4513 6411//6219 4635//4507
f 1556//1524 4638//4510 6415//6223 4642//4514
f 1556//1524 4642//4514 6418//6226 4643//4515
f 1556//1524 4643//4515 6419//6227 4644//4516
f 1556//1524 4644//4516 6416//6224 4638//4510
f 1557//1525 4640//4512 6416//6224 4644//4516
f 1557//1525 4644//4516 6419//6227 4645//4517
f 1557//1525 4645//4517 6417//6225 4646//4518
f 1557//1525 4646//4518 6414//6222 4640//4512
f 1558//1526 4643//4515 6418//6226 4647//4519
f 1558//1526 4647//4519 6421//6229 4648//4520
f 1558//1526 4648//4520 6422//6230 4649//4521
f 1558//1526 4649//4521 6419//6227 4643//4515
f 1559//1527 4645//4517 6419//6227 4649//4521
f 1559//1527 4649//4521 6422//6230 4650//4522
f 1559//1527 4650//4522 6420//6228 4651//4523
f 1559//1527 4651//4523 6417//6225 4645//4517
f 1560//1528 4648//4520 6421//6229 4652//4524
f 1560//1528 4652//4524 6424//6232 4653//4525
f 1560//1528 4653//4525 6425//6233 4654//4526
f 1560//1528 4654//4526 6422//6230 4648//4520
f 1561//1529 4650//4522 6422//6230 4654//4526
f 1561//1529 4654//4526 6425//6233 4655//4527
f 1561//1529 4655//4527 6423//6231 4656//4528
f 1561//1529 4656//4528 6420//6228 4650//4522
f 1562//1530 4653//4525 6424//6232 4657//4529
f 1562//1530 4657//4529 6427//6235 4658//4530
f 1562//1530 4658//4530 6428//6236 4659//4531
f 1562//1530 4659//4531 6425//6233 4653//4525
f 1563//1531 4655//4527 6425//6233 4659//4531
f 1563//1531 4659//4531 6428//6236 4660//4532
f 1563//1531 4660//4532 6426//6234 4661//4533
f 1563//1531 4661//4533 6423//6231 4655//4527
f 1564//1532 4658//4530 6427//6235 4662//4534
f 1564//1532 4662//4534 6430//6238 4663//4535
f 1564//1532 4663//4535 6431//6239 4664//4536
f 1564//1532 4664//4536 6428//6236 4658//4530
f 1565//1533 4660//4532 6428//6236 4664//4536
f 1565//1533 4664//4536 6431//6239 4665//4537
f 1565//1533 4665//4537 6429//6237 4666//4538
f 1565//1533 4666//4538 6426//6234 4660//4532
f 1566//1534 4663//4535 6430//6238 4667//4539
f 1566//1534 4667//4539 6433//6241 4668//4540
f 1566//1534 4668//4540 6434//6242 4669//4541
f 1566//1534 4669//4541 6431//6239 4663//4535
f 1567//1535 4665//4537 6431//6239 4669//4541
f 1567//1535 4669//4541 6434//6242 4670//4542
f 1567//1535 4670//4542 6432//6240 4671//4543
f 1567//1535 4671//4543 6429//6237 4665//4537
f 1568//1536 4668//4540 6433//6241 4672//4544
f 1568//1536 4672//4544 6339//6147 4515//4387
f 1568//1536 4515//4387 6341//6149 4673//4545
f 1568//1536 4673//4545 6434//6242 4668//4540
f 1569//1537 4670//4542 6434//6242 4673//4545
f 1569//1537 4673//4545 6341//6149 4519//4391
f 1569//1537 4519//4391 6340//6148 4674//4546
f 1569//1537 4674//4546 6432//6240 4670//4542
f 1570//1538 4675//4547 6244//6052 4361//4233
f 1570//1538 4361//4233 6246//6054 4676//4548
f 1570//1538 4676//4548 6343//6151 4516//4388
f 1570//1538 4516//4388 6339//6147 4675//4547
f 1571//1539 4801//4673 6026//5866 3961//3897
f 1571//1539 3961//3897 6027//5867 4044//3980
f 1571//1539 4044//3980 6461//6269 4803//4675
f 1571//1539 4803//4675 6465//6273 4801//4673
f 1572//1540 4800//4672 6037//5877 3972//3908
f 1572//1540 3972//3908 6038//5878 4042//3978
f 1572//1540 4042//3978 6459//6267 4804//4676
f 1572//1540 4804//4676 6464//6272 4800//4672
f 1573//1541 4799//4671 6048//5888 3983//3919
f 1573//1541 3983//3919 6049//5889 4040//3976
f 1573//1541 4040//3976 6457//6265 4805//4677
f 1573//1541 4805//4677 6463//6271 4799//4671
f 1574//1542 4798//4670 6028//5868 3963//3899
f 1574//1542 3963//3899 6029//5869 4038//3974
f 1574//1542 4038//3974 6455//6263 4806//4678
f 1574//1542 4806//4678 6462//6270 4798//4670
f 1575//1543 4796//4668 6039//5879 3974//3910
f 1575//1543 3974//3910 6040//5880 4036//3972
f 1575//1543 4036//3972 6453//6261 4807//4679
f 1575//1543 4807//4679 6460//6268 4796//4668
f 1576//1544 4794//4666 6050//5890 3985//3921
f 1576//1544 3985//3921 6019//5859 4049//3985
f 1576//1544 4049//3985 6466//6274 4808//4680
f 1576//1544 4808//4680 6458//6266 4794//4666
f 1577//1545 4792//4664 6030//5870 3965//3901
f 1577//1545 3965//3901 6031//5871 4034//3970
f 1577//1545 4034//3970 6451//6259 4809//4681
f 1577//1545 4809//4681 6456//6264 4792//4664
f 1578//1546 4049//3985 6019//5859 3954//3890
f 1578//1546 3954//3890 6020//5860 4032//3968
f 1578//1546 4032//3968 6449//6257 4810//4682
f 1578//1546 4810//4682 6466//6274 4049//3985
f 1579//1547 4790//4662 6041//5881 3976//3912
f 1579//1547 3976//3912 6042//5882 4030//3966
f 1579//1547 4030//3966 6447//6255 4811//4683
f 1579//1547 4811//4683 6454//6262 4790//4662
f 1580//1548 4788//4660 6032//5872 3967//3903
f 1580//1548 3967//3903 6033//5873 4028//3964
f 1580//1548 4028//3964 6445//6253 4812//4684
f 1580//1548 4812//4684 6452//6260 4788//4660
f 1581//1549 4786//4658 6021//5861 3956//3892
f 1581//1549 3956//3892 6022//5862 4026//3962
f 1581//1549 4026//3962 6443//6251 4813//4685
f 1581//1549 4813//4685 6450//6258 4786//4658
f 1582//1550 4784//4656 6043//5883 3978//3914
f 1582//1550 3978//3914 6044//5884 4024//3960
f 1582//1550 4024//3960 6441//6249 4814//4686
f 1582//1550 4814//4686 6448//6256 4784//4656
f 1583//1551 4782//4654 6034//5874 3969//3905
f 1583//1551 3969//3905 6035//5875 4020//3956
f 1583//1551 4020//3956 6437//6245 4815//4687
f 1583//1551 4815//4687 6446//6254 4782//4654
f 1584//1552 4780//4652 6023//5863 3958//3894
f 1584//1552 3958//3894 6024//5864 4022//3958
f 1584//1552 4022//3958 6439//6247 4816//4688
f 1584//1552 4816//4688 6444//6252 4780//4652
f 1585//1553 4778//4650 6045//5885 3980//3916
f 1585//1553 3980//3916 6046//5886 4018//3954
f 1585//1553 4018//3954 6435//6243 4817//4689
f 1585//1553 4817//4689 6442//6250 4778//4650
f 1586//1554 4776//4648 6025//5865 3960//3896
f 1586//1554 3960//3896 6026//5866 4801//4673
f 1586//1554 4801//4673 6465//6273 4818//4690
f 1586//1554 4818//4690 6440//6248 4776//4648
f 1587//1555 4774//4646 6036//5876 3971//3907
f 1587//1555 3971//3907 6037//5877 4800//4672
f 1587//1555 4800//4672 6464//6272 4819//4691
f 1587//1555 4819//4691 6438//6246 4774//4646
f 1588//1556 4772//4644 6047//5887 3982//3918
f 1588//1556 3982//3918 6048//5888 4799//4671
f 1588//1556 4799//4671 6463//6271 4820//4692
f 1588//1556 4820//4692 6436//6244 4772//4644
f 1589//1557 4044//3980 6027//5867 3962//3898
f 1589//1557 3962//3898 6028//5868 4798//4670
f 1589//1557 4798//4670 6462//6270 4821//4693
f 1589//1557 4821//4693 6461//6269 4044//3980
f 1590//1558 4042//3978 6038//5878 3973//3909
f 1590//1558 3973//3909 6039//5879 4796//4668
f 1590//1558 4796//4668 6460//6268 4822//4694
f 1590//1558 4822//4694 6459//6267 4042//3978
f 1591//1559 4040//3976 6049//5889 3984//3920
f 1591//1559 3984//3920 6050//5890 4794//4666
f 1591//1559 4794//4666 6458//6266 4823//4695
f 1591//1559 4823//4695 6457//6265 4040//3976
f 1592//1560 4038//3974 6029//5869 3964//3900
f 1592//1560 3964//3900 6030//5870 4792//4664
f 1592//1560 4792//4664 6456//6264 4824//4696
f 1592//1560 4824//4696 6455//6263 4038//3974
f 1593//1561 4036//3972 6040//5880 3975//3911
f 1593//1561 3975//3911 6041//5881 4790//4662
f 1593//1561 4790//4662 6454//6262 4825//4697
f 1593//1561 4825//4697 6453//6261 4036//3972
f 1594//1562 4034//3970 6031//5871 3966//3902
f 1594//1562 3966//3902 6032//5872 4788//4660
f 1594//1562 4788//4660 6452//6260 4826//4698
f 1594//1562 4826//4698 6451//6259 4034//3970
f 1595//1563 4032//3968 6020//5860 3955//3891
f 1595//1563 3955//3891 6021//5861 4786//4658
f 1595//1563 4786//4658 6450//6258 4827//4699
f 1595//1563 4827//4699 6449//6257 4032//3968
f 1596//1564 4030//3966 6042//5882 3977//3913
f 1596//1564 3977//3913 6043//5883 4784//4656
f 1596//1564 4784//4656 6448//6256 4828//4700
f 1596//1564 4828//4700 6447//6255 4030//3966
f 1597//1565 4028//3964 6033//5873 3968//3904
f 1597//1565 3968//3904 6034//5874 4782//4654
f 1597//1565 4782//4654 6446//6254 4829//4701
f 1597//1565 4829//4701 6445//6253 4028//3964
f 1598//1566 4026//3962 6022//5862 3957//3893
f 1598//1566 3957//3893 6023//5863 4780//4652
f 1598//1566 4780//4652 6444//6252 4830//4702
f 1598//1566 4830//4702 6443//6251 4026//3962
f 1599//1567 4024//3960 6044//5884 3979//3915
f 1599//1567 3979//3915 6045//5885 4778//4650
f 1599//1567 4778//4650 6442//6250 4831//4703
f 1599//1567 4831//4703 6441//6249 4024//3960
f 1600//1568 4022//3958 6024//5864 3959//3895
f 1600//1568 3959//3895 6025//5865 4776//4648
f 1600//1568 4776//4648 6440//6248 4832//4704
f 1600//1568 4832//4704 6439//6247 4022//3958
f 1601//1569 4020//3956 6035//5875 3970//3906
f 1601//1569 3970//3906 6036//5876 4774//4646
f 1601//1569 4774//4646 6438//6246 4833//4705
f 1601//1569 4833//4705 6437//6245 4020//3956
f 1602//1570 4018//3954 6046//5886 3981//3917
f 1602//1570 3981//3917 6047//5887 4772//4644
f 1602//1570 4772//4644 6436//6244 4834//4706
f 1602//1570 4834//4706 6435//6243 4018//3954
